type,href,parent,total_market_value,squad_size,average_age,foreigners_number,foreigners_percentage,national_team_players,stadium_name,stadium_seats,net_transfer_record,coach_name,coach_href,club_image_url,league_position,club_code,club_name,source_league,season_id,competition_code,competition_name,country_name,total_value,competition_type,league_total_market_value,foreigners_pct
club,/bayer-04-leverkusen/startseite/verein/15,"{'type': 'competition', 'country_id': '40', 'country_name': 'Germany', 'country_code': 'L1', 'total_clubs': '18', 'total_players': '517', 'average_age': '26.0', 'foreigner_percentage': '59.0 %', 'average_market_value': '\n', 'total_value': '€5.02bn', 'competition_type': 'first_tier', 'competition_name': 'Bundesliga', 'href': '/bundesliga/startseite/wettbewerb/L1', 'seasoned_href': 'https://www.transfermarkt.co.uk/bundesliga/startseite/wettbewerb/L1/plus/0?saison_id=2023'}",,27,26.6,21,77.8 %,14,BayArena,30210,31800000.0,Xabi Alonso,/xabi-alonso/profil/trainer/63052,https://tmssl.akamaized.net//images/wappen/head/15.png?lm=1710156317,,bayer-04-leverkusen,Bayer 04 Leverkusen,2023-bundesliga,2023,bundesliga,Bundesliga,Germany,€5.02bn,first_tier,5020000000.0,77.8
club,/tsg-1899-hoffenheim/startseite/verein/533,"{'type': 'competition', 'country_id': '40', 'country_name': 'Germany', 'country_code': 'L1', 'total_clubs': '18', 'total_players': '517', 'average_age': '26.0', 'foreigner_percentage': '59.0 %', 'average_market_value': '\n', 'total_value': '€5.02bn', 'competition_type': 'first_tier', 'competition_name': 'Bundesliga', 'href': '/bundesliga/startseite/wettbewerb/L1', 'seasoned_href': 'https://www.transfermarkt.co.uk/bundesliga/startseite/wettbewerb/L1/plus/0?saison_id=2023'}",,29,25.5,20,69.0 %,12,PreZero Arena,30150,1350000.0,Pellegrino Matarazzo,/pellegrino-matarazzo/profil/trainer/10906,https://tmssl.akamaized.net//images/wappen/head/533.png?lm=1675591766,,tsg-1899-hoffenheim,TSG 1899 Hoffenheim,2023-bundesliga,2023,bundesliga,Bundesliga,Germany,€5.02bn,first_tier,5020000000.0,69.0
club,/borussia-dortmund/startseite/verein/16,"{'type': 'competition', 'country_id': '40', 'country_name': 'Germany', 'country_code': 'L1', 'total_clubs': '18', 'total_players': '517', 'average_age': '26.0', 'foreigner_percentage': '59.0 %', 'average_market_value': '\n', 'total_value': '€5.02bn', 'competition_type': 'first_tier', 'competition_name': 'Bundesliga', 'href': '/bundesliga/startseite/wettbewerb/L1', 'seasoned_href': 'https://www.transfermarkt.co.uk/bundesliga/startseite/wettbewerb/L1/plus/0?saison_id=2023'}",,26,26.4,14,53.8 %,13,SIGNAL IDUNA PARK,81365,-23200000.0,Edin Terzic,/edin-terzic/profil/trainer/14226,https://tmssl.akamaized.net//images/wappen/head/16.png?lm=1396275280,,borussia-dortmund,Borussia Dortmund,2023-bundesliga,2023,bundesliga,Bundesliga,Germany,€5.02bn,first_tier,5020000000.0,53.8
club,/sc-freiburg/startseite/verein/60,"{'type': 'competition', 'country_id': '40', 'country_name': 'Germany', 'country_code': 'L1', 'total_clubs': '18', 'total_players': '517', 'average_age': '26.0', 'foreigner_percentage': '59.0 %', 'average_market_value': '\n', 'total_value': '€5.02bn', 'competition_type': 'first_tier', 'competition_name': 'Bundesliga', 'href': '/bundesliga/startseite/wettbewerb/L1', 'seasoned_href': 'https://www.transfermarkt.co.uk/bundesliga/startseite/wettbewerb/L1/plus/0?saison_id=2023'}",,25,28.1,9,36.0 %,5,Europa-Park Stadion,34700,-1150000.0,Christian Streich,/christian-streich/profil/trainer/2989,https://tmssl.akamaized.net//images/wappen/head/60.png?lm=1517249279,,sc-freiburg,SC Freiburg,2023-bundesliga,2023,bundesliga,Bundesliga,Germany,€5.02bn,first_tier,5020000000.0,36.0
club,/borussia-monchengladbach/startseite/verein/18,"{'type': 'competition', 'country_id': '40', 'country_name': 'Germany', 'country_code': 'L1', 'total_clubs': '18', 'total_players': '517', 'average_age': '26.0', 'foreigner_percentage': '59.0 %', 'average_market_value': '\n', 'total_value': '€5.02bn', 'competition_type': 'first_tier', 'competition_name': 'Bundesliga', 'href': '/bundesliga/startseite/wettbewerb/L1', 'seasoned_href': 'https://www.transfermarkt.co.uk/bundesliga/startseite/wettbewerb/L1/plus/0?saison_id=2023'}",,28,26.0,15,53.6 %,10,Stadion im Borussia-Park,54042,10650000.0,Gerardo Seoane,/gerardo-seoane/profil/trainer/23817,https://tmssl.akamaized.net//images/wappen/head/18.png?lm=1656585796,,borussia-monchengladbach,Borussia Mönchengladbach,2023-bundesliga,2023,bundesliga,Bundesliga,Germany,€5.02bn,first_tier,5020000000.0,53.6
club,/fc-bayern-munchen/startseite/verein/27,"{'type': 'competition', 'country_id': '40', 'country_name': 'Germany', 'country_code': 'L1', 'total_clubs': '18', 'total_players': '517', 'average_age': '26.0', 'foreigner_percentage': '59.0 %', 'average_market_value': '\n', 'total_value': '€5.02bn', 'competition_type': 'first_tier', 'competition_name': 'Bundesliga', 'href': '/bundesliga/startseite/wettbewerb/L1', 'seasoned_href': 'https://www.transfermarkt.co.uk/bundesliga/startseite/wettbewerb/L1/plus/0?saison_id=2023'}",,25,27.0,13,52.0 %,16,Allianz Arena,75000,12900000.0,Thomas Tuchel,/thomas-tuchel/profil/trainer/7471,https://tmssl.akamaized.net//images/wappen/head/27.png?lm=1729503608,,fc-bayern-munchen,Bayern Munich,2023-bundesliga,2023,bundesliga,Bundesliga,Germany,€5.02bn,first_tier,5020000000.0,52.0
club,/1-fsv-mainz-05/startseite/verein/39,"{'type': 'competition', 'country_id': '40', 'country_name': 'Germany', 'country_code': 'L1', 'total_clubs': '18', 'total_players': '517', 'average_age': '26.0', 'foreigner_percentage': '59.0 %', 'average_market_value': '\n', 'total_value': '€5.02bn', 'competition_type': 'first_tier', 'competition_name': 'Bundesliga', 'href': '/bundesliga/startseite/wettbewerb/L1', 'seasoned_href': 'https://www.transfermarkt.co.uk/bundesliga/startseite/wettbewerb/L1/plus/0?saison_id=2023'}",,31,27.3,15,48.4 %,11,Mewa Arena,33305,5730000.0,Bo Svensson,/bo-svensson/profil/trainer/35997,https://tmssl.akamaized.net//images/wappen/head/39.png?lm=1564748880,,1-fsv-mainz-05,1.FSV Mainz 05,2023-bundesliga,2023,bundesliga,Bundesliga,Germany,€5.02bn,first_tier,5020000000.0,48.4
club,/1-fc-union-berlin/startseite/verein/89,"{'type': 'competition', 'country_id': '40', 'country_name': 'Germany', 'country_code': 'L1', 'total_clubs': '18', 'total_players': '517', 'average_age': '26.0', 'foreigner_percentage': '59.0 %', 'average_market_value': '\n', 'total_value': '€5.02bn', 'competition_type': 'first_tier', 'competition_name': 'Bundesliga', 'href': '/bundesliga/startseite/wettbewerb/L1', 'seasoned_href': 'https://www.transfermarkt.co.uk/bundesliga/startseite/wettbewerb/L1/plus/0?saison_id=2023'}",,26,27.1,17,65.4 %,8,Stadion An der Alten Försterei,22012,300000.0,Urs Fischer,/urs-fischer/profil/trainer/5965,https://tmssl.akamaized.net//images/wappen/head/89.png?lm=1402956210,,1-fc-union-berlin,1.FC Union Berlin,2023-bundesliga,2023,bundesliga,Bundesliga,Germany,€5.02bn,first_tier,5020000000.0,65.4
club,/fc-augsburg/startseite/verein/167,"{'type': 'competition', 'country_id': '40', 'country_name': 'Germany', 'country_code': 'L1', 'total_clubs': '18', 'total_players': '517', 'average_age': '26.0', 'foreigner_percentage': '59.0 %', 'average_market_value': '\n', 'total_value': '€5.02bn', 'competition_type': 'first_tier', 'competition_name': 'Bundesliga', 'href': '/bundesliga/startseite/wettbewerb/L1', 'seasoned_href': 'https://www.transfermarkt.co.uk/bundesliga/startseite/wettbewerb/L1/plus/0?saison_id=2023'}",,29,25.6,19,65.5 %,9,WWK ARENA,30660,-8250000.0,Enrico Maaßen,/enrico-maassen/profil/trainer/35442,https://tmssl.akamaized.net//images/wappen/head/167.png?lm=1656582897,,fc-augsburg,FC Augsburg,2023-bundesliga,2023,bundesliga,Bundesliga,Germany,€5.02bn,first_tier,5020000000.0,65.5
club,/rasenballsport-leipzig/startseite/verein/23826,"{'type': 'competition', 'country_id': '40', 'country_name': 'Germany', 'country_code': 'L1', 'total_clubs': '18', 'total_players': '517', 'average_age': '26.0', 'foreigner_percentage': '59.0 %', 'average_market_value': '\n', 'total_value': '€5.02bn', 'competition_type': 'first_tier', 'competition_name': 'Bundesliga', 'href': '/bundesliga/startseite/wettbewerb/L1', 'seasoned_href': 'https://www.transfermarkt.co.uk/bundesliga/startseite/wettbewerb/L1/plus/0?saison_id=2023'}",,30,23.7,20,66.7 %,12,Red Bull Arena,47069,38050000.0,Marco Rose,/marco-rose/profil/trainer/24197,https://tmssl.akamaized.net//images/wappen/head/23826.png?lm=1619431624,,rasenballsport-leipzig,RB Leipzig,2023-bundesliga,2023,bundesliga,Bundesliga,Germany,€5.02bn,first_tier,5020000000.0,66.7
club,/1-fc-koln/startseite/verein/3,"{'type': 'competition', 'country_id': '40', 'country_name': 'Germany', 'country_code': 'L1', 'total_clubs': '18', 'total_players': '517', 'average_age': '26.0', 'foreigner_percentage': '59.0 %', 'average_market_value': '\n', 'total_value': '€5.02bn', 'competition_type': 'first_tier', 'competition_name': 'Bundesliga', 'href': '/bundesliga/startseite/wettbewerb/L1', 'seasoned_href': 'https://www.transfermarkt.co.uk/bundesliga/startseite/wettbewerb/L1/plus/0?saison_id=2023'}",,30,25.9,12,40.0 %,6,RheinEnergieSTADION,50000,-12130000.0,Steffen Baumgart,/steffen-baumgart/profil/trainer/9622,https://tmssl.akamaized.net//images/wappen/head/3.png?lm=1656580823,,1-fc-koln,1.FC Köln,2023-bundesliga,2023,bundesliga,Bundesliga,Germany,€5.02bn,first_tier,5020000000.0,40.0
club,/1-fc-heidenheim-1846/startseite/verein/2036,"{'type': 'competition', 'country_id': '40', 'country_name': 'Germany', 'country_code': 'L1', 'total_clubs': '18', 'total_players': '517', 'average_age': '26.0', 'foreigner_percentage': '59.0 %', 'average_market_value': '\n', 'total_value': '€5.02bn', 'competition_type': 'first_tier', 'competition_name': 'Bundesliga', 'href': '/bundesliga/startseite/wettbewerb/L1', 'seasoned_href': 'https://www.transfermarkt.co.uk/bundesliga/startseite/wettbewerb/L1/plus/0?saison_id=2023'}",,29,26.4,7,24.1 %,3,Voith-Arena,15000,7500000.0,Frank Schmidt,/frank-schmidt/profil/trainer/6416,https://tmssl.akamaized.net//images/wappen/head/2036.png?lm=1685457789,,1-fc-heidenheim-1846,1.FC Heidenheim 1846,2023-bundesliga,2023,bundesliga,Bundesliga,Germany,€5.02bn,first_tier,5020000000.0,24.1
club,/vfl-wolfsburg/startseite/verein/82,"{'type': 'competition', 'country_id': '40', 'country_name': 'Germany', 'country_code': 'L1', 'total_clubs': '18', 'total_players': '517', 'average_age': '26.0', 'foreigner_percentage': '59.0 %', 'average_market_value': '\n', 'total_value': '€5.02bn', 'competition_type': 'first_tier', 'competition_name': 'Bundesliga', 'href': '/bundesliga/startseite/wettbewerb/L1', 'seasoned_href': 'https://www.transfermarkt.co.uk/bundesliga/startseite/wettbewerb/L1/plus/0?saison_id=2023'}",,33,25.5,24,72.7 %,14,Volkswagen Arena,28917,-30980000.0,Niko Kovac,/niko-kovac/profil/trainer/10463,https://tmssl.akamaized.net//images/wappen/head/82.png?lm=1778348110,,vfl-wolfsburg,VfL Wolfsburg,2023-bundesliga,2023,bundesliga,Bundesliga,Germany,€5.02bn,first_tier,5020000000.0,72.7
club,/vfl-bochum/startseite/verein/80,"{'type': 'competition', 'country_id': '40', 'country_name': 'Germany', 'country_code': 'L1', 'total_clubs': '18', 'total_players': '517', 'average_age': '26.0', 'foreigner_percentage': '59.0 %', 'average_market_value': '\n', 'total_value': '€5.02bn', 'competition_type': 'first_tier', 'competition_name': 'Bundesliga', 'href': '/bundesliga/startseite/wettbewerb/L1', 'seasoned_href': 'https://www.transfermarkt.co.uk/bundesliga/startseite/wettbewerb/L1/plus/0?saison_id=2023'}",,29,25.7,9,31.0 %,3,Vonovia Ruhrstadion,26000,5900000.0,Thomas Letsch,/thomas-letsch/profil/trainer/335,https://tmssl.akamaized.net//images/wappen/head/80.png?lm=1656583090,,vfl-bochum,VfL Bochum,2023-bundesliga,2023,bundesliga,Bundesliga,Germany,€5.02bn,first_tier,5020000000.0,31.0
club,/vfb-stuttgart/startseite/verein/79,"{'type': 'competition', 'country_id': '40', 'country_name': 'Germany', 'country_code': 'L1', 'total_clubs': '18', 'total_players': '517', 'average_age': '26.0', 'foreigner_percentage': '59.0 %', 'average_market_value': '\n', 'total_value': '€5.02bn', 'competition_type': 'first_tier', 'competition_name': 'Bundesliga', 'href': '/bundesliga/startseite/wettbewerb/L1', 'seasoned_href': 'https://www.transfermarkt.co.uk/bundesliga/startseite/wettbewerb/L1/plus/0?saison_id=2023'}",,30,24.9,14,46.7 %,14,MHPArena Stuttgart,60449,57050000.0,Sebastian Hoeneß,/sebastian-hoeness/profil/trainer/20940,https://tmssl.akamaized.net//images/wappen/head/79.png?lm=1680587427,,vfb-stuttgart,VfB Stuttgart,2023-bundesliga,2023,bundesliga,Bundesliga,Germany,€5.02bn,first_tier,5020000000.0,46.7
club,/eintracht-frankfurt/startseite/verein/24,"{'type': 'competition', 'country_id': '40', 'country_name': 'Germany', 'country_code': 'L1', 'total_clubs': '18', 'total_players': '517', 'average_age': '26.0', 'foreigner_percentage': '59.0 %', 'average_market_value': '\n', 'total_value': '€5.02bn', 'competition_type': 'first_tier', 'competition_name': 'Bundesliga', 'href': '/bundesliga/startseite/wettbewerb/L1', 'seasoned_href': 'https://www.transfermarkt.co.uk/bundesliga/startseite/wettbewerb/L1/plus/0?saison_id=2023'}",,29,25.6,19,65.5 %,13,Deutsche Bank Park,59500,53400000.0,Dino Toppmöller,/dino-toppmoller/profil/trainer/14861,https://tmssl.akamaized.net//images/wappen/head/24.png?lm=1700074979,,eintracht-frankfurt,Eintracht Frankfurt,2023-bundesliga,2023,bundesliga,Bundesliga,Germany,€5.02bn,first_tier,5020000000.0,65.5
club,/sv-darmstadt-98/startseite/verein/105,"{'type': 'competition', 'country_id': '40', 'country_name': 'Germany', 'country_code': 'L1', 'total_clubs': '18', 'total_players': '517', 'average_age': '26.0', 'foreigner_percentage': '59.0 %', 'average_market_value': '\n', 'total_value': '€5.02bn', 'competition_type': 'first_tier', 'competition_name': 'Bundesliga', 'href': '/bundesliga/startseite/wettbewerb/L1', 'seasoned_href': 'https://www.transfermarkt.co.uk/bundesliga/startseite/wettbewerb/L1/plus/0?saison_id=2023'}",,27,26.8,13,48.1 %,3,Merck-Stadion am Böllenfalltor,17810,2550000.0,Torsten Lieberknecht,/torsten-lieberknecht/profil/trainer/5236,https://tmssl.akamaized.net//images/wappen/head/105.png?lm=1501493517,,sv-darmstadt-98,SV Darmstadt 98,2023-bundesliga,2023,bundesliga,Bundesliga,Germany,€5.02bn,first_tier,5020000000.0,48.1
club,/sv-werder-bremen/startseite/verein/86,"{'type': 'competition', 'country_id': '40', 'country_name': 'Germany', 'country_code': 'L1', 'total_clubs': '18', 'total_players': '517', 'average_age': '26.0', 'foreigner_percentage': '59.0 %', 'average_market_value': '\n', 'total_value': '€5.02bn', 'competition_type': 'first_tier', 'competition_name': 'Bundesliga', 'href': '/bundesliga/startseite/wettbewerb/L1', 'seasoned_href': 'https://www.transfermarkt.co.uk/bundesliga/startseite/wettbewerb/L1/plus/0?saison_id=2023'}",,30,25.4,18,60.0 %,10,Weserstadion,41800,-2150000.0,Ole Werner,/ole-werner/profil/trainer/34514,https://tmssl.akamaized.net//images/wappen/head/86.png?lm=1403082298,,sv-werder-bremen,SV Werder Bremen,2023-bundesliga,2023,bundesliga,Bundesliga,Germany,€5.02bn,first_tier,5020000000.0,60.0
club,/kvc-westerlo/startseite/verein/968,"{'type': 'competition', 'country_id': '19', 'country_name': 'Belgium', 'country_code': 'BE1', 'total_clubs': '16', 'total_players': '452', 'average_age': '24.6', 'foreigner_percentage': '62.4 %', 'average_market_value': None, 'total_value': '€1.05bn', 'competition_type': 'first_tier', 'competition_name': 'Jupiler Pro League', 'href': '/jupiler-pro-league/startseite/wettbewerb/BE1', 'seasoned_href': 'https://www.transfermarkt.co.uk/jupiler-pro-league/startseite/wettbewerb/BE1/plus/0?saison_id=2023'}",,29,23.7,20,69.0 %,3,Het Kuipje,9062,13680000.0,Jonas De Roeck,/jonas-de-roeck/profil/trainer/53051,https://tmssl.akamaized.net//images/wappen/head/968.png?lm=1715694370,,kvc-westerlo,KVC Westerlo,2023-jupiler-pro-league,2023,jupiler-pro-league,Jupiler Pro League,Belgium,€1.05bn,first_tier,1050000000.0,69.0
club,/oud-heverlee-leuven/startseite/verein/2727,"{'type': 'competition', 'country_id': '19', 'country_name': 'Belgium', 'country_code': 'BE1', 'total_clubs': '16', 'total_players': '452', 'average_age': '24.6', 'foreigner_percentage': '62.4 %', 'average_market_value': None, 'total_value': '€1.05bn', 'competition_type': 'first_tier', 'competition_name': 'Jupiler Pro League', 'href': '/jupiler-pro-league/startseite/wettbewerb/BE1', 'seasoned_href': 'https://www.transfermarkt.co.uk/jupiler-pro-league/startseite/wettbewerb/BE1/plus/0?saison_id=2023'}",,28,25.9,14,50.0 %,1,King Power at Den Dreef Stadion,9809,14450000.0,Marc Brys,/marc-brys/profil/trainer/1010,https://tmssl.akamaized.net//images/wappen/head/2727.png?lm=1723796027,,oud-heverlee-leuven,Oud-Heverlee Leuven,2023-jupiler-pro-league,2023,jupiler-pro-league,Jupiler Pro League,Belgium,€1.05bn,first_tier,1050000000.0,50.0
club,/rsc-anderlecht/startseite/verein/58,"{'type': 'competition', 'country_id': '19', 'country_name': 'Belgium', 'country_code': 'BE1', 'total_clubs': '16', 'total_players': '452', 'average_age': '24.6', 'foreigner_percentage': '62.4 %', 'average_market_value': None, 'total_value': '€1.05bn', 'competition_type': 'first_tier', 'competition_name': 'Jupiler Pro League', 'href': '/jupiler-pro-league/startseite/wettbewerb/BE1', 'seasoned_href': 'https://www.transfermarkt.co.uk/jupiler-pro-league/startseite/wettbewerb/BE1/plus/0?saison_id=2023'}",,30,24.5,20,66.7 %,6,Lotto Park,21900,14190000.0,Brian Riemer,/brian-riemer/profil/trainer/8264,https://tmssl.akamaized.net//images/wappen/head/58.png?lm=1718695206,,rsc-anderlecht,RSC Anderlecht,2023-jupiler-pro-league,2023,jupiler-pro-league,Jupiler Pro League,Belgium,€1.05bn,first_tier,1050000000.0,66.7
club,/royal-antwerpen-fc/startseite/verein/1096,"{'type': 'competition', 'country_id': '19', 'country_name': 'Belgium', 'country_code': 'BE1', 'total_clubs': '16', 'total_players': '452', 'average_age': '24.6', 'foreigner_percentage': '62.4 %', 'average_market_value': None, 'total_value': '€1.05bn', 'competition_type': 'first_tier', 'competition_name': 'Jupiler Pro League', 'href': '/jupiler-pro-league/startseite/wettbewerb/BE1', 'seasoned_href': 'https://www.transfermarkt.co.uk/jupiler-pro-league/startseite/wettbewerb/BE1/plus/0?saison_id=2023'}",,31,24.5,17,54.8 %,5,Bosuilstadion,21000,42750000.0,Mark van Bommel,/mark-van-bommel/profil/trainer/33479,https://tmssl.akamaized.net//images/wappen/head/1096.png?lm=1623758865,,royal-antwerpen-fc,Royal Antwerp FC,2023-jupiler-pro-league,2023,jupiler-pro-league,Jupiler Pro League,Belgium,€1.05bn,first_tier,1050000000.0,54.8
club,/kaa-gent/startseite/verein/157,"{'type': 'competition', 'country_id': '19', 'country_name': 'Belgium', 'country_code': 'BE1', 'total_clubs': '16', 'total_players': '452', 'average_age': '24.6', 'foreigner_percentage': '62.4 %', 'average_market_value': None, 'total_value': '€1.05bn', 'competition_type': 'first_tier', 'competition_name': 'Jupiler Pro League', 'href': '/jupiler-pro-league/startseite/wettbewerb/BE1', 'seasoned_href': 'https://www.transfermarkt.co.uk/jupiler-pro-league/startseite/wettbewerb/BE1/plus/0?saison_id=2023'}",,29,24.3,17,58.6 %,7,Planet Group arena,20185,17850000.0,Hein Vanhaezebrouck,/hein-vanhaezebrouck/profil/trainer/14472,https://tmssl.akamaized.net//images/wappen/head/157.png?lm=1715694765,,kaa-gent,KAA Gent,2023-jupiler-pro-league,2023,jupiler-pro-league,Jupiler Pro League,Belgium,€1.05bn,first_tier,1050000000.0,58.6
club,/royale-union-saint-gilloise/startseite/verein/3948,"{'type': 'competition', 'country_id': '19', 'country_name': 'Belgium', 'country_code': 'BE1', 'total_clubs': '16', 'total_players': '452', 'average_age': '24.6', 'foreigner_percentage': '62.4 %', 'average_market_value': None, 'total_value': '€1.05bn', 'competition_type': 'first_tier', 'competition_name': 'Jupiler Pro League', 'href': '/jupiler-pro-league/startseite/wettbewerb/BE1', 'seasoned_href': 'https://www.transfermarkt.co.uk/jupiler-pro-league/startseite/wettbewerb/BE1/plus/0?saison_id=2023'}",,27,25.2,18,66.7 %,9,Stade Joseph Mariën,9512,48460000.0,Alexander Blessin,/alexander-blessin/profil/trainer/26099,https://tmssl.akamaized.net//images/wappen/head/3948.png?lm=1624390507,,royale-union-saint-gilloise,Union Saint-Gilloise,2023-jupiler-pro-league,2023,jupiler-pro-league,Jupiler Pro League,Belgium,€1.05bn,first_tier,1050000000.0,66.7
club,/cercle-brugge/startseite/verein/520,"{'type': 'competition', 'country_id': '19', 'country_name': 'Belgium', 'country_code': 'BE1', 'total_clubs': '16', 'total_players': '452', 'average_age': '24.6', 'foreigner_percentage': '62.4 %', 'average_market_value': None, 'total_value': '€1.05bn', 'competition_type': 'first_tier', 'competition_name': 'Jupiler Pro League', 'href': '/jupiler-pro-league/startseite/wettbewerb/BE1', 'seasoned_href': 'https://www.transfermarkt.co.uk/jupiler-pro-league/startseite/wettbewerb/BE1/plus/0?saison_id=2023'}",,26,23.3,18,69.2 %,3,Jan Breydelstadion,29062,10450000.0,Miron Muslic,/miron-muslic/profil/trainer/55100,https://tmssl.akamaized.net//images/wappen/head/520.png?lm=1713864588,,cercle-brugge,Cercle Brugge,2023-jupiler-pro-league,2023,jupiler-pro-league,Jupiler Pro League,Belgium,€1.05bn,first_tier,1050000000.0,69.2
club,/standard-luttich/startseite/verein/3057,"{'type': 'competition', 'country_id': '19', 'country_name': 'Belgium', 'country_code': 'BE1', 'total_clubs': '16', 'total_players': '452', 'average_age': '24.6', 'foreigner_percentage': '62.4 %', 'average_market_value': None, 'total_value': '€1.05bn', 'competition_type': 'first_tier', 'competition_name': 'Jupiler Pro League', 'href': '/jupiler-pro-league/startseite/wettbewerb/BE1', 'seasoned_href': 'https://www.transfermarkt.co.uk/jupiler-pro-league/startseite/wettbewerb/BE1/plus/0?saison_id=2023'}",,31,26.3,21,67.7 %,5,Maurice Dufrasne Stadion,27221,400000.0,Carl Hoefkens,/carl-hoefkens/profil/trainer/58865,https://tmssl.akamaized.net//images/wappen/head/3057.png?lm=1719832545,,standard-luttich,Standard Liège,2023-jupiler-pro-league,2023,jupiler-pro-league,Jupiler Pro League,Belgium,€1.05bn,first_tier,1050000000.0,67.7
club,/fc-brugge/startseite/verein/2282,"{'type': 'competition', 'country_id': '19', 'country_name': 'Belgium', 'country_code': 'BE1', 'total_clubs': '16', 'total_players': '452', 'average_age': '24.6', 'foreigner_percentage': '62.4 %', 'average_market_value': None, 'total_value': '€1.05bn', 'competition_type': 'first_tier', 'competition_name': 'Jupiler Pro League', 'href': '/jupiler-pro-league/startseite/wettbewerb/BE1', 'seasoned_href': 'https://www.transfermarkt.co.uk/jupiler-pro-league/startseite/wettbewerb/BE1/plus/0?saison_id=2023'}",,28,24.2,16,57.1 %,12,Jan Breydelstadion,29062,49000000.0,Ronny Deila,/ronny-deila/profil/trainer/7537,https://tmssl.akamaized.net//images/wappen/head/2282.png?lm=1716279106,,fc-brugge,Club Brugge KV,2023-jupiler-pro-league,2023,jupiler-pro-league,Jupiler Pro League,Belgium,€1.05bn,first_tier,1050000000.0,57.1
club,/kv-mechelen/startseite/verein/354,"{'type': 'competition', 'country_id': '19', 'country_name': 'Belgium', 'country_code': 'BE1', 'total_clubs': '16', 'total_players': '452', 'average_age': '24.6', 'foreigner_percentage': '62.4 %', 'average_market_value': None, 'total_value': '€1.05bn', 'competition_type': 'first_tier', 'competition_name': 'Jupiler Pro League', 'href': '/jupiler-pro-league/startseite/wettbewerb/BE1', 'seasoned_href': 'https://www.transfermarkt.co.uk/jupiler-pro-league/startseite/wettbewerb/BE1/plus/0?saison_id=2023'}",,29,23.4,19,65.5 %,5,Achter de Kazerne,16672,5630000.0,Steven Defour,/steven-defour/profil/trainer/94448,https://tmssl.akamaized.net//images/wappen/head/354.png?lm=1693258903,,kv-mechelen,KV Mechelen,2023-jupiler-pro-league,2023,jupiler-pro-league,Jupiler Pro League,Belgium,€1.05bn,first_tier,1050000000.0,65.5
club,/rsc-charleroi/startseite/verein/172,"{'type': 'competition', 'country_id': '19', 'country_name': 'Belgium', 'country_code': 'BE1', 'total_clubs': '16', 'total_players': '452', 'average_age': '24.6', 'foreigner_percentage': '62.4 %', 'average_market_value': None, 'total_value': '€1.05bn', 'competition_type': 'first_tier', 'competition_name': 'Jupiler Pro League', 'href': '/jupiler-pro-league/startseite/wettbewerb/BE1', 'seasoned_href': 'https://www.transfermarkt.co.uk/jupiler-pro-league/startseite/wettbewerb/BE1/plus/0?saison_id=2023'}",,27,24.7,17,63.0 %,6,Stade du Pays de Charleroi,14968,12960000.0,Felice Mazzù,/felice-mazzu/profil/trainer/7843,https://tmssl.akamaized.net//images/wappen/head/172.png?lm=1448474590,,rsc-charleroi,Royal Charleroi SC,2023-jupiler-pro-league,2023,jupiler-pro-league,Jupiler Pro League,Belgium,€1.05bn,first_tier,1050000000.0,63.0
club,/vv-st-truiden/startseite/verein/475,"{'type': 'competition', 'country_id': '19', 'country_name': 'Belgium', 'country_code': 'BE1', 'total_clubs': '16', 'total_players': '452', 'average_age': '24.6', 'foreigner_percentage': '62.4 %', 'average_market_value': None, 'total_value': '€1.05bn', 'competition_type': 'first_tier', 'competition_name': 'Jupiler Pro League', 'href': '/jupiler-pro-league/startseite/wettbewerb/BE1', 'seasoned_href': 'https://www.transfermarkt.co.uk/jupiler-pro-league/startseite/wettbewerb/BE1/plus/0?saison_id=2023'}",,26,25.5,18,69.2 %,4,Daio Wasabi Stayen Stadium,11337,6200000.0,Thorsten Fink,/thorsten-fink/profil/trainer/3770,https://tmssl.akamaized.net//images/wappen/head/475.png?lm=1448474474,,vv-st-truiden,Sint-Truidense VV,2023-jupiler-pro-league,2023,jupiler-pro-league,Jupiler Pro League,Belgium,€1.05bn,first_tier,1050000000.0,69.2
club,/kv-kortrijk/startseite/verein/601,"{'type': 'competition', 'country_id': '19', 'country_name': 'Belgium', 'country_code': 'BE1', 'total_clubs': '16', 'total_players': '452', 'average_age': '24.6', 'foreigner_percentage': '62.4 %', 'average_market_value': None, 'total_value': '€1.05bn', 'competition_type': 'first_tier', 'competition_name': 'Jupiler Pro League', 'href': '/jupiler-pro-league/startseite/wettbewerb/BE1', 'seasoned_href': 'https://www.transfermarkt.co.uk/jupiler-pro-league/startseite/wettbewerb/BE1/plus/0?saison_id=2023'}",,27,25.2,14,51.9 %,3,Guldensporenstadion,9399,4000000.0,Edward Still,/edward-still/profil/trainer/54039,https://tmssl.akamaized.net//images/wappen/head/601.png?lm=1534260191,,kv-kortrijk,KV Kortrijk,2023-jupiler-pro-league,2023,jupiler-pro-league,Jupiler Pro League,Belgium,€1.05bn,first_tier,1050000000.0,51.9
club,/kas-eupen/startseite/verein/1245,"{'type': 'competition', 'country_id': '19', 'country_name': 'Belgium', 'country_code': 'BE1', 'total_clubs': '16', 'total_players': '452', 'average_age': '24.6', 'foreigner_percentage': '62.4 %', 'average_market_value': None, 'total_value': '€1.05bn', 'competition_type': 'first_tier', 'competition_name': 'Jupiler Pro League', 'href': '/jupiler-pro-league/startseite/wettbewerb/BE1', 'seasoned_href': 'https://www.transfermarkt.co.uk/jupiler-pro-league/startseite/wettbewerb/BE1/plus/0?saison_id=2023'}",,31,25.2,20,64.5 %,1,Kehrweg-Stadion,8363,-0.0,Florian Kohfeldt,/florian-kohfeldt/profil/trainer/16013,https://tmssl.akamaized.net//images/wappen/head/1245.png?lm=1464260524,,kas-eupen,KAS Eupen,2023-jupiler-pro-league,2023,jupiler-pro-league,Jupiler Pro League,Belgium,€1.05bn,first_tier,1050000000.0,64.5
club,/rwd-molenbeek/startseite/verein/54189,"{'type': 'competition', 'country_id': '19', 'country_name': 'Belgium', 'country_code': 'BE1', 'total_clubs': '16', 'total_players': '452', 'average_age': '24.6', 'foreigner_percentage': '62.4 %', 'average_market_value': None, 'total_value': '€1.05bn', 'competition_type': 'first_tier', 'competition_name': 'Jupiler Pro League', 'href': '/jupiler-pro-league/startseite/wettbewerb/BE1', 'seasoned_href': 'https://www.transfermarkt.co.uk/jupiler-pro-league/startseite/wettbewerb/BE1/plus/0?saison_id=2023'}",,25,23.6,16,64.0 %,3,Edmond Machtensstadion,8090,2930000.0,Vincent Euvrard,/vincent-euvrard/profil/trainer/44033,https://tmssl.akamaized.net//images/wappen/head/54189.png?lm=1753258955,,rwd-molenbeek,RWDM Brussels,2023-jupiler-pro-league,2023,jupiler-pro-league,Jupiler Pro League,Belgium,€1.05bn,first_tier,1050000000.0,64.0
club,/krc-genk/startseite/verein/1184,"{'type': 'competition', 'country_id': '19', 'country_name': 'Belgium', 'country_code': 'BE1', 'total_clubs': '16', 'total_players': '452', 'average_age': '24.6', 'foreigner_percentage': '62.4 %', 'average_market_value': None, 'total_value': '€1.05bn', 'competition_type': 'first_tier', 'competition_name': 'Jupiler Pro League', 'href': '/jupiler-pro-league/startseite/wettbewerb/BE1', 'seasoned_href': 'https://www.transfermarkt.co.uk/jupiler-pro-league/startseite/wettbewerb/BE1/plus/0?saison_id=2023'}",,27,23.7,14,51.9 %,8,Cegeka Arena,23718,41300000.0,Wouter Vrancken,/wouter-vrancken/profil/trainer/49546,https://tmssl.akamaized.net//images/wappen/head/1184.png?lm=1717666245,,krc-genk,KRC Genk,2023-jupiler-pro-league,2023,jupiler-pro-league,Jupiler Pro League,Belgium,€1.05bn,first_tier,1050000000.0,51.9
club,/fc-girona/startseite/verein/12321,"{'type': 'competition', 'country_id': '157', 'country_name': 'Spain', 'country_code': 'ES1', 'total_clubs': '20', 'total_players': '520', 'average_age': '27.5', 'foreigner_percentage': '43.8 %', 'average_market_value': None, 'total_value': '€5.63bn', 'competition_type': 'first_tier', 'competition_name': 'LaLiga', 'href': '/laliga/startseite/wettbewerb/ES1', 'seasoned_href': 'https://www.transfermarkt.co.uk/laliga/startseite/wettbewerb/ES1/plus/0?saison_id=2023'}",,27,28.7,14,51.9 %,6,Montilivi,14624,29150000.0,Míchel,/michel/profil/trainer/33636,https://tmssl.akamaized.net//images/wappen/head/12321.png?lm=1730455718,,fc-girona,Girona FC,2023-laliga,2023,laliga,LaLiga,Spain,€5.63bn,first_tier,5630000000.0,51.9
club,/fc-barcelona/startseite/verein/131,"{'type': 'competition', 'country_id': '157', 'country_name': 'Spain', 'country_code': 'ES1', 'total_clubs': '20', 'total_players': '520', 'average_age': '27.5', 'foreigner_percentage': '43.8 %', 'average_market_value': None, 'total_value': '€5.63bn', 'competition_type': 'first_tier', 'competition_name': 'LaLiga', 'href': '/laliga/startseite/wettbewerb/ES1', 'seasoned_href': 'https://www.transfermarkt.co.uk/laliga/startseite/wettbewerb/ES1/plus/0?saison_id=2023'}",,24,25.8,11,45.8 %,17,Spotify Camp Nou,62657,3700000.0,Xavi,/xavi/profil/trainer/59876,https://tmssl.akamaized.net//images/wappen/head/131.png?lm=1406739548,,fc-barcelona,FC Barcelona,2023-laliga,2023,laliga,LaLiga,Spain,€5.63bn,first_tier,5630000000.0,45.8
club,/real-betis-sevilla/startseite/verein/150,"{'type': 'competition', 'country_id': '157', 'country_name': 'Spain', 'country_code': 'ES1', 'total_clubs': '20', 'total_players': '520', 'average_age': '27.5', 'foreigner_percentage': '43.8 %', 'average_market_value': None, 'total_value': '€5.63bn', 'competition_type': 'first_tier', 'competition_name': 'LaLiga', 'href': '/laliga/startseite/wettbewerb/ES1', 'seasoned_href': 'https://www.transfermarkt.co.uk/laliga/startseite/wettbewerb/ES1/plus/0?saison_id=2023'}",,27,29.2,13,48.1 %,11,La Cartuja,70000,-875000.0,Manuel Pellegrini,/manuel-pellegrini/profil/trainer/1558,https://tmssl.akamaized.net//images/wappen/head/150.png?lm=1663358526,,real-betis-sevilla,Real Betis Balompié,2023-laliga,2023,laliga,LaLiga,Spain,€5.63bn,first_tier,5630000000.0,48.1
club,/athletic-bilbao/startseite/verein/621,"{'type': 'competition', 'country_id': '157', 'country_name': 'Spain', 'country_code': 'ES1', 'total_clubs': '20', 'total_players': '520', 'average_age': '27.5', 'foreigner_percentage': '43.8 %', 'average_market_value': None, 'total_value': '€5.63bn', 'competition_type': 'first_tier', 'competition_name': 'LaLiga', 'href': '/laliga/startseite/wettbewerb/ES1', 'seasoned_href': 'https://www.transfermarkt.co.uk/laliga/startseite/wettbewerb/ES1/plus/0?saison_id=2023'}",,28,27.2,3,10.7 %,6,San Mamés,53289,-17800000.0,Ernesto Valverde,/ernesto-valverde/profil/trainer/1559,https://tmssl.akamaized.net//images/wappen/head/621.png?lm=1695069038,,athletic-bilbao,Athletic Bilbao,2023-laliga,2023,laliga,LaLiga,Spain,€5.63bn,first_tier,5630000000.0,10.7
club,/fc-villarreal/startseite/verein/1050,"{'type': 'competition', 'country_id': '157', 'country_name': 'Spain', 'country_code': 'ES1', 'total_clubs': '20', 'total_players': '520', 'average_age': '27.5', 'foreigner_percentage': '43.8 %', 'average_market_value': None, 'total_value': '€5.63bn', 'competition_type': 'first_tier', 'competition_name': 'LaLiga', 'href': '/laliga/startseite/wettbewerb/ES1', 'seasoned_href': 'https://www.transfermarkt.co.uk/laliga/startseite/wettbewerb/ES1/plus/0?saison_id=2023'}",,27,26.5,13,48.1 %,10,La Cerámica,23500,2500000.0,Quique Setién,/quique-setien/profil/trainer/12440,https://tmssl.akamaized.net//images/wappen/head/1050.png?lm=1408655310,,fc-villarreal,Villarreal CF,2023-laliga,2023,laliga,LaLiga,Spain,€5.63bn,first_tier,5630000000.0,48.1
club,/atletico-madrid/startseite/verein/13,"{'type': 'competition', 'country_id': '157', 'country_name': 'Spain', 'country_code': 'ES1', 'total_clubs': '20', 'total_players': '520', 'average_age': '27.5', 'foreigner_percentage': '43.8 %', 'average_market_value': None, 'total_value': '€5.63bn', 'competition_type': 'first_tier', 'competition_name': 'LaLiga', 'href': '/laliga/startseite/wettbewerb/ES1', 'seasoned_href': 'https://www.transfermarkt.co.uk/laliga/startseite/wettbewerb/ES1/plus/0?saison_id=2023'}",,23,27.7,16,69.6 %,18,Riyadh Air Metropolitano,70460,-84450000.0,Diego Simeone,/diego-simeone/profil/trainer/2868,https://tmssl.akamaized.net//images/wappen/head/13.png?lm=1719915566,,atletico-madrid,Atlético de Madrid,2023-laliga,2023,laliga,LaLiga,Spain,€5.63bn,first_tier,5630000000.0,69.6
club,/real-sociedad-san-sebastian/startseite/verein/681,"{'type': 'competition', 'country_id': '157', 'country_name': 'Spain', 'country_code': 'ES1', 'total_clubs': '20', 'total_players': '520', 'average_age': '27.5', 'foreigner_percentage': '43.8 %', 'average_market_value': None, 'total_value': '€5.63bn', 'competition_type': 'first_tier', 'competition_name': 'LaLiga', 'href': '/laliga/startseite/wettbewerb/ES1', 'seasoned_href': 'https://www.transfermarkt.co.uk/laliga/startseite/wettbewerb/ES1/plus/0?saison_id=2023'}",,25,26.2,9,36.0 %,11,Anoeta,39313,63500000.0,Imanol Alguacil,/imanol-alguacil/profil/trainer/33333,https://tmssl.akamaized.net//images/wappen/head/681.png?lm=1614795530,,real-sociedad-san-sebastian,Real Sociedad,2023-laliga,2023,laliga,LaLiga,Spain,€5.63bn,first_tier,5630000000.0,36.0
club,/fc-sevilla/startseite/verein/368,"{'type': 'competition', 'country_id': '157', 'country_name': 'Spain', 'country_code': 'ES1', 'total_clubs': '20', 'total_players': '520', 'average_age': '27.5', 'foreigner_percentage': '43.8 %', 'average_market_value': None, 'total_value': '€5.63bn', 'competition_type': 'first_tier', 'competition_name': 'LaLiga', 'href': '/laliga/startseite/wettbewerb/ES1', 'seasoned_href': 'https://www.transfermarkt.co.uk/laliga/startseite/wettbewerb/ES1/plus/0?saison_id=2023'}",,28,28.0,17,60.7 %,9,Ramón Sánchez-Pizjuán,43883,54750000.0,José Luis Mendilibar,/jose-luis-mendilibar/profil/trainer/2662,https://tmssl.akamaized.net//images/wappen/head/368.png?lm=1730896593,,fc-sevilla,Sevilla FC,2023-laliga,2023,laliga,LaLiga,Spain,€5.63bn,first_tier,5630000000.0,60.7
club,/fc-valencia/startseite/verein/1049,"{'type': 'competition', 'country_id': '157', 'country_name': 'Spain', 'country_code': 'ES1', 'total_clubs': '20', 'total_players': '520', 'average_age': '27.5', 'foreigner_percentage': '43.8 %', 'average_market_value': None, 'total_value': '€5.63bn', 'competition_type': 'first_tier', 'competition_name': 'LaLiga', 'href': '/laliga/startseite/wettbewerb/ES1', 'seasoned_href': 'https://www.transfermarkt.co.uk/laliga/startseite/wettbewerb/ES1/plus/0?saison_id=2023'}",,27,28.2,14,51.9 %,3,Mestalla,49430,9630000.0,Rubén Baraja,/ruben-baraja/profil/trainer/19552,https://tmssl.akamaized.net//images/wappen/head/1049.png?lm=1406966320,,fc-valencia,Valencia CF,2023-laliga,2023,laliga,LaLiga,Spain,€5.63bn,first_tier,5630000000.0,51.9
club,/ud-las-palmas/startseite/verein/472,"{'type': 'competition', 'country_id': '157', 'country_name': 'Spain', 'country_code': 'ES1', 'total_clubs': '20', 'total_players': '520', 'average_age': '27.5', 'foreigner_percentage': '43.8 %', 'average_market_value': None, 'total_value': '€5.63bn', 'competition_type': 'first_tier', 'competition_name': 'LaLiga', 'href': '/laliga/startseite/wettbewerb/ES1', 'seasoned_href': 'https://www.transfermarkt.co.uk/laliga/startseite/wettbewerb/ES1/plus/0?saison_id=2023'}",,27,26.8,6,22.2 %,1,Estadio de Gran Canaria,32400,14060000.0,Xavier García Pimienta,/xavier-garcia-pimienta/profil/trainer/23730,https://tmssl.akamaized.net//images/wappen/head/472.png?lm=1407484865,,ud-las-palmas,UD Las Palmas,2023-laliga,2023,laliga,LaLiga,Spain,€5.63bn,first_tier,5630000000.0,22.2
club,/fc-getafe/startseite/verein/3709,"{'type': 'competition', 'country_id': '157', 'country_name': 'Spain', 'country_code': 'ES1', 'total_clubs': '20', 'total_players': '520', 'average_age': '27.5', 'foreigner_percentage': '43.8 %', 'average_market_value': None, 'total_value': '€5.63bn', 'competition_type': 'first_tier', 'competition_name': 'LaLiga', 'href': '/laliga/startseite/wettbewerb/ES1', 'seasoned_href': 'https://www.transfermarkt.co.uk/laliga/startseite/wettbewerb/ES1/plus/0?saison_id=2023'}",,25,28.3,13,52.0 %,3,Coliseum,16800,10800000.0,José Bordalás,/jose-bordalas/profil/trainer/6440,https://tmssl.akamaized.net//images/wappen/head/3709.png?lm=1408655116,,fc-getafe,Getafe CF,2023-laliga,2023,laliga,LaLiga,Spain,€5.63bn,first_tier,5630000000.0,52.0
club,/fc-granada/startseite/verein/16795,"{'type': 'competition', 'country_id': '157', 'country_name': 'Spain', 'country_code': 'ES1', 'total_clubs': '20', 'total_players': '520', 'average_age': '27.5', 'foreigner_percentage': '43.8 %', 'average_market_value': None, 'total_value': '€5.63bn', 'competition_type': 'first_tier', 'competition_name': 'LaLiga', 'href': '/laliga/startseite/wettbewerb/ES1', 'seasoned_href': 'https://www.transfermarkt.co.uk/laliga/startseite/wettbewerb/ES1/plus/0?saison_id=2023'}",,24,25.9,6,25.0 %,1,Nuevo Los Cármenes,19336,11850000.0,Paco López,/paco-lopez/profil/trainer/8115,https://tmssl.akamaized.net//images/wappen/head/16795.png?lm=1724157697,,fc-granada,Granada CF,2023-laliga,2023,laliga,LaLiga,Spain,€5.63bn,first_tier,5630000000.0,25.0
club,/celta-vigo/startseite/verein/940,"{'type': 'competition', 'country_id': '157', 'country_name': 'Spain', 'country_code': 'ES1', 'total_clubs': '20', 'total_players': '520', 'average_age': '27.5', 'foreigner_percentage': '43.8 %', 'average_market_value': None, 'total_value': '€5.63bn', 'competition_type': 'first_tier', 'competition_name': 'LaLiga', 'href': '/laliga/startseite/wettbewerb/ES1', 'seasoned_href': 'https://www.transfermarkt.co.uk/laliga/startseite/wettbewerb/ES1/plus/0?saison_id=2023'}",,28,27.1,9,32.1 %,6,Abanca Balaídos,22803,41700000.0,Rafael Benítez,/rafael-benitez/profil/trainer/1522,https://tmssl.akamaized.net//images/wappen/head/940.png?lm=1406966406,,celta-vigo,Celta de Vigo,2023-laliga,2023,laliga,LaLiga,Spain,€5.63bn,first_tier,5630000000.0,32.1
club,/real-madrid/startseite/verein/418,"{'type': 'competition', 'country_id': '157', 'country_name': 'Spain', 'country_code': 'ES1', 'total_clubs': '20', 'total_players': '520', 'average_age': '27.5', 'foreigner_percentage': '43.8 %', 'average_market_value': None, 'total_value': '€5.63bn', 'competition_type': 'first_tier', 'competition_name': 'LaLiga', 'href': '/laliga/startseite/wettbewerb/ES1', 'seasoned_href': 'https://www.transfermarkt.co.uk/laliga/startseite/wettbewerb/ES1/plus/0?saison_id=2023'}",,29,25.7,17,58.6 %,18,Santiago Bernabéu,83186,-165500000.0,Carlo Ancelotti,/carlo-ancelotti/profil/trainer/523,https://tmssl.akamaized.net//images/wappen/head/418.png?lm=1729684474,,real-madrid,Real Madrid,2023-laliga,2023,laliga,LaLiga,Spain,€5.63bn,first_tier,5630000000.0,58.6
club,/rayo-vallecano/startseite/verein/367,"{'type': 'competition', 'country_id': '157', 'country_name': 'Spain', 'country_code': 'ES1', 'total_clubs': '20', 'total_players': '520', 'average_age': '27.5', 'foreigner_percentage': '43.8 %', 'average_market_value': None, 'total_value': '€5.63bn', 'competition_type': 'first_tier', 'competition_name': 'LaLiga', 'href': '/laliga/startseite/wettbewerb/ES1', 'seasoned_href': 'https://www.transfermarkt.co.uk/laliga/startseite/wettbewerb/ES1/plus/0?saison_id=2023'}",,27,28.8,14,51.9 %,7,Estadio de Vallecas,14708,-7100000.0,Francisco Rodríguez,/francisco-rodriguez/profil/trainer/28876,https://tmssl.akamaized.net//images/wappen/head/367.png?lm=1653488445,,rayo-vallecano,Rayo Vallecano,2023-laliga,2023,laliga,LaLiga,Spain,€5.63bn,first_tier,5630000000.0,51.9
club,/ud-almeria/startseite/verein/3302,"{'type': 'competition', 'country_id': '157', 'country_name': 'Spain', 'country_code': 'ES1', 'total_clubs': '20', 'total_players': '520', 'average_age': '27.5', 'foreigner_percentage': '43.8 %', 'average_market_value': None, 'total_value': '€5.63bn', 'competition_type': 'first_tier', 'competition_name': 'LaLiga', 'href': '/laliga/startseite/wettbewerb/ES1', 'seasoned_href': 'https://www.transfermarkt.co.uk/laliga/startseite/wettbewerb/ES1/plus/0?saison_id=2023'}",,27,27.4,13,48.1 %,1,UD Almería Stadium,18331,47950000.0,Vicente Moreno,/vicente-moreno/profil/trainer/19601,https://tmssl.akamaized.net//images/wappen/head/3302.png?lm=1736335439,,ud-almeria,UD Almería,2023-laliga,2023,laliga,LaLiga,Spain,€5.63bn,first_tier,5630000000.0,48.1
club,/ca-osasuna/startseite/verein/331,"{'type': 'competition', 'country_id': '157', 'country_name': 'Spain', 'country_code': 'ES1', 'total_clubs': '20', 'total_players': '520', 'average_age': '27.5', 'foreigner_percentage': '43.8 %', 'average_market_value': None, 'total_value': '€5.63bn', 'competition_type': 'first_tier', 'competition_name': 'LaLiga', 'href': '/laliga/startseite/wettbewerb/ES1', 'seasoned_href': 'https://www.transfermarkt.co.uk/laliga/startseite/wettbewerb/ES1/plus/0?saison_id=2023'}",,23,28.1,3,13.0 %,3,El Sadar,23576,1500000.0,Jagoba Arrasate,/jagoba-arrasate/profil/trainer/29192,https://tmssl.akamaized.net//images/wappen/head/331.png?lm=1686070937,,ca-osasuna,CA Osasuna,2023-laliga,2023,laliga,LaLiga,Spain,€5.63bn,first_tier,5630000000.0,13.0
club,/deportivo-alaves/startseite/verein/1108,"{'type': 'competition', 'country_id': '157', 'country_name': 'Spain', 'country_code': 'ES1', 'total_clubs': '20', 'total_players': '520', 'average_age': '27.5', 'foreigner_percentage': '43.8 %', 'average_market_value': None, 'total_value': '€5.63bn', 'competition_type': 'first_tier', 'competition_name': 'LaLiga', 'href': '/laliga/startseite/wettbewerb/ES1', 'seasoned_href': 'https://www.transfermarkt.co.uk/laliga/startseite/wettbewerb/ES1/plus/0?saison_id=2023'}",,24,28.1,10,41.7 %,3,Mendizorroza,19840,20880000.0,Luis García,/luis-garcia/profil/trainer/6444,https://tmssl.akamaized.net//images/wappen/head/1108.png?lm=1596131395,,deportivo-alaves,Deportivo Alavés,2023-laliga,2023,laliga,LaLiga,Spain,€5.63bn,first_tier,5630000000.0,41.7
club,/rcd-mallorca/startseite/verein/237,"{'type': 'competition', 'country_id': '157', 'country_name': 'Spain', 'country_code': 'ES1', 'total_clubs': '20', 'total_players': '520', 'average_age': '27.5', 'foreigner_percentage': '43.8 %', 'average_market_value': None, 'total_value': '€5.63bn', 'competition_type': 'first_tier', 'competition_name': 'LaLiga', 'href': '/laliga/startseite/wettbewerb/ES1', 'seasoned_href': 'https://www.transfermarkt.co.uk/laliga/startseite/wettbewerb/ES1/plus/0?saison_id=2023'}",,26,27.8,11,42.3 %,8,Mallorca Son Moix,26020,800000.0,Javier Aguirre,/javier-aguirre/profil/trainer/1548,https://tmssl.akamaized.net//images/wappen/head/237.png?lm=1407484750,,rcd-mallorca,RCD Mallorca,2023-laliga,2023,laliga,LaLiga,Spain,€5.63bn,first_tier,5630000000.0,42.3
club,/fc-cadiz/startseite/verein/2687,"{'type': 'competition', 'country_id': '157', 'country_name': 'Spain', 'country_code': 'ES1', 'total_clubs': '20', 'total_players': '520', 'average_age': '27.5', 'foreigner_percentage': '43.8 %', 'average_market_value': None, 'total_value': '€5.63bn', 'competition_type': 'first_tier', 'competition_name': 'LaLiga', 'href': '/laliga/startseite/wettbewerb/ES1', 'seasoned_href': 'https://www.transfermarkt.co.uk/laliga/startseite/wettbewerb/ES1/plus/0?saison_id=2023'}",,28,26.3,10,35.7 %,2,JP Financial,21094,-2400000.0,Sergio González,/sergio-gonzalez/profil/trainer/33241,https://tmssl.akamaized.net//images/wappen/head/2687.png?lm=1683542431,,fc-cadiz,Cádiz CF,2023-laliga,2023,laliga,LaLiga,Spain,€5.63bn,first_tier,5630000000.0,35.7
club,/boavista-porto-fc/startseite/verein/2503,"{'type': 'competition', 'country_id': '136', 'country_name': 'Portugal', 'country_code': 'PO1', 'total_clubs': '18', 'total_players': '486', 'average_age': '25.7', 'foreigner_percentage': '71.0 %', 'average_market_value': None, 'total_value': '€1.86bn', 'competition_type': 'first_tier', 'competition_name': 'Liga Portugal', 'href': '/liga-portugal/startseite/wettbewerb/PO1', 'seasoned_href': 'https://www.transfermarkt.co.uk/liga-portugal/startseite/wettbewerb/PO1/plus/0?saison_id=2023'}",,3,20.3,0,%,0,Estádio do Bessa Século XXI,28263,100000.0,Petit,/petit/profil/trainer/31291,https://tmssl.akamaized.net//images/wappen/head/2503.png?lm=1480959207,,boavista-porto-fc,Boavista FC,2023-liga-portugal,2023,liga-portugal,Liga Portugal,Portugal,€1.86bn,first_tier,1860000000.0,0.0
club,/gd-estoril-praia/startseite/verein/1465,"{'type': 'competition', 'country_id': '136', 'country_name': 'Portugal', 'country_code': 'PO1', 'total_clubs': '18', 'total_players': '486', 'average_age': '25.7', 'foreigner_percentage': '71.0 %', 'average_market_value': None, 'total_value': '€1.86bn', 'competition_type': 'first_tier', 'competition_name': 'Liga Portugal', 'href': '/liga-portugal/startseite/wettbewerb/PO1', 'seasoned_href': 'https://www.transfermarkt.co.uk/liga-portugal/startseite/wettbewerb/PO1/plus/0?saison_id=2023'}",,23,26.5,14,60.9 %,5,Estádio António Coimbra da Mota,5094,2300000.0,Álvaro Pacheco,/alvaro-pacheco/profil/trainer/38406,https://tmssl.akamaized.net//images/wappen/head/1465.png?lm=1534340702,,gd-estoril-praia,GD Estoril Praia,2023-liga-portugal,2023,liga-portugal,Liga Portugal,Portugal,€1.86bn,first_tier,1860000000.0,60.9
club,/benfica-lissabon/startseite/verein/294,"{'type': 'competition', 'country_id': '136', 'country_name': 'Portugal', 'country_code': 'PO1', 'total_clubs': '18', 'total_players': '486', 'average_age': '25.7', 'foreigner_percentage': '71.0 %', 'average_market_value': None, 'total_value': '€1.86bn', 'competition_type': 'first_tier', 'competition_name': 'Liga Portugal', 'href': '/liga-portugal/startseite/wettbewerb/PO1', 'seasoned_href': 'https://www.transfermarkt.co.uk/liga-portugal/startseite/wettbewerb/PO1/plus/0?saison_id=2023'}",,28,24.8,16,57.1 %,17,Estádio da Luz,68100,-15200000.0,Roger Schmidt,/roger-schmidt/profil/trainer/3865,https://tmssl.akamaized.net//images/wappen/head/294.png?lm=1535908439,,benfica-lissabon,SL Benfica,2023-liga-portugal,2023,liga-portugal,Liga Portugal,Portugal,€1.86bn,first_tier,1860000000.0,57.1
club,/fc-famalicao/startseite/verein/3329,"{'type': 'competition', 'country_id': '136', 'country_name': 'Portugal', 'country_code': 'PO1', 'total_clubs': '18', 'total_players': '486', 'average_age': '25.7', 'foreigner_percentage': '71.0 %', 'average_market_value': None, 'total_value': '€1.86bn', 'competition_type': 'first_tier', 'competition_name': 'Liga Portugal', 'href': '/liga-portugal/startseite/wettbewerb/PO1', 'seasoned_href': 'https://www.transfermarkt.co.uk/liga-portugal/startseite/wettbewerb/PO1/plus/0?saison_id=2023'}",,25,24.4,18,72.0 %,2,Estádio Municipal de Famalicão,5186,450000.0,João Pedro Sousa,/joao-pedro-sousa/profil/trainer/69953,https://tmssl.akamaized.net//images/wappen/head/3329.png?lm=1737563329,,fc-famalicao,FC Famalicão,2023-liga-portugal,2023,liga-portugal,Liga Portugal,Portugal,€1.86bn,first_tier,1860000000.0,72.0
club,/sporting-lissabon/startseite/verein/336,"{'type': 'competition', 'country_id': '136', 'country_name': 'Portugal', 'country_code': 'PO1', 'total_clubs': '18', 'total_players': '486', 'average_age': '25.7', 'foreigner_percentage': '71.0 %', 'average_market_value': None, 'total_value': '€1.86bn', 'competition_type': 'first_tier', 'competition_name': 'Liga Portugal', 'href': '/liga-portugal/startseite/wettbewerb/PO1', 'seasoned_href': 'https://www.transfermarkt.co.uk/liga-portugal/startseite/wettbewerb/PO1/plus/0?saison_id=2023'}",,25,25.4,13,52.0 %,13,Estádio José Alvalade,52095,43500000.0,Ruben Amorim,/ruben-amorim/profil/trainer/65202,https://tmssl.akamaized.net//images/wappen/head/336.png?lm=1621513752,,sporting-lissabon,Sporting CP,2023-liga-portugal,2023,liga-portugal,Liga Portugal,Portugal,€1.86bn,first_tier,1860000000.0,52.0
club,/fc-arouca/startseite/verein/8024,"{'type': 'competition', 'country_id': '136', 'country_name': 'Portugal', 'country_code': 'PO1', 'total_clubs': '18', 'total_players': '486', 'average_age': '25.7', 'foreigner_percentage': '71.0 %', 'average_market_value': None, 'total_value': '€1.86bn', 'competition_type': 'first_tier', 'competition_name': 'Liga Portugal', 'href': '/liga-portugal/startseite/wettbewerb/PO1', 'seasoned_href': 'https://www.transfermarkt.co.uk/liga-portugal/startseite/wettbewerb/PO1/plus/0?saison_id=2023'}",,27,25.1,22,81.5 %,1,Estádio Municipal de Arouca,5000,1830000.0,Daniel Ramos,/daniel-ramos/profil/trainer/7561,https://tmssl.akamaized.net//images/wappen/head/8024.png?lm=1530096604,,fc-arouca,FC Arouca,2023-liga-portugal,2023,liga-portugal,Liga Portugal,Portugal,€1.86bn,first_tier,1860000000.0,81.5
club,/sc-braga/startseite/verein/1075,"{'type': 'competition', 'country_id': '136', 'country_name': 'Portugal', 'country_code': 'PO1', 'total_clubs': '18', 'total_players': '486', 'average_age': '25.7', 'foreigner_percentage': '71.0 %', 'average_market_value': None, 'total_value': '€1.86bn', 'competition_type': 'first_tier', 'competition_name': 'Liga Portugal', 'href': '/liga-portugal/startseite/wettbewerb/PO1', 'seasoned_href': 'https://www.transfermarkt.co.uk/liga-portugal/startseite/wettbewerb/PO1/plus/0?saison_id=2023'}",,28,25.5,18,64.3 %,9,Estádio Municipal de Braga,30286,15240000.0,Artur Jorge,/artur-jorge/profil/trainer/24055,https://tmssl.akamaized.net//images/wappen/head/1075.png?lm=1432893871,,sc-braga,SC Braga,2023-liga-portugal,2023,liga-portugal,Liga Portugal,Portugal,€1.86bn,first_tier,1860000000.0,64.3
club,/gil-vicente-fc/startseite/verein/2424,"{'type': 'competition', 'country_id': '136', 'country_name': 'Portugal', 'country_code': 'PO1', 'total_clubs': '18', 'total_players': '486', 'average_age': '25.7', 'foreigner_percentage': '71.0 %', 'average_market_value': None, 'total_value': '€1.86bn', 'competition_type': 'first_tier', 'competition_name': 'Liga Portugal', 'href': '/liga-portugal/startseite/wettbewerb/PO1', 'seasoned_href': 'https://www.transfermarkt.co.uk/liga-portugal/startseite/wettbewerb/PO1/plus/0?saison_id=2023'}",,28,24.9,19,67.9 %,2,Estádio Cidade de Barcelos,12046,31400000.0,Vítor Campelos,/vitor-campelos/profil/trainer/38447,https://tmssl.akamaized.net//images/wappen/head/2424.png?lm=1624283300,,gil-vicente-fc,Gil Vicente FC,2023-liga-portugal,2023,liga-portugal,Liga Portugal,Portugal,€1.86bn,first_tier,1860000000.0,67.9
club,/fc-porto/startseite/verein/720,"{'type': 'competition', 'country_id': '136', 'country_name': 'Portugal', 'country_code': 'PO1', 'total_clubs': '18', 'total_players': '486', 'average_age': '25.7', 'foreigner_percentage': '71.0 %', 'average_market_value': None, 'total_value': '€1.86bn', 'competition_type': 'first_tier', 'competition_name': 'Liga Portugal', 'href': '/liga-portugal/startseite/wettbewerb/PO1', 'seasoned_href': 'https://www.transfermarkt.co.uk/liga-portugal/startseite/wettbewerb/PO1/plus/0?saison_id=2023'}",,27,26.4,20,74.1 %,13,Estádio do Dragão,50033,-24490000.0,Sérgio Conceição,/sergio-conceicao/profil/trainer/22532,https://tmssl.akamaized.net//images/wappen/head/720.png?lm=1486310161,,fc-porto,FC Porto,2023-liga-portugal,2023,liga-portugal,Liga Portugal,Portugal,€1.86bn,first_tier,1860000000.0,74.1
club,/casa-pia-ac/startseite/verein/3268,"{'type': 'competition', 'country_id': '136', 'country_name': 'Portugal', 'country_code': 'PO1', 'total_clubs': '18', 'total_players': '486', 'average_age': '25.7', 'foreigner_percentage': '71.0 %', 'average_market_value': None, 'total_value': '€1.86bn', 'competition_type': 'first_tier', 'competition_name': 'Liga Portugal', 'href': '/liga-portugal/startseite/wettbewerb/PO1', 'seasoned_href': 'https://www.transfermarkt.co.uk/liga-portugal/startseite/wettbewerb/PO1/plus/0?saison_id=2023'}",,28,27.7,19,67.9 %,3,Estádio Municipal de Rio Maior,7000,11080000.0,Filipe Martins,/filipe-martins/profil/trainer/55398,https://tmssl.akamaized.net//images/wappen/head/3268.png?lm=1742856850,,casa-pia-ac,Casa Pia AC,2023-liga-portugal,2023,liga-portugal,Liga Portugal,Portugal,€1.86bn,first_tier,1860000000.0,67.9
club,/moreirense-fc/startseite/verein/979,"{'type': 'competition', 'country_id': '136', 'country_name': 'Portugal', 'country_code': 'PO1', 'total_clubs': '18', 'total_players': '486', 'average_age': '25.7', 'foreigner_percentage': '71.0 %', 'average_market_value': None, 'total_value': '€1.86bn', 'competition_type': 'first_tier', 'competition_name': 'Liga Portugal', 'href': '/liga-portugal/startseite/wettbewerb/PO1', 'seasoned_href': 'https://www.transfermarkt.co.uk/liga-portugal/startseite/wettbewerb/PO1/plus/0?saison_id=2023'}",,26,24.6,15,57.7 %,1,Estádio C. J. de Almeida Freitas,6150,2500000.0,António da Costa,/antonio-da-costa/profil/trainer/68869,https://tmssl.akamaized.net//images/wappen/head/979.png?lm=1552324606,,moreirense-fc,Moreirense FC,2023-liga-portugal,2023,liga-portugal,Liga Portugal,Portugal,€1.86bn,first_tier,1860000000.0,57.7
club,/sc-farense/startseite/verein/4294,"{'type': 'competition', 'country_id': '136', 'country_name': 'Portugal', 'country_code': 'PO1', 'total_clubs': '18', 'total_players': '486', 'average_age': '25.7', 'foreigner_percentage': '71.0 %', 'average_market_value': None, 'total_value': '€1.86bn', 'competition_type': 'first_tier', 'competition_name': 'Liga Portugal', 'href': '/liga-portugal/startseite/wettbewerb/PO1', 'seasoned_href': 'https://www.transfermarkt.co.uk/liga-portugal/startseite/wettbewerb/PO1/plus/0?saison_id=2023'}",,29,27.5,16,55.2 %,1,Estádio de São Luís,7000,800000.0,José Mota,/jose-mota/profil/trainer/1864,https://tmssl.akamaized.net//images/wappen/head/4294.png?lm=1550150253,,sc-farense,SC Farense,2023-liga-portugal,2023,liga-portugal,Liga Portugal,Portugal,€1.86bn,first_tier,1860000000.0,55.2
club,/cf-estrela-amadora-sad/startseite/verein/2431,"{'type': 'competition', 'country_id': '136', 'country_name': 'Portugal', 'country_code': 'PO1', 'total_clubs': '18', 'total_players': '486', 'average_age': '25.7', 'foreigner_percentage': '71.0 %', 'average_market_value': None, 'total_value': '€1.86bn', 'competition_type': 'first_tier', 'competition_name': 'Liga Portugal', 'href': '/liga-portugal/startseite/wettbewerb/PO1', 'seasoned_href': 'https://www.transfermarkt.co.uk/liga-portugal/startseite/wettbewerb/PO1/plus/0?saison_id=2023'}",,31,25.2,26,83.9 %,4,Estádio José Gomes,9288,5830000.0,Sérgio Vieira,/sergio-vieira/profil/trainer/11668,https://tmssl.akamaized.net//images/wappen/head/2431.png?lm=1743687810,,cf-estrela-amadora-sad,CF Estrela Amadora,2023-liga-portugal,2023,liga-portugal,Liga Portugal,Portugal,€1.86bn,first_tier,1860000000.0,83.9
club,/portimonense-sc/startseite/verein/7378,"{'type': 'competition', 'country_id': '136', 'country_name': 'Portugal', 'country_code': 'PO1', 'total_clubs': '18', 'total_players': '486', 'average_age': '25.7', 'foreigner_percentage': '71.0 %', 'average_market_value': None, 'total_value': '€1.86bn', 'competition_type': 'first_tier', 'competition_name': 'Liga Portugal', 'href': '/liga-portugal/startseite/wettbewerb/PO1', 'seasoned_href': 'https://www.transfermarkt.co.uk/liga-portugal/startseite/wettbewerb/PO1/plus/0?saison_id=2023'}",,27,25.4,19,70.4 %,2,Estádio Municipal de Portimão,4961,2730000.0,Paulo Sérgio,/paulo-sergio/profil/trainer/5628,https://tmssl.akamaized.net//images/wappen/head/7378.png?lm=1665922885,,portimonense-sc,Portimonense SAD,2023-liga-portugal,2023,liga-portugal,Liga Portugal,Portugal,€1.86bn,first_tier,1860000000.0,70.4
club,/vitoria-guimaraes-sc/startseite/verein/2420,"{'type': 'competition', 'country_id': '136', 'country_name': 'Portugal', 'country_code': 'PO1', 'total_clubs': '18', 'total_players': '486', 'average_age': '25.7', 'foreigner_percentage': '71.0 %', 'average_market_value': None, 'total_value': '€1.86bn', 'competition_type': 'first_tier', 'competition_name': 'Liga Portugal', 'href': '/liga-portugal/startseite/wettbewerb/PO1', 'seasoned_href': 'https://www.transfermarkt.co.uk/liga-portugal/startseite/wettbewerb/PO1/plus/0?saison_id=2023'}",,24,24.9,14,58.3 %,2,Estádio D. Afonso Henriques,30029,4750000.0,Moreno,/moreno/profil/trainer/60631,https://tmssl.akamaized.net//images/wappen/head/2420.png?lm=1432894021,,vitoria-guimaraes-sc,Vitória Guimarães SC,2023-liga-portugal,2023,liga-portugal,Liga Portugal,Portugal,€1.86bn,first_tier,1860000000.0,58.3
club,/gd-chaves/startseite/verein/3325,"{'type': 'competition', 'country_id': '136', 'country_name': 'Portugal', 'country_code': 'PO1', 'total_clubs': '18', 'total_players': '486', 'average_age': '25.7', 'foreigner_percentage': '71.0 %', 'average_market_value': None, 'total_value': '€1.86bn', 'competition_type': 'first_tier', 'competition_name': 'Liga Portugal', 'href': '/liga-portugal/startseite/wettbewerb/PO1', 'seasoned_href': 'https://www.transfermarkt.co.uk/liga-portugal/startseite/wettbewerb/PO1/plus/0?saison_id=2023'}",,27,27.6,13,48.1 %,3,Estádio Municipal Eng.º Manuel Branco Teixeira,8400,-200000.0,José Gomes,/jose-gomes/profil/trainer/2462,https://tmssl.akamaized.net//images/wappen/head/3325.png?lm=1416392512,,gd-chaves,GD Chaves,2023-liga-portugal,2023,liga-portugal,Liga Portugal,Portugal,€1.86bn,first_tier,1860000000.0,48.1
club,/fc-vizela/startseite/verein/6912,"{'type': 'competition', 'country_id': '136', 'country_name': 'Portugal', 'country_code': 'PO1', 'total_clubs': '18', 'total_players': '486', 'average_age': '25.7', 'foreigner_percentage': '71.0 %', 'average_market_value': None, 'total_value': '€1.86bn', 'competition_type': 'first_tier', 'competition_name': 'Liga Portugal', 'href': '/liga-portugal/startseite/wettbewerb/PO1', 'seasoned_href': 'https://www.transfermarkt.co.uk/liga-portugal/startseite/wettbewerb/PO1/plus/0?saison_id=2023'}",,30,26.6,23,76.7 %,6,Estádio do Futebol Clube de Vizela,6000,4700000.0,Pablo Villar,/pablo-villar/profil/trainer/87865,https://tmssl.akamaized.net//images/wappen/head/6912.png?lm=1700587516,,fc-vizela,FC Vizela,2023-liga-portugal,2023,liga-portugal,Liga Portugal,Portugal,€1.86bn,first_tier,1860000000.0,76.7
club,/rio-ave-fc/startseite/verein/2425,"{'type': 'competition', 'country_id': '136', 'country_name': 'Portugal', 'country_code': 'PO1', 'total_clubs': '18', 'total_players': '486', 'average_age': '25.7', 'foreigner_percentage': '71.0 %', 'average_market_value': None, 'total_value': '€1.86bn', 'competition_type': 'first_tier', 'competition_name': 'Liga Portugal', 'href': '/liga-portugal/startseite/wettbewerb/PO1', 'seasoned_href': 'https://www.transfermarkt.co.uk/liga-portugal/startseite/wettbewerb/PO1/plus/0?saison_id=2023'}",,29,25.0,26,89.7 %,4,Estádio do Rio Ave FC,5300,-1400000.0,Luís Freire,/luis-freire/profil/trainer/53596,https://tmssl.akamaized.net//images/wappen/head/2425.png?lm=1516613968,,rio-ave-fc,Rio Ave FC,2023-liga-portugal,2023,liga-portugal,Liga Portugal,Portugal,€1.86bn,first_tier,1860000000.0,89.7
club,/montpellier-hsc/startseite/verein/969,"{'type': 'competition', 'country_id': '50', 'country_name': 'France', 'country_code': 'FR1', 'total_clubs': '18', 'total_players': '479', 'average_age': '25.7', 'foreigner_percentage': '62.4 %', 'average_market_value': None, 'total_value': '€4.38bn', 'competition_type': 'first_tier', 'competition_name': 'Ligue 1', 'href': '/ligue-1/startseite/wettbewerb/FR1', 'seasoned_href': 'https://www.transfermarkt.co.uk/ligue-1/startseite/wettbewerb/FR1/plus/0?saison_id=2023'}",,23,24.4,10,43.5 %,2,Stade de la Mosson,22000,6550000.0,Michel Der Zakarian,/michel-der-zakarian/profil/trainer/4002,https://tmssl.akamaized.net//images/wappen/head/969.png?lm=1748640687,,montpellier-hsc,Montpellier HSC,2023-ligue-1,2023,ligue-1,Ligue 1,France,€4.38bn,first_tier,4380000000.0,43.5
club,/rc-strassburg-alsace/startseite/verein/667,"{'type': 'competition', 'country_id': '50', 'country_name': 'France', 'country_code': 'FR1', 'total_clubs': '18', 'total_players': '479', 'average_age': '25.7', 'foreigner_percentage': '62.4 %', 'average_market_value': None, 'total_value': '€4.38bn', 'competition_type': 'first_tier', 'competition_name': 'Ligue 1', 'href': '/ligue-1/startseite/wettbewerb/FR1', 'seasoned_href': 'https://www.transfermarkt.co.uk/ligue-1/startseite/wettbewerb/FR1/plus/0?saison_id=2023'}",,26,22.8,22,84.6 %,14,Stade de la Meinau,32000,-26300000.0,Patrick Vieira,/patrick-vieira/profil/trainer/20029,https://tmssl.akamaized.net//images/wappen/head/667.png?lm=1664991833,,rc-strassburg-alsace,RC Strasbourg Alsace,2023-ligue-1,2023,ligue-1,Ligue 1,France,€4.38bn,first_tier,4380000000.0,84.6
club,/ogc-nizza/startseite/verein/417,"{'type': 'competition', 'country_id': '50', 'country_name': 'France', 'country_code': 'FR1', 'total_clubs': '18', 'total_players': '479', 'average_age': '25.7', 'foreigner_percentage': '62.4 %', 'average_market_value': None, 'total_value': '€4.38bn', 'competition_type': 'first_tier', 'competition_name': 'Ligue 1', 'href': '/ligue-1/startseite/wettbewerb/FR1', 'seasoned_href': 'https://www.transfermarkt.co.uk/ligue-1/startseite/wettbewerb/FR1/plus/0?saison_id=2023'}",,29,25.8,18,62.1 %,12,Allianz Riviera,36178,72820000.0,Francesco Farioli,/francesco-farioli/profil/trainer/73923,https://tmssl.akamaized.net//images/wappen/head/417.png?lm=1408779490,,ogc-nizza,OGC Nice,2023-ligue-1,2023,ligue-1,Ligue 1,France,€4.38bn,first_tier,4380000000.0,62.1
club,/rc-lens/startseite/verein/826,"{'type': 'competition', 'country_id': '50', 'country_name': 'France', 'country_code': 'FR1', 'total_clubs': '18', 'total_players': '479', 'average_age': '25.7', 'foreigner_percentage': '62.4 %', 'average_market_value': None, 'total_value': '€4.38bn', 'competition_type': 'first_tier', 'competition_name': 'Ligue 1', 'href': '/ligue-1/startseite/wettbewerb/FR1', 'seasoned_href': 'https://www.transfermarkt.co.uk/ligue-1/startseite/wettbewerb/FR1/plus/0?saison_id=2023'}",,29,26.5,9,31.0 %,9,Stade Bollaert-Delelis,38223,45550000.0,Franck Haise,/franck-haise/profil/trainer/27176,https://tmssl.akamaized.net//images/wappen/head/826.png?lm=1595457059,,rc-lens,RC Lens,2023-ligue-1,2023,ligue-1,Ligue 1,France,€4.38bn,first_tier,4380000000.0,31.0
club,/fc-paris-saint-germain/startseite/verein/583,"{'type': 'competition', 'country_id': '50', 'country_name': 'France', 'country_code': 'FR1', 'total_clubs': '18', 'total_players': '479', 'average_age': '25.7', 'foreigner_percentage': '62.4 %', 'average_market_value': None, 'total_value': '€4.38bn', 'competition_type': 'first_tier', 'competition_name': 'Ligue 1', 'href': '/ligue-1/startseite/wettbewerb/FR1', 'seasoned_href': 'https://www.transfermarkt.co.uk/ligue-1/startseite/wettbewerb/FR1/plus/0?saison_id=2023'}",,24,24.1,16,66.7 %,20,Parc des Princes,48583,-47200000.0,Luis Enrique,/luis-enrique/profil/trainer/6499,https://tmssl.akamaized.net//images/wappen/head/583.png?lm=1728026461,,fc-paris-saint-germain,Paris Saint-Germain,2023-ligue-1,2023,ligue-1,Ligue 1,France,€4.38bn,first_tier,4380000000.0,66.7
club,/as-monaco/startseite/verein/162,"{'type': 'competition', 'country_id': '50', 'country_name': 'France', 'country_code': 'FR1', 'total_clubs': '18', 'total_players': '479', 'average_age': '25.7', 'foreigner_percentage': '62.4 %', 'average_market_value': None, 'total_value': '€4.38bn', 'competition_type': 'first_tier', 'competition_name': 'Ligue 1', 'href': '/ligue-1/startseite/wettbewerb/FR1', 'seasoned_href': 'https://www.transfermarkt.co.uk/ligue-1/startseite/wettbewerb/FR1/plus/0?saison_id=2023'}",,28,25.9,28,100.0 %,15,Stade Louis-II,18525,135570000.0,Adi Hütter,/adi-hutter/profil/trainer/5018,https://tmssl.akamaized.net//images/wappen/head/162.png?lm=1654781919,,as-monaco,AS Monaco,2023-ligue-1,2023,ligue-1,Ligue 1,France,€4.38bn,first_tier,4380000000.0,100.0
club,/olympique-marseille/startseite/verein/244,"{'type': 'competition', 'country_id': '50', 'country_name': 'France', 'country_code': 'FR1', 'total_clubs': '18', 'total_players': '479', 'average_age': '25.7', 'foreigner_percentage': '62.4 %', 'average_market_value': None, 'total_value': '€4.38bn', 'competition_type': 'first_tier', 'competition_name': 'Ligue 1', 'href': '/ligue-1/startseite/wettbewerb/FR1', 'seasoned_href': 'https://www.transfermarkt.co.uk/ligue-1/startseite/wettbewerb/FR1/plus/0?saison_id=2023'}",,23,27.0,22,95.7 %,12,Orange Vélodrome,67394,20350000.0,Marcelino,/marcelino/profil/trainer/5095,https://tmssl.akamaized.net//images/wappen/head/244.png?lm=1775675175,,olympique-marseille,Olympique Marseille,2023-ligue-1,2023,ligue-1,Ligue 1,France,€4.38bn,first_tier,4380000000.0,95.7
club,/fc-stade-rennes/startseite/verein/273,"{'type': 'competition', 'country_id': '50', 'country_name': 'France', 'country_code': 'FR1', 'total_clubs': '18', 'total_players': '479', 'average_age': '25.7', 'foreigner_percentage': '62.4 %', 'average_market_value': None, 'total_value': '€4.38bn', 'competition_type': 'first_tier', 'competition_name': 'Ligue 1', 'href': '/ligue-1/startseite/wettbewerb/FR1', 'seasoned_href': 'https://www.transfermarkt.co.uk/ligue-1/startseite/wettbewerb/FR1/plus/0?saison_id=2023'}",,23,25.5,10,43.5 %,11,Roazhon Park,29778,50150000.0,Bruno Genesio,/bruno-genesio/profil/trainer/5036,https://tmssl.akamaized.net//images/wappen/head/273.png?lm=1691503972,,fc-stade-rennes,Stade Rennais FC,2023-ligue-1,2023,ligue-1,Ligue 1,France,€4.38bn,first_tier,4380000000.0,43.5
club,/olympique-lyon/startseite/verein/1041,"{'type': 'competition', 'country_id': '50', 'country_name': 'France', 'country_code': 'FR1', 'total_clubs': '18', 'total_players': '479', 'average_age': '25.7', 'foreigner_percentage': '62.4 %', 'average_market_value': None, 'total_value': '€4.38bn', 'competition_type': 'first_tier', 'competition_name': 'Ligue 1', 'href': '/ligue-1/startseite/wettbewerb/FR1', 'seasoned_href': 'https://www.transfermarkt.co.uk/ligue-1/startseite/wettbewerb/FR1/plus/0?saison_id=2023'}",,29,25.5,23,79.3 %,11,Groupama Stadium,59186,62110000.0,Laurent Blanc,/laurent-blanc/profil/trainer/4589,https://tmssl.akamaized.net//images/wappen/head/1041.png?lm=1656668172,,olympique-lyon,Olympique Lyon,2023-ligue-1,2023,ligue-1,Ligue 1,France,€4.38bn,first_tier,4380000000.0,79.3
club,/stade-brest-29/startseite/verein/3911,"{'type': 'competition', 'country_id': '50', 'country_name': 'France', 'country_code': 'FR1', 'total_clubs': '18', 'total_players': '479', 'average_age': '25.7', 'foreigner_percentage': '62.4 %', 'average_market_value': None, 'total_value': '€4.38bn', 'competition_type': 'first_tier', 'competition_name': 'Ligue 1', 'href': '/ligue-1/startseite/wettbewerb/FR1', 'seasoned_href': 'https://www.transfermarkt.co.uk/ligue-1/startseite/wettbewerb/FR1/plus/0?saison_id=2023'}",,23,25.5,11,47.8 %,6,Stade Francis-Le Blé,15220,23700000.0,Éric Roy,/eric-roy/profil/trainer/11590,https://tmssl.akamaized.net//images/wappen/head/3911.png?lm=1768836091,,stade-brest-29,Stade Brestois 29,2023-ligue-1,2023,ligue-1,Ligue 1,France,€4.38bn,first_tier,4380000000.0,47.8
club,/fc-nantes/startseite/verein/995,"{'type': 'competition', 'country_id': '50', 'country_name': 'France', 'country_code': 'FR1', 'total_clubs': '18', 'total_players': '479', 'average_age': '25.7', 'foreigner_percentage': '62.4 %', 'average_market_value': None, 'total_value': '€4.38bn', 'competition_type': 'first_tier', 'competition_name': 'Ligue 1', 'href': '/ligue-1/startseite/wettbewerb/FR1', 'seasoned_href': 'https://www.transfermarkt.co.uk/ligue-1/startseite/wettbewerb/FR1/plus/0?saison_id=2023'}",,29,26.9,15,51.7 %,8,Stade de la Beaujoire,35322,32000000.0,Pierre Aristouy,/pierre-aristouy/profil/trainer/82583,https://tmssl.akamaized.net//images/wappen/head/995.png?lm=1581355747,,fc-nantes,FC Nantes,2023-ligue-1,2023,ligue-1,Ligue 1,France,€4.38bn,first_tier,4380000000.0,51.7
club,/ac-le-havre/startseite/verein/738,"{'type': 'competition', 'country_id': '50', 'country_name': 'France', 'country_code': 'FR1', 'total_clubs': '18', 'total_players': '479', 'average_age': '25.7', 'foreigner_percentage': '62.4 %', 'average_market_value': None, 'total_value': '€4.38bn', 'competition_type': 'first_tier', 'competition_name': 'Ligue 1', 'href': '/ligue-1/startseite/wettbewerb/FR1', 'seasoned_href': 'https://www.transfermarkt.co.uk/ligue-1/startseite/wettbewerb/FR1/plus/0?saison_id=2023'}",,28,25.4,15,53.6 %,8,Stade Océane,25178,1000000.0,Luka Elsner,/luka-elsner/profil/trainer/23576,https://tmssl.akamaized.net//images/wappen/head/738.png?lm=1408780648,,ac-le-havre,Le Havre AC,2023-ligue-1,2023,ligue-1,Ligue 1,France,€4.38bn,first_tier,4380000000.0,53.6
club,/stade-reims/startseite/verein/1421,"{'type': 'competition', 'country_id': '50', 'country_name': 'France', 'country_code': 'FR1', 'total_clubs': '18', 'total_players': '479', 'average_age': '25.7', 'foreigner_percentage': '62.4 %', 'average_market_value': None, 'total_value': '€4.38bn', 'competition_type': 'first_tier', 'competition_name': 'Ligue 1', 'href': '/ligue-1/startseite/wettbewerb/FR1', 'seasoned_href': 'https://www.transfermarkt.co.uk/ligue-1/startseite/wettbewerb/FR1/plus/0?saison_id=2023'}",,24,24.1,19,79.2 %,7,Stade Auguste-Delaune,20519,81980000.0,Will Still,/will-still/profil/trainer/53316,https://tmssl.akamaized.net//images/wappen/head/1421.png?lm=1592601839,,stade-reims,Stade Reims,2023-ligue-1,2023,ligue-1,Ligue 1,France,€4.38bn,first_tier,4380000000.0,79.2
club,/losc-lille/startseite/verein/1082,"{'type': 'competition', 'country_id': '50', 'country_name': 'France', 'country_code': 'FR1', 'total_clubs': '18', 'total_players': '479', 'average_age': '25.7', 'foreigner_percentage': '62.4 %', 'average_market_value': None, 'total_value': '€4.38bn', 'competition_type': 'first_tier', 'competition_name': 'Ligue 1', 'href': '/ligue-1/startseite/wettbewerb/FR1', 'seasoned_href': 'https://www.transfermarkt.co.uk/ligue-1/startseite/wettbewerb/FR1/plus/0?saison_id=2023'}",,28,26.4,18,64.3 %,12,Decathlon Arena-Stade Pierre-Mauroy,50186,61600000.0,Paulo Fonseca,/paulo-fonseca/profil/trainer/19944,https://tmssl.akamaized.net//images/wappen/head/1082.png?lm=1529521041,,losc-lille,LOSC Lille,2023-ligue-1,2023,ligue-1,Ligue 1,France,€4.38bn,first_tier,4380000000.0,64.3
club,/fc-lorient/startseite/verein/1158,"{'type': 'competition', 'country_id': '50', 'country_name': 'France', 'country_code': 'FR1', 'total_clubs': '18', 'total_players': '479', 'average_age': '25.7', 'foreigner_percentage': '62.4 %', 'average_market_value': None, 'total_value': '€4.38bn', 'competition_type': 'first_tier', 'competition_name': 'Ligue 1', 'href': '/ligue-1/startseite/wettbewerb/FR1', 'seasoned_href': 'https://www.transfermarkt.co.uk/ligue-1/startseite/wettbewerb/FR1/plus/0?saison_id=2023'}",,25,26.0,18,72.0 %,9,Stade du Moustoir,16787,600000.0,Régis Le Bris,/regis-le-bris/profil/trainer/40910,https://tmssl.akamaized.net//images/wappen/head/1158.png?lm=1406642498,,fc-lorient,FC Lorient,2023-ligue-1,2023,ligue-1,Ligue 1,France,€4.38bn,first_tier,4380000000.0,72.0
club,/fc-toulouse/startseite/verein/415,"{'type': 'competition', 'country_id': '50', 'country_name': 'France', 'country_code': 'FR1', 'total_clubs': '18', 'total_players': '479', 'average_age': '25.7', 'foreigner_percentage': '62.4 %', 'average_market_value': None, 'total_value': '€4.38bn', 'competition_type': 'first_tier', 'competition_name': 'Ligue 1', 'href': '/ligue-1/startseite/wettbewerb/FR1', 'seasoned_href': 'https://www.transfermarkt.co.uk/ligue-1/startseite/wettbewerb/FR1/plus/0?saison_id=2023'}",,24,24.1,17,70.8 %,7,Stadium Municipal,33150,31350000.0,Carles Martínez,/carles-martinez/profil/trainer/40683,https://tmssl.akamaized.net//images/wappen/head/415.png?lm=1740065124,,fc-toulouse,FC Toulouse,2023-ligue-1,2023,ligue-1,Ligue 1,France,€4.38bn,first_tier,4380000000.0,70.8
club,/fc-metz/startseite/verein/347,"{'type': 'competition', 'country_id': '50', 'country_name': 'France', 'country_code': 'FR1', 'total_clubs': '18', 'total_players': '479', 'average_age': '25.7', 'foreigner_percentage': '62.4 %', 'average_market_value': None, 'total_value': '€4.38bn', 'competition_type': 'first_tier', 'competition_name': 'Ligue 1', 'href': '/ligue-1/startseite/wettbewerb/FR1', 'seasoned_href': 'https://www.transfermarkt.co.uk/ligue-1/startseite/wettbewerb/FR1/plus/0?saison_id=2023'}",,27,25.8,19,70.4 %,7,Stade Saint-Symphorien,28786,29850000.0,Ladislau Bölöni,/ladislau-boloni/profil/trainer/1227,https://tmssl.akamaized.net//images/wappen/head/347.png?lm=1625391843,,fc-metz,FC Metz,2023-ligue-1,2023,ligue-1,Ligue 1,France,€4.38bn,first_tier,4380000000.0,70.4
club,/clermont-foot-63/startseite/verein/3524,"{'type': 'competition', 'country_id': '50', 'country_name': 'France', 'country_code': 'FR1', 'total_clubs': '18', 'total_players': '479', 'average_age': '25.7', 'foreigner_percentage': '62.4 %', 'average_market_value': None, 'total_value': '€4.38bn', 'competition_type': 'first_tier', 'competition_name': 'Ligue 1', 'href': '/ligue-1/startseite/wettbewerb/FR1', 'seasoned_href': 'https://www.transfermarkt.co.uk/ligue-1/startseite/wettbewerb/FR1/plus/0?saison_id=2023'}",,28,25.9,16,57.1 %,1,Stade Gabriel-Montpied,10800,-0.0,Pascal Gastien,/pascal-gastien/profil/trainer/13916,https://tmssl.akamaized.net//images/wappen/head/3524.png?lm=1625739356,,clermont-foot-63,Clermont Foot 63,2023-ligue-1,2023,ligue-1,Ligue 1,France,€4.38bn,first_tier,4380000000.0,57.1
club,/tottenham-hotspur/startseite/verein/148,"{'type': 'competition', 'country_id': '189', 'country_name': 'England', 'country_code': 'GB1', 'total_clubs': '20', 'total_players': '528', 'average_age': '26.5', 'foreigner_percentage': '72.0 %', 'average_market_value': None, 'total_value': '€12.58bn', 'competition_type': 'first_tier', 'competition_name': 'Premier League', 'href': '/premier-league/startseite/wettbewerb/GB1', 'seasoned_href': 'https://www.transfermarkt.co.uk/premier-league/startseite/wettbewerb/GB1/plus/0?saison_id=2023'}",,28,25.9,22,78.6 %,20,Tottenham Hotspur Stadium,62850,-182900000.0,Ange Postecoglou,/ange-postecoglou/profil/trainer/11929,https://tmssl.akamaized.net//images/wappen/head/148.png?lm=1732011953,,tottenham-hotspur,Tottenham Hotspur,2023-premier-league,2023,premier-league,Premier League,England,€12.58bn,first_tier,12580000000.0,78.6
club,/manchester-united/startseite/verein/985,"{'type': 'competition', 'country_id': '189', 'country_name': 'England', 'country_code': 'GB1', 'total_clubs': '20', 'total_players': '528', 'average_age': '26.5', 'foreigner_percentage': '72.0 %', 'average_market_value': None, 'total_value': '€12.58bn', 'competition_type': 'first_tier', 'competition_name': 'Premier League', 'href': '/premier-league/startseite/wettbewerb/GB1', 'seasoned_href': 'https://www.transfermarkt.co.uk/premier-league/startseite/wettbewerb/GB1/plus/0?saison_id=2023'}",,24,26.6,18,75.0 %,15,Old Trafford,74879,-172500000.0,Erik ten Hag,/erik-ten-hag/profil/trainer/3816,https://tmssl.akamaized.net//images/wappen/head/985.png?lm=1457975903,,manchester-united,Manchester United,2023-premier-league,2023,premier-league,Premier League,England,€12.58bn,first_tier,12580000000.0,75.0
club,/nottingham-forest/startseite/verein/703,"{'type': 'competition', 'country_id': '189', 'country_name': 'England', 'country_code': 'GB1', 'total_clubs': '20', 'total_players': '528', 'average_age': '26.5', 'foreigner_percentage': '72.0 %', 'average_market_value': None, 'total_value': '€12.58bn', 'competition_type': 'first_tier', 'competition_name': 'Premier League', 'href': '/premier-league/startseite/wettbewerb/GB1', 'seasoned_href': 'https://www.transfermarkt.co.uk/premier-league/startseite/wettbewerb/GB1/plus/0?saison_id=2023'}",,29,26.7,22,75.9 %,14,The City Ground,30404,-111430000.0,Steve Cooper,/steve-cooper/profil/trainer/37574,https://tmssl.akamaized.net//images/wappen/head/703.png?lm=1598890289,,nottingham-forest,Nottingham Forest,2023-premier-league,2023,premier-league,Premier League,England,€12.58bn,first_tier,12580000000.0,75.9
club,/fc-chelsea/startseite/verein/631,"{'type': 'competition', 'country_id': '189', 'country_name': 'England', 'country_code': 'GB1', 'total_clubs': '20', 'total_players': '528', 'average_age': '26.5', 'foreigner_percentage': '72.0 %', 'average_market_value': None, 'total_value': '€12.58bn', 'competition_type': 'first_tier', 'competition_name': 'Premier League', 'href': '/premier-league/startseite/wettbewerb/GB1', 'seasoned_href': 'https://www.transfermarkt.co.uk/premier-league/startseite/wettbewerb/GB1/plus/0?saison_id=2023'}",,31,23.7,21,67.7 %,15,Stamford Bridge,41631,-4900000.0,Mauricio Pochettino,/mauricio-pochettino/profil/trainer/9044,https://tmssl.akamaized.net//images/wappen/head/631.png?lm=1682435911,,fc-chelsea,Chelsea FC,2023-premier-league,2023,premier-league,Premier League,England,€12.58bn,first_tier,12580000000.0,67.7
club,/manchester-city/startseite/verein/281,"{'type': 'competition', 'country_id': '189', 'country_name': 'England', 'country_code': 'GB1', 'total_clubs': '20', 'total_players': '528', 'average_age': '26.5', 'foreigner_percentage': '72.0 %', 'average_market_value': None, 'total_value': '€12.58bn', 'competition_type': 'first_tier', 'competition_name': 'Premier League', 'href': '/premier-league/startseite/wettbewerb/GB1', 'seasoned_href': 'https://www.transfermarkt.co.uk/premier-league/startseite/wettbewerb/GB1/plus/0?saison_id=2023'}",,27,26.1,19,70.4 %,22,Etihad Stadium,55097,-199520000.0,Pep Guardiola,/pep-guardiola/profil/trainer/5672,https://tmssl.akamaized.net//images/wappen/head/281.png?lm=1467356331,,manchester-city,Manchester City,2023-premier-league,2023,premier-league,Premier League,England,€12.58bn,first_tier,12580000000.0,70.4
club,/fc-liverpool/startseite/verein/31,"{'type': 'competition', 'country_id': '189', 'country_name': 'England', 'country_code': 'GB1', 'total_clubs': '20', 'total_players': '528', 'average_age': '26.5', 'foreigner_percentage': '72.0 %', 'average_market_value': None, 'total_value': '€12.58bn', 'competition_type': 'first_tier', 'competition_name': 'Premier League', 'href': '/premier-league/startseite/wettbewerb/GB1', 'seasoned_href': 'https://www.transfermarkt.co.uk/premier-league/startseite/wettbewerb/GB1/plus/0?saison_id=2023'}",,28,26.1,21,75.0 %,18,Anfield,61276,-261850000.0,Jürgen Klopp,/jurgen-klopp/profil/trainer/118,https://tmssl.akamaized.net//images/wappen/head/31.png?lm=1727873452,,fc-liverpool,Liverpool FC,2023-premier-league,2023,premier-league,Premier League,England,€12.58bn,first_tier,12580000000.0,75.0
club,/fc-arsenal/startseite/verein/11,"{'type': 'competition', 'country_id': '189', 'country_name': 'England', 'country_code': 'GB1', 'total_clubs': '20', 'total_players': '528', 'average_age': '26.5', 'foreigner_percentage': '72.0 %', 'average_market_value': None, 'total_value': '€12.58bn', 'competition_type': 'first_tier', 'competition_name': 'Premier League', 'href': '/premier-league/startseite/wettbewerb/GB1', 'seasoned_href': 'https://www.transfermarkt.co.uk/premier-league/startseite/wettbewerb/GB1/plus/0?saison_id=2023'}",,25,26.3,17,68.0 %,20,Emirates Stadium,60704,-280730000.0,Mikel Arteta,/mikel-arteta/profil/trainer/47620,https://tmssl.akamaized.net//images/wappen/head/11.png?lm=1489787850,,fc-arsenal,Arsenal FC,2023-premier-league,2023,premier-league,Premier League,England,€12.58bn,first_tier,12580000000.0,68.0
club,/brighton-amp-hove-albion/startseite/verein/1237,"{'type': 'competition', 'country_id': '189', 'country_name': 'England', 'country_code': 'GB1', 'total_clubs': '20', 'total_players': '528', 'average_age': '26.5', 'foreigner_percentage': '72.0 %', 'average_market_value': None, 'total_value': '€12.58bn', 'competition_type': 'first_tier', 'competition_name': 'Premier League', 'href': '/premier-league/startseite/wettbewerb/GB1', 'seasoned_href': 'https://www.transfermarkt.co.uk/premier-league/startseite/wettbewerb/GB1/plus/0?saison_id=2023'}",,26,27.6,19,73.1 %,15,AMEX Stadium,31876,63150000.0,Roberto De Zerbi,/roberto-de-zerbi/profil/trainer/32157,https://tmssl.akamaized.net//images/wappen/head/1237.png?lm=1492718902,,brighton-amp-hove-albion,Brighton & Hove Albion,2023-premier-league,2023,premier-league,Premier League,England,€12.58bn,first_tier,12580000000.0,73.1
club,/aston-villa/startseite/verein/405,"{'type': 'competition', 'country_id': '189', 'country_name': 'England', 'country_code': 'GB1', 'total_clubs': '20', 'total_players': '528', 'average_age': '26.5', 'foreigner_percentage': '72.0 %', 'average_market_value': None, 'total_value': '€12.58bn', 'competition_type': 'first_tier', 'competition_name': 'Premier League', 'href': '/premier-league/startseite/wettbewerb/GB1', 'seasoned_href': 'https://www.transfermarkt.co.uk/premier-league/startseite/wettbewerb/GB1/plus/0?saison_id=2023'}",,25,28.2,17,68.0 %,12,Villa Park,42918,-12650000.0,Unai Emery,/unai-emery/profil/trainer/5075,https://tmssl.akamaized.net//images/wappen/head/405.png?lm=1717155982,,aston-villa,Aston Villa,2023-premier-league,2023,premier-league,Premier League,England,€12.58bn,first_tier,12580000000.0,68.0
club,/crystal-palace/startseite/verein/873,"{'type': 'competition', 'country_id': '189', 'country_name': 'England', 'country_code': 'GB1', 'total_clubs': '20', 'total_players': '528', 'average_age': '26.5', 'foreigner_percentage': '72.0 %', 'average_market_value': None, 'total_value': '€12.58bn', 'competition_type': 'first_tier', 'competition_name': 'Premier League', 'href': '/premier-league/startseite/wettbewerb/GB1', 'seasoned_href': 'https://www.transfermarkt.co.uk/premier-league/startseite/wettbewerb/GB1/plus/0?saison_id=2023'}",,28,26.5,19,67.9 %,19,Selhurst Park,25486,-47850000.0,Roy Hodgson,/roy-hodgson/profil/trainer/1775,https://tmssl.akamaized.net//images/wappen/head/873.png?lm=1457723287,,crystal-palace,Crystal Palace,2023-premier-league,2023,premier-league,Premier League,England,€12.58bn,first_tier,12580000000.0,67.9
club,/fc-brentford/startseite/verein/1148,"{'type': 'competition', 'country_id': '189', 'country_name': 'England', 'country_code': 'GB1', 'total_clubs': '20', 'total_players': '528', 'average_age': '26.5', 'foreigner_percentage': '72.0 %', 'average_market_value': None, 'total_value': '€12.58bn', 'competition_type': 'first_tier', 'competition_name': 'Premier League', 'href': '/premier-league/startseite/wettbewerb/GB1', 'seasoned_href': 'https://www.transfermarkt.co.uk/premier-league/startseite/wettbewerb/GB1/plus/0?saison_id=2023'}",,26,25.5,20,76.9 %,14,Gtech Community Stadium,17250,50060000.0,Thomas Frank,/thomas-frank/profil/trainer/9002,https://tmssl.akamaized.net//images/wappen/head/1148.png?lm=1625150543,,fc-brentford,Brentford FC,2023-premier-league,2023,premier-league,Premier League,England,€12.58bn,first_tier,12580000000.0,76.9
club,/fc-everton/startseite/verein/29,"{'type': 'competition', 'country_id': '189', 'country_name': 'England', 'country_code': 'GB1', 'total_clubs': '20', 'total_players': '528', 'average_age': '26.5', 'foreigner_percentage': '72.0 %', 'average_market_value': None, 'total_value': '€12.58bn', 'competition_type': 'first_tier', 'competition_name': 'Premier League', 'href': '/premier-league/startseite/wettbewerb/GB1', 'seasoned_href': 'https://www.transfermarkt.co.uk/premier-league/startseite/wettbewerb/GB1/plus/0?saison_id=2023'}",,25,26.8,13,52.0 %,11,Hill Dickinson Stadium,52769,-117150000.0,Sean Dyche,/sean-dyche/profil/trainer/15856,https://tmssl.akamaized.net//images/wappen/head/29.png?lm=1445949846,,fc-everton,Everton FC,2023-premier-league,2023,premier-league,Premier League,England,€12.58bn,first_tier,12580000000.0,52.0
club,/fc-burnley/startseite/verein/1132,"{'type': 'competition', 'country_id': '189', 'country_name': 'England', 'country_code': 'GB1', 'total_clubs': '20', 'total_players': '528', 'average_age': '26.5', 'foreigner_percentage': '72.0 %', 'average_market_value': None, 'total_value': '€12.58bn', 'competition_type': 'first_tier', 'competition_name': 'Premier League', 'href': '/premier-league/startseite/wettbewerb/GB1', 'seasoned_href': 'https://www.transfermarkt.co.uk/premier-league/startseite/wettbewerb/GB1/plus/0?saison_id=2023'}",,29,27.8,21,72.4 %,12,Turf Moor,21994,-91500000.0,Vincent Kompany,/vincent-kompany/profil/trainer/69681,https://tmssl.akamaized.net//images/wappen/head/1132.png?lm=1686818840,,fc-burnley,Burnley FC,2023-premier-league,2023,premier-league,Premier League,England,€12.58bn,first_tier,12580000000.0,72.4
club,/wolverhampton-wanderers/startseite/verein/543,"{'type': 'competition', 'country_id': '189', 'country_name': 'England', 'country_code': 'GB1', 'total_clubs': '20', 'total_players': '528', 'average_age': '26.5', 'foreigner_percentage': '72.0 %', 'average_market_value': None, 'total_value': '€12.58bn', 'competition_type': 'first_tier', 'competition_name': 'Premier League', 'href': '/premier-league/startseite/wettbewerb/GB1', 'seasoned_href': 'https://www.transfermarkt.co.uk/premier-league/startseite/wettbewerb/GB1/plus/0?saison_id=2023'}",,23,26.3,19,82.6 %,12,Molineux Stadium,31750,81100000.0,Julen Lopetegui,/julen-lopetegui/profil/trainer/6615,https://tmssl.akamaized.net//images/wappen/head/543.png?lm=1467496784,,wolverhampton-wanderers,Wolverhampton Wanderers,2023-premier-league,2023,premier-league,Premier League,England,€12.58bn,first_tier,12580000000.0,82.6
club,/west-ham-united/startseite/verein/379,"{'type': 'competition', 'country_id': '189', 'country_name': 'England', 'country_code': 'GB1', 'total_clubs': '20', 'total_players': '528', 'average_age': '26.5', 'foreigner_percentage': '72.0 %', 'average_market_value': None, 'total_value': '€12.58bn', 'competition_type': 'first_tier', 'competition_name': 'Premier League', 'href': '/premier-league/startseite/wettbewerb/GB1', 'seasoned_href': 'https://www.transfermarkt.co.uk/premier-league/startseite/wettbewerb/GB1/plus/0?saison_id=2023'}",,24,26.7,17,70.8 %,8,London Stadium,62500,-53100000.0,David Moyes,/david-moyes/profil/trainer/450,https://tmssl.akamaized.net//images/wappen/head/379.png?lm=1464675260,,west-ham-united,West Ham United,2023-premier-league,2023,premier-league,Premier League,England,€12.58bn,first_tier,12580000000.0,70.8
club,/afc-bournemouth/startseite/verein/989,"{'type': 'competition', 'country_id': '189', 'country_name': 'England', 'country_code': 'GB1', 'total_clubs': '20', 'total_players': '528', 'average_age': '26.5', 'foreigner_percentage': '72.0 %', 'average_market_value': None, 'total_value': '€12.58bn', 'competition_type': 'first_tier', 'competition_name': 'Premier League', 'href': '/premier-league/startseite/wettbewerb/GB1', 'seasoned_href': 'https://www.transfermarkt.co.uk/premier-league/startseite/wettbewerb/GB1/plus/0?saison_id=2023'}",,26,25.6,20,76.9 %,13,Vitality Stadium,11307,130310000.0,Andoni Iraola,/andoni-iraola/profil/trainer/60677,https://tmssl.akamaized.net//images/wappen/head/989.png?lm=1457991811,,afc-bournemouth,AFC Bournemouth,2023-premier-league,2023,premier-league,Premier League,England,€12.58bn,first_tier,12580000000.0,76.9
club,/sheffield-united/startseite/verein/350,"{'type': 'competition', 'country_id': '189', 'country_name': 'England', 'country_code': 'GB1', 'total_clubs': '20', 'total_players': '528', 'average_age': '26.5', 'foreigner_percentage': '72.0 %', 'average_market_value': None, 'total_value': '€12.58bn', 'competition_type': 'first_tier', 'competition_name': 'Premier League', 'href': '/premier-league/startseite/wettbewerb/GB1', 'seasoned_href': 'https://www.transfermarkt.co.uk/premier-league/startseite/wettbewerb/GB1/plus/0?saison_id=2023'}",,31,26.4,13,41.9 %,5,Bramall Lane,32702,-910000.0,Paul Heckingbottom,/paul-heckingbottom/profil/trainer/45358,https://tmssl.akamaized.net//images/wappen/head/350.png?lm=1409254138,,sheffield-united,Sheffield United,2023-premier-league,2023,premier-league,Premier League,England,€12.58bn,first_tier,12580000000.0,41.9
club,/fc-fulham/startseite/verein/931,"{'type': 'competition', 'country_id': '189', 'country_name': 'England', 'country_code': 'GB1', 'total_clubs': '20', 'total_players': '528', 'average_age': '26.5', 'foreigner_percentage': '72.0 %', 'average_market_value': None, 'total_value': '€12.58bn', 'competition_type': 'first_tier', 'competition_name': 'Premier League', 'href': '/premier-league/startseite/wettbewerb/GB1', 'seasoned_href': 'https://www.transfermarkt.co.uk/premier-league/startseite/wettbewerb/GB1/plus/0?saison_id=2023'}",,24,28.3,20,83.3 %,12,Craven Cottage,29589,-56400000.0,Marco Silva,/marco-silva/profil/trainer/19631,https://tmssl.akamaized.net//images/wappen/head/931.png?lm=1556831687,,fc-fulham,Fulham FC,2023-premier-league,2023,premier-league,Premier League,England,€12.58bn,first_tier,12580000000.0,83.3
club,/newcastle-united/startseite/verein/762,"{'type': 'competition', 'country_id': '189', 'country_name': 'England', 'country_code': 'GB1', 'total_clubs': '20', 'total_players': '528', 'average_age': '26.5', 'foreigner_percentage': '72.0 %', 'average_market_value': None, 'total_value': '€12.58bn', 'competition_type': 'first_tier', 'competition_name': 'Premier League', 'href': '/premier-league/startseite/wettbewerb/GB1', 'seasoned_href': 'https://www.transfermarkt.co.uk/premier-league/startseite/wettbewerb/GB1/plus/0?saison_id=2023'}",,26,28.2,12,46.2 %,15,St James' Park,52258,-102850000.0,Eddie Howe,/eddie-howe/profil/trainer/10976,https://tmssl.akamaized.net//images/wappen/head/762.png?lm=1472921161,,newcastle-united,Newcastle United,2023-premier-league,2023,premier-league,Premier League,England,€12.58bn,first_tier,12580000000.0,46.2
club,/luton-town/startseite/verein/1031,"{'type': 'competition', 'country_id': '189', 'country_name': 'England', 'country_code': 'GB1', 'total_clubs': '20', 'total_players': '528', 'average_age': '26.5', 'foreigner_percentage': '72.0 %', 'average_market_value': None, 'total_value': '€12.58bn', 'competition_type': 'first_tier', 'competition_name': 'Premier League', 'href': '/premier-league/startseite/wettbewerb/GB1', 'seasoned_href': 'https://www.transfermarkt.co.uk/premier-league/startseite/wettbewerb/GB1/plus/0?saison_id=2023'}",,26,27.1,14,53.8 %,5,Kenilworth Road,11850,12950000.0,Rob Edwards,/rob-edwards/profil/trainer/49800,https://tmssl.akamaized.net//images/wappen/head/1031.png?lm=1457723228,,luton-town,Luton Town,2023-premier-league,2023,premier-league,Premier League,England,€12.58bn,first_tier,12580000000.0,53.8
club,/fc-turin/startseite/verein/416,"{'type': 'competition', 'country_id': '75', 'country_name': 'Italy', 'country_code': 'IT1', 'total_clubs': '20', 'total_players': '535', 'average_age': '26.8', 'foreigner_percentage': '68.4 %', 'average_market_value': None, 'total_value': '€5.33bn', 'competition_type': 'first_tier', 'competition_name': 'Serie A', 'href': '/serie-a/startseite/wettbewerb/IT1', 'seasoned_href': 'https://www.transfermarkt.co.uk/serie-a/startseite/wettbewerb/IT1/plus/0?saison_id=2023'}",,30,26.3,24,80.0 %,11,Olimpico Grande Torino,28177,21840000.0,Ivan Juric,/ivan-juric/profil/trainer/16508,https://tmssl.akamaized.net//images/wappen/head/416.png?lm=1438548174,,fc-turin,Torino FC,2023-serie-a,2023,serie-a,Serie A,Italy,€5.33bn,first_tier,5330000000.0,80.0
club,/juventus-turin/startseite/verein/506,"{'type': 'competition', 'country_id': '75', 'country_name': 'Italy', 'country_code': 'IT1', 'total_clubs': '20', 'total_players': '535', 'average_age': '26.8', 'foreigner_percentage': '68.4 %', 'average_market_value': None, 'total_value': '€5.33bn', 'competition_type': 'first_tier', 'competition_name': 'Serie A', 'href': '/serie-a/startseite/wettbewerb/IT1', 'seasoned_href': 'https://www.transfermarkt.co.uk/serie-a/startseite/wettbewerb/IT1/plus/0?saison_id=2023'}",,25,27.4,18,72.0 %,19,Allianz Stadium,41507,-49750000.0,Massimiliano Allegri,/massimiliano-allegri/profil/trainer/7671,https://tmssl.akamaized.net//images/wappen/head/506.png?lm=1626441487,,juventus-turin,Juventus FC,2023-serie-a,2023,serie-a,Serie A,Italy,€5.33bn,first_tier,5330000000.0,72.0
club,/inter-mailand/startseite/verein/46,"{'type': 'competition', 'country_id': '75', 'country_name': 'Italy', 'country_code': 'IT1', 'total_clubs': '20', 'total_players': '535', 'average_age': '26.8', 'foreigner_percentage': '68.4 %', 'average_market_value': None, 'total_value': '€5.33bn', 'competition_type': 'first_tier', 'competition_name': 'Serie A', 'href': '/serie-a/startseite/wettbewerb/IT1', 'seasoned_href': 'https://www.transfermarkt.co.uk/serie-a/startseite/wettbewerb/IT1/plus/0?saison_id=2023'}",,24,29.4,16,66.7 %,14,Giuseppe Meazza,75923,-48350000.0,Simone Inzaghi,/simone-inzaghi/profil/trainer/21624,https://tmssl.akamaized.net//images/wappen/head/46.png?lm=1618900989,,inter-mailand,Inter Milan,2023-serie-a,2023,serie-a,Serie A,Italy,€5.33bn,first_tier,5330000000.0,66.7
club,/atalanta-bergamo/startseite/verein/800,"{'type': 'competition', 'country_id': '75', 'country_name': 'Italy', 'country_code': 'IT1', 'total_clubs': '20', 'total_players': '535', 'average_age': '26.8', 'foreigner_percentage': '68.4 %', 'average_market_value': None, 'total_value': '€5.33bn', 'competition_type': 'first_tier', 'competition_name': 'Serie A', 'href': '/serie-a/startseite/wettbewerb/IT1', 'seasoned_href': 'https://www.transfermarkt.co.uk/serie-a/startseite/wettbewerb/IT1/plus/0?saison_id=2023'}",,24,27.4,14,58.3 %,17,New Balance Arena - Bergamo,24950,-8280000.0,Gian Piero Gasperini,/gian-piero-gasperini/profil/trainer/3436,https://tmssl.akamaized.net//images/wappen/head/800.png?lm=1438547428,,atalanta-bergamo,Atalanta BC,2023-serie-a,2023,serie-a,Serie A,Italy,€5.33bn,first_tier,5330000000.0,58.3
club,/lazio-rom/startseite/verein/398,"{'type': 'competition', 'country_id': '75', 'country_name': 'Italy', 'country_code': 'IT1', 'total_clubs': '20', 'total_players': '535', 'average_age': '26.8', 'foreigner_percentage': '68.4 %', 'average_market_value': None, 'total_value': '€5.33bn', 'competition_type': 'first_tier', 'competition_name': 'Serie A', 'href': '/serie-a/startseite/wettbewerb/IT1', 'seasoned_href': 'https://www.transfermarkt.co.uk/serie-a/startseite/wettbewerb/IT1/plus/0?saison_id=2023'}",,28,27.7,17,60.7 %,11,Olimpico di Roma,70634,12550000.0,Maurizio Sarri,/maurizio-sarri/profil/trainer/10073,https://tmssl.akamaized.net//images/wappen/head/398.png?lm=1601537785,,lazio-rom,SS Lazio,2023-serie-a,2023,serie-a,Serie A,Italy,€5.33bn,first_tier,5330000000.0,60.7
club,/genua-cfc/startseite/verein/252,"{'type': 'competition', 'country_id': '75', 'country_name': 'Italy', 'country_code': 'IT1', 'total_clubs': '20', 'total_players': '535', 'average_age': '26.8', 'foreigner_percentage': '68.4 %', 'average_market_value': None, 'total_value': '€5.33bn', 'competition_type': 'first_tier', 'competition_name': 'Serie A', 'href': '/serie-a/startseite/wettbewerb/IT1', 'seasoned_href': 'https://www.transfermarkt.co.uk/serie-a/startseite/wettbewerb/IT1/plus/0?saison_id=2023'}",,26,26.7,18,69.2 %,7,Luigi Ferraris,34901,47930000.0,Alberto Gilardino,/alberto-gilardino/profil/trainer/64045,https://tmssl.akamaized.net//images/wappen/head/252.png?lm=1655305880,,genua-cfc,Genoa CFC,2023-serie-a,2023,serie-a,Serie A,Italy,€5.33bn,first_tier,5330000000.0,69.2
club,/ac-mailand/startseite/verein/5,"{'type': 'competition', 'country_id': '75', 'country_name': 'Italy', 'country_code': 'IT1', 'total_clubs': '20', 'total_players': '535', 'average_age': '26.8', 'foreigner_percentage': '68.4 %', 'average_market_value': None, 'total_value': '€5.33bn', 'competition_type': 'first_tier', 'competition_name': 'Serie A', 'href': '/serie-a/startseite/wettbewerb/IT1', 'seasoned_href': 'https://www.transfermarkt.co.uk/serie-a/startseite/wettbewerb/IT1/plus/0?saison_id=2023'}",,23,27.3,18,78.3 %,18,Giuseppe Meazza,75923,6000000.0,Stefano Pioli,/stefano-pioli/profil/trainer/2135,https://tmssl.akamaized.net//images/wappen/head/5.png?lm=1605166627,,ac-mailand,AC Milan,2023-serie-a,2023,serie-a,Serie A,Italy,€5.33bn,first_tier,5330000000.0,78.3
club,/ssc-neapel/startseite/verein/6195,"{'type': 'competition', 'country_id': '75', 'country_name': 'Italy', 'country_code': 'IT1', 'total_clubs': '20', 'total_players': '535', 'average_age': '26.8', 'foreigner_percentage': '68.4 %', 'average_market_value': None, 'total_value': '€5.33bn', 'competition_type': 'first_tier', 'competition_name': 'Serie A', 'href': '/serie-a/startseite/wettbewerb/IT1', 'seasoned_href': 'https://www.transfermarkt.co.uk/serie-a/startseite/wettbewerb/IT1/plus/0?saison_id=2023'}",,26,28.7,17,65.4 %,16,Diego Armando Maradona,54726,-15350000.0,Rudi Garcia,/rudi-garcia/profil/trainer/1537,https://tmssl.akamaized.net//images/wappen/head/6195.png?lm=1753167643,,ssc-neapel,SSC Napoli,2023-serie-a,2023,serie-a,Serie A,Italy,€5.33bn,first_tier,5330000000.0,65.4
club,/ac-florenz/startseite/verein/430,"{'type': 'competition', 'country_id': '75', 'country_name': 'Italy', 'country_code': 'IT1', 'total_clubs': '20', 'total_players': '535', 'average_age': '26.8', 'foreigner_percentage': '68.4 %', 'average_market_value': None, 'total_value': '€5.33bn', 'competition_type': 'first_tier', 'competition_name': 'Serie A', 'href': '/serie-a/startseite/wettbewerb/IT1', 'seasoned_href': 'https://www.transfermarkt.co.uk/serie-a/startseite/wettbewerb/IT1/plus/0?saison_id=2023'}",,27,26.0,11,40.7 %,11,Artemio Franchi,43147,-29210000.0,Vincenzo Italiano,/vincenzo-italiano/profil/trainer/47288,https://tmssl.akamaized.net//images/wappen/head/430.png?lm=1722844765,,ac-florenz,ACF Fiorentina,2023-serie-a,2023,serie-a,Serie A,Italy,€5.33bn,first_tier,5330000000.0,40.7
club,/as-rom/startseite/verein/12,"{'type': 'competition', 'country_id': '75', 'country_name': 'Italy', 'country_code': 'IT1', 'total_clubs': '20', 'total_players': '535', 'average_age': '26.8', 'foreigner_percentage': '68.4 %', 'average_market_value': None, 'total_value': '€5.33bn', 'competition_type': 'first_tier', 'competition_name': 'Serie A', 'href': '/serie-a/startseite/wettbewerb/IT1', 'seasoned_href': 'https://www.transfermarkt.co.uk/serie-a/startseite/wettbewerb/IT1/plus/0?saison_id=2023'}",,27,26.2,19,70.4 %,13,Olimpico di Roma,70634,-24450000.0,José Mourinho,/jose-mourinho/profil/trainer/781,https://tmssl.akamaized.net//images/wappen/head/12.png?lm=1751979202,,as-rom,AS Roma,2023-serie-a,2023,serie-a,Serie A,Italy,€5.33bn,first_tier,5330000000.0,70.4
club,/fc-bologna/startseite/verein/1025,"{'type': 'competition', 'country_id': '75', 'country_name': 'Italy', 'country_code': 'IT1', 'total_clubs': '20', 'total_players': '535', 'average_age': '26.8', 'foreigner_percentage': '68.4 %', 'average_market_value': None, 'total_value': '€5.33bn', 'competition_type': 'first_tier', 'competition_name': 'Serie A', 'href': '/serie-a/startseite/wettbewerb/IT1', 'seasoned_href': 'https://www.transfermarkt.co.uk/serie-a/startseite/wettbewerb/IT1/plus/0?saison_id=2023'}",,27,27.3,17,63.0 %,11,Stadio Renato Dall’Ara,36462,27700000.0,Thiago Motta,/thiago-motta/profil/trainer/61868,https://tmssl.akamaized.net//images/wappen/head/1025.png?lm=1626441324,,fc-bologna,Bologna FC 1909,2023-serie-a,2023,serie-a,Serie A,Italy,€5.33bn,first_tier,5330000000.0,63.0
club,/us-sassuolo/startseite/verein/6574,"{'type': 'competition', 'country_id': '75', 'country_name': 'Italy', 'country_code': 'IT1', 'total_clubs': '20', 'total_players': '535', 'average_age': '26.8', 'foreigner_percentage': '68.4 %', 'average_market_value': None, 'total_value': '€5.33bn', 'competition_type': 'first_tier', 'competition_name': 'Serie A', 'href': '/serie-a/startseite/wettbewerb/IT1', 'seasoned_href': 'https://www.transfermarkt.co.uk/serie-a/startseite/wettbewerb/IT1/plus/0?saison_id=2023'}",,29,26.0,17,58.6 %,12,Mapei Stadium - Città del Tricolore,21584,-34680000.0,Alessio Dionisi,/alessio-dionisi/profil/trainer/36126,https://tmssl.akamaized.net//images/wappen/head/6574.png?lm=1755894334,,us-sassuolo,US Sassuolo,2023-serie-a,2023,serie-a,Serie A,Italy,€5.33bn,first_tier,5330000000.0,58.6
club,/udinese-calcio/startseite/verein/410,"{'type': 'competition', 'country_id': '75', 'country_name': 'Italy', 'country_code': 'IT1', 'total_clubs': '20', 'total_players': '535', 'average_age': '26.8', 'foreigner_percentage': '68.4 %', 'average_market_value': None, 'total_value': '€5.33bn', 'competition_type': 'first_tier', 'competition_name': 'Serie A', 'href': '/serie-a/startseite/wettbewerb/IT1', 'seasoned_href': 'https://www.transfermarkt.co.uk/serie-a/startseite/wettbewerb/IT1/plus/0?saison_id=2023'}",,26,26.2,21,80.8 %,9,Bluenergy Stadium,25144,47650000.0,Andrea Sottil,/andrea-sottil/profil/trainer/19718,https://tmssl.akamaized.net//images/wappen/head/410.png?lm=1688982584,,udinese-calcio,Udinese Calcio,2023-serie-a,2023,serie-a,Serie A,Italy,€5.33bn,first_tier,5330000000.0,80.8
club,/ac-monza/startseite/verein/2919,"{'type': 'competition', 'country_id': '75', 'country_name': 'Italy', 'country_code': 'IT1', 'total_clubs': '20', 'total_players': '535', 'average_age': '26.8', 'foreigner_percentage': '68.4 %', 'average_market_value': None, 'total_value': '€5.33bn', 'competition_type': 'first_tier', 'competition_name': 'Serie A', 'href': '/serie-a/startseite/wettbewerb/IT1', 'seasoned_href': 'https://www.transfermarkt.co.uk/serie-a/startseite/wettbewerb/IT1/plus/0?saison_id=2023'}",,28,26.9,12,42.9 %,2,Brianteo,17102,14900000.0,Raffaele Palladino,/raffaele-palladino/profil/trainer/95674,https://tmssl.akamaized.net//images/wappen/head/2919.png?lm=1562072734,,ac-monza,AC Monza,2023-serie-a,2023,serie-a,Serie A,Italy,€5.33bn,first_tier,5330000000.0,42.9
club,/frosinone-calcio/startseite/verein/8970,"{'type': 'competition', 'country_id': '75', 'country_name': 'Italy', 'country_code': 'IT1', 'total_clubs': '20', 'total_players': '535', 'average_age': '26.8', 'foreigner_percentage': '68.4 %', 'average_market_value': None, 'total_value': '€5.33bn', 'competition_type': 'first_tier', 'competition_name': 'Serie A', 'href': '/serie-a/startseite/wettbewerb/IT1', 'seasoned_href': 'https://www.transfermarkt.co.uk/serie-a/startseite/wettbewerb/IT1/plus/0?saison_id=2023'}",,30,24.4,9,30.0 %,4,Benito Stirpe,16227,16850000.0,Eusebio Di Francesco,/eusebio-di-francesco/profil/trainer/12924,https://tmssl.akamaized.net//images/wappen/head/8970.png?lm=1438547543,,frosinone-calcio,Frosinone Calcio,2023-serie-a,2023,serie-a,Serie A,Italy,€5.33bn,first_tier,5330000000.0,30.0
club,/fc-empoli/startseite/verein/749,"{'type': 'competition', 'country_id': '75', 'country_name': 'Italy', 'country_code': 'IT1', 'total_clubs': '20', 'total_players': '535', 'average_age': '26.8', 'foreigner_percentage': '68.4 %', 'average_market_value': None, 'total_value': '€5.33bn', 'competition_type': 'first_tier', 'competition_name': 'Serie A', 'href': '/serie-a/startseite/wettbewerb/IT1', 'seasoned_href': 'https://www.transfermarkt.co.uk/serie-a/startseite/wettbewerb/IT1/plus/0?saison_id=2023'}",,33,24.6,9,27.3 %,1,Carlo Castellani,19847,23330000.0,Paolo Zanetti,/paolo-zanetti/profil/trainer/52249,https://tmssl.akamaized.net//images/wappen/head/749.png?lm=1626441481,,fc-empoli,FC Empoli,2023-serie-a,2023,serie-a,Serie A,Italy,€5.33bn,first_tier,5330000000.0,27.3
club,/us-salernitana-1919/startseite/verein/380,"{'type': 'competition', 'country_id': '75', 'country_name': 'Italy', 'country_code': 'IT1', 'total_clubs': '20', 'total_players': '535', 'average_age': '26.8', 'foreigner_percentage': '68.4 %', 'average_market_value': None, 'total_value': '€5.33bn', 'competition_type': 'first_tier', 'competition_name': 'Serie A', 'href': '/serie-a/startseite/wettbewerb/IT1', 'seasoned_href': 'https://www.transfermarkt.co.uk/serie-a/startseite/wettbewerb/IT1/plus/0?saison_id=2023'}",,26,27.0,7,26.9 %,0,Arechi,29739,2140000.0,Paulo Sousa,/paulo-sousa/profil/trainer/8369,https://tmssl.akamaized.net//images/wappen/head/380.png?lm=1601390035,,us-salernitana-1919,US Salernitana 1919,2023-serie-a,2023,serie-a,Serie A,Italy,€5.33bn,first_tier,5330000000.0,26.9
club,/hellas-verona/startseite/verein/276,"{'type': 'competition', 'country_id': '75', 'country_name': 'Italy', 'country_code': 'IT1', 'total_clubs': '20', 'total_players': '535', 'average_age': '26.8', 'foreigner_percentage': '68.4 %', 'average_market_value': None, 'total_value': '€5.33bn', 'competition_type': 'first_tier', 'competition_name': 'Serie A', 'href': '/serie-a/startseite/wettbewerb/IT1', 'seasoned_href': 'https://www.transfermarkt.co.uk/serie-a/startseite/wettbewerb/IT1/plus/0?saison_id=2023'}",,30,26.0,26,86.7 %,9,Marcantonio Bentegodi,39211,7300000.0,Marco Baroni,/marco-baroni/profil/trainer/12015,https://tmssl.akamaized.net//images/wappen/head/276.png?lm=1617228746,,hellas-verona,Hellas Verona,2023-serie-a,2023,serie-a,Serie A,Italy,€5.33bn,first_tier,5330000000.0,86.7
club,/us-lecce/startseite/verein/1005,"{'type': 'competition', 'country_id': '75', 'country_name': 'Italy', 'country_code': 'IT1', 'total_clubs': '20', 'total_players': '535', 'average_age': '26.8', 'foreigner_percentage': '68.4 %', 'average_market_value': None, 'total_value': '€5.33bn', 'competition_type': 'first_tier', 'competition_name': 'Serie A', 'href': '/serie-a/startseite/wettbewerb/IT1', 'seasoned_href': 'https://www.transfermarkt.co.uk/serie-a/startseite/wettbewerb/IT1/plus/0?saison_id=2023'}",,27,25.2,23,85.2 %,10,Ettore Giardiniero,31559,8620000.0,Roberto D'Aversa,/roberto-daversa/profil/trainer/35782,https://tmssl.akamaized.net//images/wappen/head/1005.png?lm=1689169528,,us-lecce,US Lecce,2023-serie-a,2023,serie-a,Serie A,Italy,€5.33bn,first_tier,5330000000.0,85.2
club,/cagliari-calcio/startseite/verein/1390,"{'type': 'competition', 'country_id': '75', 'country_name': 'Italy', 'country_code': 'IT1', 'total_clubs': '20', 'total_players': '535', 'average_age': '26.8', 'foreigner_percentage': '68.4 %', 'average_market_value': None, 'total_value': '€5.33bn', 'competition_type': 'first_tier', 'competition_name': 'Serie A', 'href': '/serie-a/startseite/wettbewerb/IT1', 'seasoned_href': 'https://www.transfermarkt.co.uk/serie-a/startseite/wettbewerb/IT1/plus/0?saison_id=2023'}",,28,25.3,13,46.4 %,8,Unipol Domus,16416,800000.0,Claudio Ranieri,/claudio-ranieri/profil/trainer/456,https://tmssl.akamaized.net//images/wappen/head/1390.png?lm=1626441409,,cagliari-calcio,Cagliari Calcio,2023-serie-a,2023,serie-a,Serie A,Italy,€5.33bn,first_tier,5330000000.0,46.4
club,/fc-bayern-munchen/startseite/verein/27,"{'type': 'competition', 'country_id': '40', 'country_name': 'Germany', 'country_code': 'L1', 'total_clubs': '18', 'total_players': '517', 'average_age': '26.0', 'foreigner_percentage': '59.0 %', 'average_market_value': '\n', 'total_value': '€5.02bn', 'competition_type': 'first_tier', 'competition_name': 'Bundesliga', 'href': '/bundesliga/startseite/wettbewerb/L1', 'seasoned_href': 'https://www.transfermarkt.co.uk/bundesliga/startseite/wettbewerb/L1/plus/0?saison_id=2024'}",,25,27.0,13,52.0 %,16,Allianz Arena,75000,12900000.0,Vincent Kompany,/vincent-kompany/profil/trainer/69681,https://tmssl.akamaized.net//images/wappen/head/27.png?lm=1729503608,,fc-bayern-munchen,Bayern Munich,2024-bundesliga,2024,bundesliga,Bundesliga,Germany,€5.02bn,first_tier,5020000000.0,52.0
club,/bayer-04-leverkusen/startseite/verein/15,"{'type': 'competition', 'country_id': '40', 'country_name': 'Germany', 'country_code': 'L1', 'total_clubs': '18', 'total_players': '517', 'average_age': '26.0', 'foreigner_percentage': '59.0 %', 'average_market_value': '\n', 'total_value': '€5.02bn', 'competition_type': 'first_tier', 'competition_name': 'Bundesliga', 'href': '/bundesliga/startseite/wettbewerb/L1', 'seasoned_href': 'https://www.transfermarkt.co.uk/bundesliga/startseite/wettbewerb/L1/plus/0?saison_id=2024'}",,27,26.6,21,77.8 %,14,BayArena,30210,31800000.0,Xabi Alonso,/xabi-alonso/profil/trainer/63052,https://tmssl.akamaized.net//images/wappen/head/15.png?lm=1710156317,,bayer-04-leverkusen,Bayer 04 Leverkusen,2024-bundesliga,2024,bundesliga,Bundesliga,Germany,€5.02bn,first_tier,5020000000.0,77.8
club,/vfl-wolfsburg/startseite/verein/82,"{'type': 'competition', 'country_id': '40', 'country_name': 'Germany', 'country_code': 'L1', 'total_clubs': '18', 'total_players': '517', 'average_age': '26.0', 'foreigner_percentage': '59.0 %', 'average_market_value': '\n', 'total_value': '€5.02bn', 'competition_type': 'first_tier', 'competition_name': 'Bundesliga', 'href': '/bundesliga/startseite/wettbewerb/L1', 'seasoned_href': 'https://www.transfermarkt.co.uk/bundesliga/startseite/wettbewerb/L1/plus/0?saison_id=2024'}",,33,25.5,24,72.7 %,14,Volkswagen Arena,28917,-30980000.0,Ralph Hasenhüttl,/ralph-hasenhuttl/profil/trainer/2300,https://tmssl.akamaized.net//images/wappen/head/82.png?lm=1778348110,,vfl-wolfsburg,VfL Wolfsburg,2024-bundesliga,2024,bundesliga,Bundesliga,Germany,€5.02bn,first_tier,5020000000.0,72.7
club,/eintracht-frankfurt/startseite/verein/24,"{'type': 'competition', 'country_id': '40', 'country_name': 'Germany', 'country_code': 'L1', 'total_clubs': '18', 'total_players': '517', 'average_age': '26.0', 'foreigner_percentage': '59.0 %', 'average_market_value': '\n', 'total_value': '€5.02bn', 'competition_type': 'first_tier', 'competition_name': 'Bundesliga', 'href': '/bundesliga/startseite/wettbewerb/L1', 'seasoned_href': 'https://www.transfermarkt.co.uk/bundesliga/startseite/wettbewerb/L1/plus/0?saison_id=2024'}",,29,25.6,19,65.5 %,13,Deutsche Bank Park,59500,53400000.0,Dino Toppmöller,/dino-toppmoller/profil/trainer/14861,https://tmssl.akamaized.net//images/wappen/head/24.png?lm=1700074979,,eintracht-frankfurt,Eintracht Frankfurt,2024-bundesliga,2024,bundesliga,Bundesliga,Germany,€5.02bn,first_tier,5020000000.0,65.5
club,/borussia-dortmund/startseite/verein/16,"{'type': 'competition', 'country_id': '40', 'country_name': 'Germany', 'country_code': 'L1', 'total_clubs': '18', 'total_players': '517', 'average_age': '26.0', 'foreigner_percentage': '59.0 %', 'average_market_value': '\n', 'total_value': '€5.02bn', 'competition_type': 'first_tier', 'competition_name': 'Bundesliga', 'href': '/bundesliga/startseite/wettbewerb/L1', 'seasoned_href': 'https://www.transfermarkt.co.uk/bundesliga/startseite/wettbewerb/L1/plus/0?saison_id=2024'}",,26,26.4,14,53.8 %,13,SIGNAL IDUNA PARK,81365,-23200000.0,Nuri Şahin,/nuri-sahin/profil/trainer/96813,https://tmssl.akamaized.net//images/wappen/head/16.png?lm=1396275280,,borussia-dortmund,Borussia Dortmund,2024-bundesliga,2024,bundesliga,Bundesliga,Germany,€5.02bn,first_tier,5020000000.0,53.8
club,/borussia-monchengladbach/startseite/verein/18,"{'type': 'competition', 'country_id': '40', 'country_name': 'Germany', 'country_code': 'L1', 'total_clubs': '18', 'total_players': '517', 'average_age': '26.0', 'foreigner_percentage': '59.0 %', 'average_market_value': '\n', 'total_value': '€5.02bn', 'competition_type': 'first_tier', 'competition_name': 'Bundesliga', 'href': '/bundesliga/startseite/wettbewerb/L1', 'seasoned_href': 'https://www.transfermarkt.co.uk/bundesliga/startseite/wettbewerb/L1/plus/0?saison_id=2024'}",,28,26.0,15,53.6 %,10,Stadion im Borussia-Park,54042,10650000.0,Gerardo Seoane,/gerardo-seoane/profil/trainer/23817,https://tmssl.akamaized.net//images/wappen/head/18.png?lm=1656585796,,borussia-monchengladbach,Borussia Mönchengladbach,2024-bundesliga,2024,bundesliga,Bundesliga,Germany,€5.02bn,first_tier,5020000000.0,53.6
club,/tsg-1899-hoffenheim/startseite/verein/533,"{'type': 'competition', 'country_id': '40', 'country_name': 'Germany', 'country_code': 'L1', 'total_clubs': '18', 'total_players': '517', 'average_age': '26.0', 'foreigner_percentage': '59.0 %', 'average_market_value': '\n', 'total_value': '€5.02bn', 'competition_type': 'first_tier', 'competition_name': 'Bundesliga', 'href': '/bundesliga/startseite/wettbewerb/L1', 'seasoned_href': 'https://www.transfermarkt.co.uk/bundesliga/startseite/wettbewerb/L1/plus/0?saison_id=2024'}",,29,25.5,20,69.0 %,12,PreZero Arena,30150,1350000.0,Pellegrino Matarazzo,/pellegrino-matarazzo/profil/trainer/10906,https://tmssl.akamaized.net//images/wappen/head/533.png?lm=1675591766,,tsg-1899-hoffenheim,TSG 1899 Hoffenheim,2024-bundesliga,2024,bundesliga,Bundesliga,Germany,€5.02bn,first_tier,5020000000.0,69.0
club,/rasenballsport-leipzig/startseite/verein/23826,"{'type': 'competition', 'country_id': '40', 'country_name': 'Germany', 'country_code': 'L1', 'total_clubs': '18', 'total_players': '517', 'average_age': '26.0', 'foreigner_percentage': '59.0 %', 'average_market_value': '\n', 'total_value': '€5.02bn', 'competition_type': 'first_tier', 'competition_name': 'Bundesliga', 'href': '/bundesliga/startseite/wettbewerb/L1', 'seasoned_href': 'https://www.transfermarkt.co.uk/bundesliga/startseite/wettbewerb/L1/plus/0?saison_id=2024'}",,30,23.7,20,66.7 %,12,Red Bull Arena,47069,38050000.0,Marco Rose,/marco-rose/profil/trainer/24197,https://tmssl.akamaized.net//images/wappen/head/23826.png?lm=1619431624,,rasenballsport-leipzig,RB Leipzig,2024-bundesliga,2024,bundesliga,Bundesliga,Germany,€5.02bn,first_tier,5020000000.0,66.7
club,/sv-werder-bremen/startseite/verein/86,"{'type': 'competition', 'country_id': '40', 'country_name': 'Germany', 'country_code': 'L1', 'total_clubs': '18', 'total_players': '517', 'average_age': '26.0', 'foreigner_percentage': '59.0 %', 'average_market_value': '\n', 'total_value': '€5.02bn', 'competition_type': 'first_tier', 'competition_name': 'Bundesliga', 'href': '/bundesliga/startseite/wettbewerb/L1', 'seasoned_href': 'https://www.transfermarkt.co.uk/bundesliga/startseite/wettbewerb/L1/plus/0?saison_id=2024'}",,30,25.4,18,60.0 %,10,Weserstadion,41800,-2150000.0,Ole Werner,/ole-werner/profil/trainer/34514,https://tmssl.akamaized.net//images/wappen/head/86.png?lm=1403082298,,sv-werder-bremen,SV Werder Bremen,2024-bundesliga,2024,bundesliga,Bundesliga,Germany,€5.02bn,first_tier,5020000000.0,60.0
club,/sc-freiburg/startseite/verein/60,"{'type': 'competition', 'country_id': '40', 'country_name': 'Germany', 'country_code': 'L1', 'total_clubs': '18', 'total_players': '517', 'average_age': '26.0', 'foreigner_percentage': '59.0 %', 'average_market_value': '\n', 'total_value': '€5.02bn', 'competition_type': 'first_tier', 'competition_name': 'Bundesliga', 'href': '/bundesliga/startseite/wettbewerb/L1', 'seasoned_href': 'https://www.transfermarkt.co.uk/bundesliga/startseite/wettbewerb/L1/plus/0?saison_id=2024'}",,25,28.1,9,36.0 %,5,Europa-Park Stadion,34700,-1150000.0,Julian Schuster,/julian-schuster/profil/trainer/61575,https://tmssl.akamaized.net//images/wappen/head/60.png?lm=1517249279,,sc-freiburg,SC Freiburg,2024-bundesliga,2024,bundesliga,Bundesliga,Germany,€5.02bn,first_tier,5020000000.0,36.0
club,/vfb-stuttgart/startseite/verein/79,"{'type': 'competition', 'country_id': '40', 'country_name': 'Germany', 'country_code': 'L1', 'total_clubs': '18', 'total_players': '517', 'average_age': '26.0', 'foreigner_percentage': '59.0 %', 'average_market_value': '\n', 'total_value': '€5.02bn', 'competition_type': 'first_tier', 'competition_name': 'Bundesliga', 'href': '/bundesliga/startseite/wettbewerb/L1', 'seasoned_href': 'https://www.transfermarkt.co.uk/bundesliga/startseite/wettbewerb/L1/plus/0?saison_id=2024'}",,30,24.9,14,46.7 %,14,MHPArena Stuttgart,60449,57050000.0,Sebastian Hoeneß,/sebastian-hoeness/profil/trainer/20940,https://tmssl.akamaized.net//images/wappen/head/79.png?lm=1680587427,,vfb-stuttgart,VfB Stuttgart,2024-bundesliga,2024,bundesliga,Bundesliga,Germany,€5.02bn,first_tier,5020000000.0,46.7
club,/1-fsv-mainz-05/startseite/verein/39,"{'type': 'competition', 'country_id': '40', 'country_name': 'Germany', 'country_code': 'L1', 'total_clubs': '18', 'total_players': '517', 'average_age': '26.0', 'foreigner_percentage': '59.0 %', 'average_market_value': '\n', 'total_value': '€5.02bn', 'competition_type': 'first_tier', 'competition_name': 'Bundesliga', 'href': '/bundesliga/startseite/wettbewerb/L1', 'seasoned_href': 'https://www.transfermarkt.co.uk/bundesliga/startseite/wettbewerb/L1/plus/0?saison_id=2024'}",,31,27.3,15,48.4 %,11,Mewa Arena,33305,5730000.0,Bo Henriksen,/bo-henriksen/profil/trainer/8524,https://tmssl.akamaized.net//images/wappen/head/39.png?lm=1564748880,,1-fsv-mainz-05,1.FSV Mainz 05,2024-bundesliga,2024,bundesliga,Bundesliga,Germany,€5.02bn,first_tier,5020000000.0,48.4
club,/1-fc-heidenheim-1846/startseite/verein/2036,"{'type': 'competition', 'country_id': '40', 'country_name': 'Germany', 'country_code': 'L1', 'total_clubs': '18', 'total_players': '517', 'average_age': '26.0', 'foreigner_percentage': '59.0 %', 'average_market_value': '\n', 'total_value': '€5.02bn', 'competition_type': 'first_tier', 'competition_name': 'Bundesliga', 'href': '/bundesliga/startseite/wettbewerb/L1', 'seasoned_href': 'https://www.transfermarkt.co.uk/bundesliga/startseite/wettbewerb/L1/plus/0?saison_id=2024'}",,29,26.4,7,24.1 %,3,Voith-Arena,15000,7500000.0,Frank Schmidt,/frank-schmidt/profil/trainer/6416,https://tmssl.akamaized.net//images/wappen/head/2036.png?lm=1685457789,,1-fc-heidenheim-1846,1.FC Heidenheim 1846,2024-bundesliga,2024,bundesliga,Bundesliga,Germany,€5.02bn,first_tier,5020000000.0,24.1
club,/fc-st-pauli/startseite/verein/35,"{'type': 'competition', 'country_id': '40', 'country_name': 'Germany', 'country_code': 'L1', 'total_clubs': '18', 'total_players': '517', 'average_age': '26.0', 'foreigner_percentage': '59.0 %', 'average_market_value': '\n', 'total_value': '€5.02bn', 'competition_type': 'first_tier', 'competition_name': 'Bundesliga', 'href': '/bundesliga/startseite/wettbewerb/L1', 'seasoned_href': 'https://www.transfermarkt.co.uk/bundesliga/startseite/wettbewerb/L1/plus/0?saison_id=2024'}",,30,26.3,25,83.3 %,13,Millerntor-Stadion,29546,-2450000.0,Alexander Blessin,/alexander-blessin/profil/trainer/26099,https://tmssl.akamaized.net//images/wappen/head/35.png?lm=1521036360,,fc-st-pauli,FC St. Pauli,2024-bundesliga,2024,bundesliga,Bundesliga,Germany,€5.02bn,first_tier,5020000000.0,83.3
club,/vfl-bochum/startseite/verein/80,"{'type': 'competition', 'country_id': '40', 'country_name': 'Germany', 'country_code': 'L1', 'total_clubs': '18', 'total_players': '517', 'average_age': '26.0', 'foreigner_percentage': '59.0 %', 'average_market_value': '\n', 'total_value': '€5.02bn', 'competition_type': 'first_tier', 'competition_name': 'Bundesliga', 'href': '/bundesliga/startseite/wettbewerb/L1', 'seasoned_href': 'https://www.transfermarkt.co.uk/bundesliga/startseite/wettbewerb/L1/plus/0?saison_id=2024'}",,29,25.7,9,31.0 %,3,Vonovia Ruhrstadion,26000,5900000.0,Peter Zeidler,/peter-zeidler/profil/trainer/472,https://tmssl.akamaized.net//images/wappen/head/80.png?lm=1656583090,,vfl-bochum,VfL Bochum,2024-bundesliga,2024,bundesliga,Bundesliga,Germany,€5.02bn,first_tier,5020000000.0,31.0
club,/1-fc-union-berlin/startseite/verein/89,"{'type': 'competition', 'country_id': '40', 'country_name': 'Germany', 'country_code': 'L1', 'total_clubs': '18', 'total_players': '517', 'average_age': '26.0', 'foreigner_percentage': '59.0 %', 'average_market_value': '\n', 'total_value': '€5.02bn', 'competition_type': 'first_tier', 'competition_name': 'Bundesliga', 'href': '/bundesliga/startseite/wettbewerb/L1', 'seasoned_href': 'https://www.transfermarkt.co.uk/bundesliga/startseite/wettbewerb/L1/plus/0?saison_id=2024'}",,26,27.1,17,65.4 %,8,Stadion An der Alten Försterei,22012,300000.0,Bo Svensson,/bo-svensson/profil/trainer/35997,https://tmssl.akamaized.net//images/wappen/head/89.png?lm=1402956210,,1-fc-union-berlin,1.FC Union Berlin,2024-bundesliga,2024,bundesliga,Bundesliga,Germany,€5.02bn,first_tier,5020000000.0,65.4
club,/holstein-kiel/startseite/verein/269,"{'type': 'competition', 'country_id': '40', 'country_name': 'Germany', 'country_code': 'L1', 'total_clubs': '18', 'total_players': '517', 'average_age': '26.0', 'foreigner_percentage': '59.0 %', 'average_market_value': '\n', 'total_value': '€5.02bn', 'competition_type': 'first_tier', 'competition_name': 'Bundesliga', 'href': '/bundesliga/startseite/wettbewerb/L1', 'seasoned_href': 'https://www.transfermarkt.co.uk/bundesliga/startseite/wettbewerb/L1/plus/0?saison_id=2024'}",,30,25.1,15,50.0 %,4,Holstein-Stadion,15034,7970000.0,Marcel Rapp,/marcel-rapp/profil/trainer/24235,https://tmssl.akamaized.net//images/wappen/head/269.png?lm=1740400529,,holstein-kiel,Holstein Kiel,2024-bundesliga,2024,bundesliga,Bundesliga,Germany,€5.02bn,first_tier,5020000000.0,50.0
club,/fc-augsburg/startseite/verein/167,"{'type': 'competition', 'country_id': '40', 'country_name': 'Germany', 'country_code': 'L1', 'total_clubs': '18', 'total_players': '517', 'average_age': '26.0', 'foreigner_percentage': '59.0 %', 'average_market_value': '\n', 'total_value': '€5.02bn', 'competition_type': 'first_tier', 'competition_name': 'Bundesliga', 'href': '/bundesliga/startseite/wettbewerb/L1', 'seasoned_href': 'https://www.transfermarkt.co.uk/bundesliga/startseite/wettbewerb/L1/plus/0?saison_id=2024'}",,29,25.6,19,65.5 %,9,WWK ARENA,30660,-8250000.0,Jess Thorup,/jess-thorup/profil/trainer/2898,https://tmssl.akamaized.net//images/wappen/head/167.png?lm=1656582897,,fc-augsburg,FC Augsburg,2024-bundesliga,2024,bundesliga,Bundesliga,Germany,€5.02bn,first_tier,5020000000.0,65.5
club,/kvc-westerlo/startseite/verein/968,"{'type': 'competition', 'country_id': '19', 'country_name': 'Belgium', 'country_code': 'BE1', 'total_clubs': '16', 'total_players': '452', 'average_age': '24.6', 'foreigner_percentage': '62.4 %', 'average_market_value': None, 'total_value': '€1.05bn', 'competition_type': 'first_tier', 'competition_name': 'Jupiler Pro League', 'href': '/jupiler-pro-league/startseite/wettbewerb/BE1', 'seasoned_href': 'https://www.transfermarkt.co.uk/jupiler-pro-league/startseite/wettbewerb/BE1/plus/0?saison_id=2024'}",,29,23.7,20,69.0 %,3,Het Kuipje,9062,13680000.0,Timmy Simons,/timmy-simons/profil/trainer/60821,https://tmssl.akamaized.net//images/wappen/head/968.png?lm=1715694370,,kvc-westerlo,KVC Westerlo,2024-jupiler-pro-league,2024,jupiler-pro-league,Jupiler Pro League,Belgium,€1.05bn,first_tier,1050000000.0,69.0
club,/oud-heverlee-leuven/startseite/verein/2727,"{'type': 'competition', 'country_id': '19', 'country_name': 'Belgium', 'country_code': 'BE1', 'total_clubs': '16', 'total_players': '452', 'average_age': '24.6', 'foreigner_percentage': '62.4 %', 'average_market_value': None, 'total_value': '€1.05bn', 'competition_type': 'first_tier', 'competition_name': 'Jupiler Pro League', 'href': '/jupiler-pro-league/startseite/wettbewerb/BE1', 'seasoned_href': 'https://www.transfermarkt.co.uk/jupiler-pro-league/startseite/wettbewerb/BE1/plus/0?saison_id=2024'}",,28,25.9,14,50.0 %,1,King Power at Den Dreef Stadion,9809,14450000.0,Óscar García,/oscar-garcia/profil/trainer/16362,https://tmssl.akamaized.net//images/wappen/head/2727.png?lm=1723796027,,oud-heverlee-leuven,Oud-Heverlee Leuven,2024-jupiler-pro-league,2024,jupiler-pro-league,Jupiler Pro League,Belgium,€1.05bn,first_tier,1050000000.0,50.0
club,/royal-antwerpen-fc/startseite/verein/1096,"{'type': 'competition', 'country_id': '19', 'country_name': 'Belgium', 'country_code': 'BE1', 'total_clubs': '16', 'total_players': '452', 'average_age': '24.6', 'foreigner_percentage': '62.4 %', 'average_market_value': None, 'total_value': '€1.05bn', 'competition_type': 'first_tier', 'competition_name': 'Jupiler Pro League', 'href': '/jupiler-pro-league/startseite/wettbewerb/BE1', 'seasoned_href': 'https://www.transfermarkt.co.uk/jupiler-pro-league/startseite/wettbewerb/BE1/plus/0?saison_id=2024'}",,31,24.5,17,54.8 %,5,Bosuilstadion,21000,42750000.0,Jonas De Roeck,/jonas-de-roeck/profil/trainer/53051,https://tmssl.akamaized.net//images/wappen/head/1096.png?lm=1623758865,,royal-antwerpen-fc,Royal Antwerp FC,2024-jupiler-pro-league,2024,jupiler-pro-league,Jupiler Pro League,Belgium,€1.05bn,first_tier,1050000000.0,54.8
club,/fc-brugge/startseite/verein/2282,"{'type': 'competition', 'country_id': '19', 'country_name': 'Belgium', 'country_code': 'BE1', 'total_clubs': '16', 'total_players': '452', 'average_age': '24.6', 'foreigner_percentage': '62.4 %', 'average_market_value': None, 'total_value': '€1.05bn', 'competition_type': 'first_tier', 'competition_name': 'Jupiler Pro League', 'href': '/jupiler-pro-league/startseite/wettbewerb/BE1', 'seasoned_href': 'https://www.transfermarkt.co.uk/jupiler-pro-league/startseite/wettbewerb/BE1/plus/0?saison_id=2024'}",,28,24.2,16,57.1 %,12,Jan Breydelstadion,29062,49000000.0,Nicky Hayen,/nicky-hayen/profil/trainer/32138,https://tmssl.akamaized.net//images/wappen/head/2282.png?lm=1716279106,,fc-brugge,Club Brugge KV,2024-jupiler-pro-league,2024,jupiler-pro-league,Jupiler Pro League,Belgium,€1.05bn,first_tier,1050000000.0,57.1
club,/royale-union-saint-gilloise/startseite/verein/3948,"{'type': 'competition', 'country_id': '19', 'country_name': 'Belgium', 'country_code': 'BE1', 'total_clubs': '16', 'total_players': '452', 'average_age': '24.6', 'foreigner_percentage': '62.4 %', 'average_market_value': None, 'total_value': '€1.05bn', 'competition_type': 'first_tier', 'competition_name': 'Jupiler Pro League', 'href': '/jupiler-pro-league/startseite/wettbewerb/BE1', 'seasoned_href': 'https://www.transfermarkt.co.uk/jupiler-pro-league/startseite/wettbewerb/BE1/plus/0?saison_id=2024'}",,27,25.2,18,66.7 %,9,Stade Joseph Mariën,9512,48460000.0,Sébastien Pocognoli,/sebastien-pocognoli/profil/trainer/94759,https://tmssl.akamaized.net//images/wappen/head/3948.png?lm=1624390507,,royale-union-saint-gilloise,Union Saint-Gilloise,2024-jupiler-pro-league,2024,jupiler-pro-league,Jupiler Pro League,Belgium,€1.05bn,first_tier,1050000000.0,66.7
club,/krc-genk/startseite/verein/1184,"{'type': 'competition', 'country_id': '19', 'country_name': 'Belgium', 'country_code': 'BE1', 'total_clubs': '16', 'total_players': '452', 'average_age': '24.6', 'foreigner_percentage': '62.4 %', 'average_market_value': None, 'total_value': '€1.05bn', 'competition_type': 'first_tier', 'competition_name': 'Jupiler Pro League', 'href': '/jupiler-pro-league/startseite/wettbewerb/BE1', 'seasoned_href': 'https://www.transfermarkt.co.uk/jupiler-pro-league/startseite/wettbewerb/BE1/plus/0?saison_id=2024'}",,27,23.7,14,51.9 %,8,Cegeka Arena,23718,41300000.0,Thorsten Fink,/thorsten-fink/profil/trainer/3770,https://tmssl.akamaized.net//images/wappen/head/1184.png?lm=1717666245,,krc-genk,KRC Genk,2024-jupiler-pro-league,2024,jupiler-pro-league,Jupiler Pro League,Belgium,€1.05bn,first_tier,1050000000.0,51.9
club,/cercle-brugge/startseite/verein/520,"{'type': 'competition', 'country_id': '19', 'country_name': 'Belgium', 'country_code': 'BE1', 'total_clubs': '16', 'total_players': '452', 'average_age': '24.6', 'foreigner_percentage': '62.4 %', 'average_market_value': None, 'total_value': '€1.05bn', 'competition_type': 'first_tier', 'competition_name': 'Jupiler Pro League', 'href': '/jupiler-pro-league/startseite/wettbewerb/BE1', 'seasoned_href': 'https://www.transfermarkt.co.uk/jupiler-pro-league/startseite/wettbewerb/BE1/plus/0?saison_id=2024'}",,26,23.3,18,69.2 %,3,Jan Breydelstadion,29062,10450000.0,Miron Muslic,/miron-muslic/profil/trainer/55100,https://tmssl.akamaized.net//images/wappen/head/520.png?lm=1713864588,,cercle-brugge,Cercle Brugge,2024-jupiler-pro-league,2024,jupiler-pro-league,Jupiler Pro League,Belgium,€1.05bn,first_tier,1050000000.0,69.2
club,/standard-luttich/startseite/verein/3057,"{'type': 'competition', 'country_id': '19', 'country_name': 'Belgium', 'country_code': 'BE1', 'total_clubs': '16', 'total_players': '452', 'average_age': '24.6', 'foreigner_percentage': '62.4 %', 'average_market_value': None, 'total_value': '€1.05bn', 'competition_type': 'first_tier', 'competition_name': 'Jupiler Pro League', 'href': '/jupiler-pro-league/startseite/wettbewerb/BE1', 'seasoned_href': 'https://www.transfermarkt.co.uk/jupiler-pro-league/startseite/wettbewerb/BE1/plus/0?saison_id=2024'}",,31,26.3,21,67.7 %,5,Maurice Dufrasne Stadion,27221,400000.0,Ivan Leko,/ivan-leko/profil/trainer/34157,https://tmssl.akamaized.net//images/wappen/head/3057.png?lm=1719832545,,standard-luttich,Standard Liège,2024-jupiler-pro-league,2024,jupiler-pro-league,Jupiler Pro League,Belgium,€1.05bn,first_tier,1050000000.0,67.7
club,/kaa-gent/startseite/verein/157,"{'type': 'competition', 'country_id': '19', 'country_name': 'Belgium', 'country_code': 'BE1', 'total_clubs': '16', 'total_players': '452', 'average_age': '24.6', 'foreigner_percentage': '62.4 %', 'average_market_value': None, 'total_value': '€1.05bn', 'competition_type': 'first_tier', 'competition_name': 'Jupiler Pro League', 'href': '/jupiler-pro-league/startseite/wettbewerb/BE1', 'seasoned_href': 'https://www.transfermarkt.co.uk/jupiler-pro-league/startseite/wettbewerb/BE1/plus/0?saison_id=2024'}",,29,24.3,17,58.6 %,7,Planet Group arena,20185,17850000.0,Wouter Vrancken,/wouter-vrancken/profil/trainer/49546,https://tmssl.akamaized.net//images/wappen/head/157.png?lm=1715694765,,kaa-gent,KAA Gent,2024-jupiler-pro-league,2024,jupiler-pro-league,Jupiler Pro League,Belgium,€1.05bn,first_tier,1050000000.0,58.6
club,/rsc-anderlecht/startseite/verein/58,"{'type': 'competition', 'country_id': '19', 'country_name': 'Belgium', 'country_code': 'BE1', 'total_clubs': '16', 'total_players': '452', 'average_age': '24.6', 'foreigner_percentage': '62.4 %', 'average_market_value': None, 'total_value': '€1.05bn', 'competition_type': 'first_tier', 'competition_name': 'Jupiler Pro League', 'href': '/jupiler-pro-league/startseite/wettbewerb/BE1', 'seasoned_href': 'https://www.transfermarkt.co.uk/jupiler-pro-league/startseite/wettbewerb/BE1/plus/0?saison_id=2024'}",,30,24.5,20,66.7 %,6,Lotto Park,21900,14190000.0,Brian Riemer,/brian-riemer/profil/trainer/8264,https://tmssl.akamaized.net//images/wappen/head/58.png?lm=1718695206,,rsc-anderlecht,RSC Anderlecht,2024-jupiler-pro-league,2024,jupiler-pro-league,Jupiler Pro League,Belgium,€1.05bn,first_tier,1050000000.0,66.7
club,/kv-mechelen/startseite/verein/354,"{'type': 'competition', 'country_id': '19', 'country_name': 'Belgium', 'country_code': 'BE1', 'total_clubs': '16', 'total_players': '452', 'average_age': '24.6', 'foreigner_percentage': '62.4 %', 'average_market_value': None, 'total_value': '€1.05bn', 'competition_type': 'first_tier', 'competition_name': 'Jupiler Pro League', 'href': '/jupiler-pro-league/startseite/wettbewerb/BE1', 'seasoned_href': 'https://www.transfermarkt.co.uk/jupiler-pro-league/startseite/wettbewerb/BE1/plus/0?saison_id=2024'}",,29,23.4,19,65.5 %,5,Achter de Kazerne,16672,5630000.0,Besnik Hasi,/besnik-hasi/profil/trainer/6408,https://tmssl.akamaized.net//images/wappen/head/354.png?lm=1693258903,,kv-mechelen,KV Mechelen,2024-jupiler-pro-league,2024,jupiler-pro-league,Jupiler Pro League,Belgium,€1.05bn,first_tier,1050000000.0,65.5
club,/rsc-charleroi/startseite/verein/172,"{'type': 'competition', 'country_id': '19', 'country_name': 'Belgium', 'country_code': 'BE1', 'total_clubs': '16', 'total_players': '452', 'average_age': '24.6', 'foreigner_percentage': '62.4 %', 'average_market_value': None, 'total_value': '€1.05bn', 'competition_type': 'first_tier', 'competition_name': 'Jupiler Pro League', 'href': '/jupiler-pro-league/startseite/wettbewerb/BE1', 'seasoned_href': 'https://www.transfermarkt.co.uk/jupiler-pro-league/startseite/wettbewerb/BE1/plus/0?saison_id=2024'}",,27,24.7,17,63.0 %,6,Stade du Pays de Charleroi,14968,12960000.0,Rik De Mil,/rik-de-mil/profil/trainer/59108,https://tmssl.akamaized.net//images/wappen/head/172.png?lm=1448474590,,rsc-charleroi,Royal Charleroi SC,2024-jupiler-pro-league,2024,jupiler-pro-league,Jupiler Pro League,Belgium,€1.05bn,first_tier,1050000000.0,63.0
club,/vv-st-truiden/startseite/verein/475,"{'type': 'competition', 'country_id': '19', 'country_name': 'Belgium', 'country_code': 'BE1', 'total_clubs': '16', 'total_players': '452', 'average_age': '24.6', 'foreigner_percentage': '62.4 %', 'average_market_value': None, 'total_value': '€1.05bn', 'competition_type': 'first_tier', 'competition_name': 'Jupiler Pro League', 'href': '/jupiler-pro-league/startseite/wettbewerb/BE1', 'seasoned_href': 'https://www.transfermarkt.co.uk/jupiler-pro-league/startseite/wettbewerb/BE1/plus/0?saison_id=2024'}",,26,25.5,18,69.2 %,4,Daio Wasabi Stayen Stadium,11337,6200000.0,Christian Lattanzio,/christian-lattanzio/profil/trainer/17435,https://tmssl.akamaized.net//images/wappen/head/475.png?lm=1448474474,,vv-st-truiden,Sint-Truidense VV,2024-jupiler-pro-league,2024,jupiler-pro-league,Jupiler Pro League,Belgium,€1.05bn,first_tier,1050000000.0,69.2
club,/beerschot-v-a-/startseite/verein/41274,"{'type': 'competition', 'country_id': '19', 'country_name': 'Belgium', 'country_code': 'BE1', 'total_clubs': '16', 'total_players': '452', 'average_age': '24.6', 'foreigner_percentage': '62.4 %', 'average_market_value': None, 'total_value': '€1.05bn', 'competition_type': 'first_tier', 'competition_name': 'Jupiler Pro League', 'href': '/jupiler-pro-league/startseite/wettbewerb/BE1', 'seasoned_href': 'https://www.transfermarkt.co.uk/jupiler-pro-league/startseite/wettbewerb/BE1/plus/0?saison_id=2024'}",,32,26.3,20,62.5 %,2,Olympisch Stadion,12771,1150000.0,Dirk Kuyt,/dirk-kuyt/profil/trainer/58167,https://tmssl.akamaized.net//images/wappen/head/41274.png?lm=1568728391,,beerschot-v-a-,Beerschot VA,2024-jupiler-pro-league,2024,jupiler-pro-league,Jupiler Pro League,Belgium,€1.05bn,first_tier,1050000000.0,62.5
club,/kv-kortrijk/startseite/verein/601,"{'type': 'competition', 'country_id': '19', 'country_name': 'Belgium', 'country_code': 'BE1', 'total_clubs': '16', 'total_players': '452', 'average_age': '24.6', 'foreigner_percentage': '62.4 %', 'average_market_value': None, 'total_value': '€1.05bn', 'competition_type': 'first_tier', 'competition_name': 'Jupiler Pro League', 'href': '/jupiler-pro-league/startseite/wettbewerb/BE1', 'seasoned_href': 'https://www.transfermarkt.co.uk/jupiler-pro-league/startseite/wettbewerb/BE1/plus/0?saison_id=2024'}",,27,25.2,14,51.9 %,3,Guldensporenstadion,9399,4000000.0,Freyr Alexandersson,/freyr-alexandersson/profil/trainer/62436,https://tmssl.akamaized.net//images/wappen/head/601.png?lm=1534260191,,kv-kortrijk,KV Kortrijk,2024-jupiler-pro-league,2024,jupiler-pro-league,Jupiler Pro League,Belgium,€1.05bn,first_tier,1050000000.0,51.9
club,/fcv-dender-eh/startseite/verein/9010,"{'type': 'competition', 'country_id': '19', 'country_name': 'Belgium', 'country_code': 'BE1', 'total_clubs': '16', 'total_players': '452', 'average_age': '24.6', 'foreigner_percentage': '62.4 %', 'average_market_value': None, 'total_value': '€1.05bn', 'competition_type': 'first_tier', 'competition_name': 'Jupiler Pro League', 'href': '/jupiler-pro-league/startseite/wettbewerb/BE1', 'seasoned_href': 'https://www.transfermarkt.co.uk/jupiler-pro-league/startseite/wettbewerb/BE1/plus/0?saison_id=2024'}",,28,25.5,17,60.7 %,6,Dender Football Complex,8548,300000.0,Vincent Euvrard,/vincent-euvrard/profil/trainer/44033,https://tmssl.akamaized.net//images/wappen/head/9010.png?lm=1449921839,,fcv-dender-eh,FCV Dender EH,2024-jupiler-pro-league,2024,jupiler-pro-league,Jupiler Pro League,Belgium,€1.05bn,first_tier,1050000000.0,60.7
club,/fc-villarreal/startseite/verein/1050,"{'type': 'competition', 'country_id': '157', 'country_name': 'Spain', 'country_code': 'ES1', 'total_clubs': '20', 'total_players': '520', 'average_age': '27.5', 'foreigner_percentage': '43.8 %', 'average_market_value': None, 'total_value': '€5.63bn', 'competition_type': 'first_tier', 'competition_name': 'LaLiga', 'href': '/laliga/startseite/wettbewerb/ES1', 'seasoned_href': 'https://www.transfermarkt.co.uk/laliga/startseite/wettbewerb/ES1/plus/0?saison_id=2024'}",,27,26.5,13,48.1 %,10,La Cerámica,23500,2500000.0,Marcelino,/marcelino/profil/trainer/5095,https://tmssl.akamaized.net//images/wappen/head/1050.png?lm=1408655310,,fc-villarreal,Villarreal CF,2024-laliga,2024,laliga,LaLiga,Spain,€5.63bn,first_tier,5630000000.0,48.1
club,/fc-sevilla/startseite/verein/368,"{'type': 'competition', 'country_id': '157', 'country_name': 'Spain', 'country_code': 'ES1', 'total_clubs': '20', 'total_players': '520', 'average_age': '27.5', 'foreigner_percentage': '43.8 %', 'average_market_value': None, 'total_value': '€5.63bn', 'competition_type': 'first_tier', 'competition_name': 'LaLiga', 'href': '/laliga/startseite/wettbewerb/ES1', 'seasoned_href': 'https://www.transfermarkt.co.uk/laliga/startseite/wettbewerb/ES1/plus/0?saison_id=2024'}",,28,28.0,17,60.7 %,9,Ramón Sánchez-Pizjuán,43883,54750000.0,Xavier García Pimienta,/xavier-garcia-pimienta/profil/trainer/23730,https://tmssl.akamaized.net//images/wappen/head/368.png?lm=1730896593,,fc-sevilla,Sevilla FC,2024-laliga,2024,laliga,LaLiga,Spain,€5.63bn,first_tier,5630000000.0,60.7
club,/atletico-madrid/startseite/verein/13,"{'type': 'competition', 'country_id': '157', 'country_name': 'Spain', 'country_code': 'ES1', 'total_clubs': '20', 'total_players': '520', 'average_age': '27.5', 'foreigner_percentage': '43.8 %', 'average_market_value': None, 'total_value': '€5.63bn', 'competition_type': 'first_tier', 'competition_name': 'LaLiga', 'href': '/laliga/startseite/wettbewerb/ES1', 'seasoned_href': 'https://www.transfermarkt.co.uk/laliga/startseite/wettbewerb/ES1/plus/0?saison_id=2024'}",,23,27.7,16,69.6 %,18,Riyadh Air Metropolitano,70460,-84450000.0,Diego Simeone,/diego-simeone/profil/trainer/2868,https://tmssl.akamaized.net//images/wappen/head/13.png?lm=1719915566,,atletico-madrid,Atlético de Madrid,2024-laliga,2024,laliga,LaLiga,Spain,€5.63bn,first_tier,5630000000.0,69.6
club,/real-madrid/startseite/verein/418,"{'type': 'competition', 'country_id': '157', 'country_name': 'Spain', 'country_code': 'ES1', 'total_clubs': '20', 'total_players': '520', 'average_age': '27.5', 'foreigner_percentage': '43.8 %', 'average_market_value': None, 'total_value': '€5.63bn', 'competition_type': 'first_tier', 'competition_name': 'LaLiga', 'href': '/laliga/startseite/wettbewerb/ES1', 'seasoned_href': 'https://www.transfermarkt.co.uk/laliga/startseite/wettbewerb/ES1/plus/0?saison_id=2024'}",,29,25.7,17,58.6 %,18,Santiago Bernabéu,83186,-165500000.0,Carlo Ancelotti,/carlo-ancelotti/profil/trainer/523,https://tmssl.akamaized.net//images/wappen/head/418.png?lm=1729684474,,real-madrid,Real Madrid,2024-laliga,2024,laliga,LaLiga,Spain,€5.63bn,first_tier,5630000000.0,58.6
club,/real-betis-sevilla/startseite/verein/150,"{'type': 'competition', 'country_id': '157', 'country_name': 'Spain', 'country_code': 'ES1', 'total_clubs': '20', 'total_players': '520', 'average_age': '27.5', 'foreigner_percentage': '43.8 %', 'average_market_value': None, 'total_value': '€5.63bn', 'competition_type': 'first_tier', 'competition_name': 'LaLiga', 'href': '/laliga/startseite/wettbewerb/ES1', 'seasoned_href': 'https://www.transfermarkt.co.uk/laliga/startseite/wettbewerb/ES1/plus/0?saison_id=2024'}",,27,29.2,13,48.1 %,11,La Cartuja,70000,-875000.0,Manuel Pellegrini,/manuel-pellegrini/profil/trainer/1558,https://tmssl.akamaized.net//images/wappen/head/150.png?lm=1663358526,,real-betis-sevilla,Real Betis Balompié,2024-laliga,2024,laliga,LaLiga,Spain,€5.63bn,first_tier,5630000000.0,48.1
club,/fc-girona/startseite/verein/12321,"{'type': 'competition', 'country_id': '157', 'country_name': 'Spain', 'country_code': 'ES1', 'total_clubs': '20', 'total_players': '520', 'average_age': '27.5', 'foreigner_percentage': '43.8 %', 'average_market_value': None, 'total_value': '€5.63bn', 'competition_type': 'first_tier', 'competition_name': 'LaLiga', 'href': '/laliga/startseite/wettbewerb/ES1', 'seasoned_href': 'https://www.transfermarkt.co.uk/laliga/startseite/wettbewerb/ES1/plus/0?saison_id=2024'}",,27,28.7,14,51.9 %,6,Montilivi,14624,29150000.0,Míchel,/michel/profil/trainer/33636,https://tmssl.akamaized.net//images/wappen/head/12321.png?lm=1730455718,,fc-girona,Girona FC,2024-laliga,2024,laliga,LaLiga,Spain,€5.63bn,first_tier,5630000000.0,51.9
club,/celta-vigo/startseite/verein/940,"{'type': 'competition', 'country_id': '157', 'country_name': 'Spain', 'country_code': 'ES1', 'total_clubs': '20', 'total_players': '520', 'average_age': '27.5', 'foreigner_percentage': '43.8 %', 'average_market_value': None, 'total_value': '€5.63bn', 'competition_type': 'first_tier', 'competition_name': 'LaLiga', 'href': '/laliga/startseite/wettbewerb/ES1', 'seasoned_href': 'https://www.transfermarkt.co.uk/laliga/startseite/wettbewerb/ES1/plus/0?saison_id=2024'}",,28,27.1,9,32.1 %,6,Abanca Balaídos,22803,41700000.0,Claudio Giráldez,/claudio-giraldez/profil/trainer/97955,https://tmssl.akamaized.net//images/wappen/head/940.png?lm=1406966406,,celta-vigo,Celta de Vigo,2024-laliga,2024,laliga,LaLiga,Spain,€5.63bn,first_tier,5630000000.0,32.1
club,/real-sociedad-san-sebastian/startseite/verein/681,"{'type': 'competition', 'country_id': '157', 'country_name': 'Spain', 'country_code': 'ES1', 'total_clubs': '20', 'total_players': '520', 'average_age': '27.5', 'foreigner_percentage': '43.8 %', 'average_market_value': None, 'total_value': '€5.63bn', 'competition_type': 'first_tier', 'competition_name': 'LaLiga', 'href': '/laliga/startseite/wettbewerb/ES1', 'seasoned_href': 'https://www.transfermarkt.co.uk/laliga/startseite/wettbewerb/ES1/plus/0?saison_id=2024'}",,25,26.2,9,36.0 %,11,Anoeta,39313,63500000.0,Imanol Alguacil,/imanol-alguacil/profil/trainer/33333,https://tmssl.akamaized.net//images/wappen/head/681.png?lm=1614795530,,real-sociedad-san-sebastian,Real Sociedad,2024-laliga,2024,laliga,LaLiga,Spain,€5.63bn,first_tier,5630000000.0,36.0
club,/ca-osasuna/startseite/verein/331,"{'type': 'competition', 'country_id': '157', 'country_name': 'Spain', 'country_code': 'ES1', 'total_clubs': '20', 'total_players': '520', 'average_age': '27.5', 'foreigner_percentage': '43.8 %', 'average_market_value': None, 'total_value': '€5.63bn', 'competition_type': 'first_tier', 'competition_name': 'LaLiga', 'href': '/laliga/startseite/wettbewerb/ES1', 'seasoned_href': 'https://www.transfermarkt.co.uk/laliga/startseite/wettbewerb/ES1/plus/0?saison_id=2024'}",,23,28.1,3,13.0 %,3,El Sadar,23576,1500000.0,Vicente Moreno,/vicente-moreno/profil/trainer/19601,https://tmssl.akamaized.net//images/wappen/head/331.png?lm=1686070937,,ca-osasuna,CA Osasuna,2024-laliga,2024,laliga,LaLiga,Spain,€5.63bn,first_tier,5630000000.0,13.0
club,/espanyol-barcelona/startseite/verein/714,"{'type': 'competition', 'country_id': '157', 'country_name': 'Spain', 'country_code': 'ES1', 'total_clubs': '20', 'total_players': '520', 'average_age': '27.5', 'foreigner_percentage': '43.8 %', 'average_market_value': None, 'total_value': '€5.63bn', 'competition_type': 'first_tier', 'competition_name': 'LaLiga', 'href': '/laliga/startseite/wettbewerb/ES1', 'seasoned_href': 'https://www.transfermarkt.co.uk/laliga/startseite/wettbewerb/ES1/plus/0?saison_id=2024'}",,23,27.4,7,30.4 %,2,RCDE Stadium,37776,9800000.0,Manolo González,/manolo-gonzalez/profil/trainer/6446,https://tmssl.akamaized.net//images/wappen/head/714.png?lm=1406966369,,espanyol-barcelona,RCD Espanyol Barcelona,2024-laliga,2024,laliga,LaLiga,Spain,€5.63bn,first_tier,5630000000.0,30.4
club,/deportivo-alaves/startseite/verein/1108,"{'type': 'competition', 'country_id': '157', 'country_name': 'Spain', 'country_code': 'ES1', 'total_clubs': '20', 'total_players': '520', 'average_age': '27.5', 'foreigner_percentage': '43.8 %', 'average_market_value': None, 'total_value': '€5.63bn', 'competition_type': 'first_tier', 'competition_name': 'LaLiga', 'href': '/laliga/startseite/wettbewerb/ES1', 'seasoned_href': 'https://www.transfermarkt.co.uk/laliga/startseite/wettbewerb/ES1/plus/0?saison_id=2024'}",,24,28.1,10,41.7 %,3,Mendizorroza,19840,20880000.0,Luis García,/luis-garcia/profil/trainer/6444,https://tmssl.akamaized.net//images/wappen/head/1108.png?lm=1596131395,,deportivo-alaves,Deportivo Alavés,2024-laliga,2024,laliga,LaLiga,Spain,€5.63bn,first_tier,5630000000.0,41.7
club,/rcd-mallorca/startseite/verein/237,"{'type': 'competition', 'country_id': '157', 'country_name': 'Spain', 'country_code': 'ES1', 'total_clubs': '20', 'total_players': '520', 'average_age': '27.5', 'foreigner_percentage': '43.8 %', 'average_market_value': None, 'total_value': '€5.63bn', 'competition_type': 'first_tier', 'competition_name': 'LaLiga', 'href': '/laliga/startseite/wettbewerb/ES1', 'seasoned_href': 'https://www.transfermarkt.co.uk/laliga/startseite/wettbewerb/ES1/plus/0?saison_id=2024'}",,26,27.8,11,42.3 %,8,Mallorca Son Moix,26020,800000.0,Jagoba Arrasate,/jagoba-arrasate/profil/trainer/29192,https://tmssl.akamaized.net//images/wappen/head/237.png?lm=1407484750,,rcd-mallorca,RCD Mallorca,2024-laliga,2024,laliga,LaLiga,Spain,€5.63bn,first_tier,5630000000.0,42.3
club,/athletic-bilbao/startseite/verein/621,"{'type': 'competition', 'country_id': '157', 'country_name': 'Spain', 'country_code': 'ES1', 'total_clubs': '20', 'total_players': '520', 'average_age': '27.5', 'foreigner_percentage': '43.8 %', 'average_market_value': None, 'total_value': '€5.63bn', 'competition_type': 'first_tier', 'competition_name': 'LaLiga', 'href': '/laliga/startseite/wettbewerb/ES1', 'seasoned_href': 'https://www.transfermarkt.co.uk/laliga/startseite/wettbewerb/ES1/plus/0?saison_id=2024'}",,28,27.2,3,10.7 %,6,San Mamés,53289,-17800000.0,Ernesto Valverde,/ernesto-valverde/profil/trainer/1559,https://tmssl.akamaized.net//images/wappen/head/621.png?lm=1695069038,,athletic-bilbao,Athletic Bilbao,2024-laliga,2024,laliga,LaLiga,Spain,€5.63bn,first_tier,5630000000.0,10.7
club,/real-valladolid/startseite/verein/366,"{'type': 'competition', 'country_id': '157', 'country_name': 'Spain', 'country_code': 'ES1', 'total_clubs': '20', 'total_players': '520', 'average_age': '27.5', 'foreigner_percentage': '43.8 %', 'average_market_value': None, 'total_value': '€5.63bn', 'competition_type': 'first_tier', 'competition_name': 'LaLiga', 'href': '/laliga/startseite/wettbewerb/ES1', 'seasoned_href': 'https://www.transfermarkt.co.uk/laliga/startseite/wettbewerb/ES1/plus/0?saison_id=2024'}",,28,25.6,14,50.0 %,1,José Zorrilla,27618,11300000.0,Paulo Pezzolano,/paulo-pezzolano/profil/trainer/50425,https://tmssl.akamaized.net//images/wappen/head/366.png?lm=1720163563,,real-valladolid,Real Valladolid CF,2024-laliga,2024,laliga,LaLiga,Spain,€5.63bn,first_tier,5630000000.0,50.0
club,/fc-barcelona/startseite/verein/131,"{'type': 'competition', 'country_id': '157', 'country_name': 'Spain', 'country_code': 'ES1', 'total_clubs': '20', 'total_players': '520', 'average_age': '27.5', 'foreigner_percentage': '43.8 %', 'average_market_value': None, 'total_value': '€5.63bn', 'competition_type': 'first_tier', 'competition_name': 'LaLiga', 'href': '/laliga/startseite/wettbewerb/ES1', 'seasoned_href': 'https://www.transfermarkt.co.uk/laliga/startseite/wettbewerb/ES1/plus/0?saison_id=2024'}",,24,25.8,11,45.8 %,17,Spotify Camp Nou,62657,3700000.0,Hansi Flick,/hansi-flick/profil/trainer/67,https://tmssl.akamaized.net//images/wappen/head/131.png?lm=1406739548,,fc-barcelona,FC Barcelona,2024-laliga,2024,laliga,LaLiga,Spain,€5.63bn,first_tier,5630000000.0,45.8
club,/ud-las-palmas/startseite/verein/472,"{'type': 'competition', 'country_id': '157', 'country_name': 'Spain', 'country_code': 'ES1', 'total_clubs': '20', 'total_players': '520', 'average_age': '27.5', 'foreigner_percentage': '43.8 %', 'average_market_value': None, 'total_value': '€5.63bn', 'competition_type': 'first_tier', 'competition_name': 'LaLiga', 'href': '/laliga/startseite/wettbewerb/ES1', 'seasoned_href': 'https://www.transfermarkt.co.uk/laliga/startseite/wettbewerb/ES1/plus/0?saison_id=2024'}",,27,26.8,6,22.2 %,1,Estadio de Gran Canaria,32400,14060000.0,Luis Carrión,/luis-carrion/profil/trainer/33152,https://tmssl.akamaized.net//images/wappen/head/472.png?lm=1407484865,,ud-las-palmas,UD Las Palmas,2024-laliga,2024,laliga,LaLiga,Spain,€5.63bn,first_tier,5630000000.0,22.2
club,/fc-valencia/startseite/verein/1049,"{'type': 'competition', 'country_id': '157', 'country_name': 'Spain', 'country_code': 'ES1', 'total_clubs': '20', 'total_players': '520', 'average_age': '27.5', 'foreigner_percentage': '43.8 %', 'average_market_value': None, 'total_value': '€5.63bn', 'competition_type': 'first_tier', 'competition_name': 'LaLiga', 'href': '/laliga/startseite/wettbewerb/ES1', 'seasoned_href': 'https://www.transfermarkt.co.uk/laliga/startseite/wettbewerb/ES1/plus/0?saison_id=2024'}",,27,28.2,14,51.9 %,3,Mestalla,49430,9630000.0,Rubén Baraja,/ruben-baraja/profil/trainer/19552,https://tmssl.akamaized.net//images/wappen/head/1049.png?lm=1406966320,,fc-valencia,Valencia CF,2024-laliga,2024,laliga,LaLiga,Spain,€5.63bn,first_tier,5630000000.0,51.9
club,/fc-getafe/startseite/verein/3709,"{'type': 'competition', 'country_id': '157', 'country_name': 'Spain', 'country_code': 'ES1', 'total_clubs': '20', 'total_players': '520', 'average_age': '27.5', 'foreigner_percentage': '43.8 %', 'average_market_value': None, 'total_value': '€5.63bn', 'competition_type': 'first_tier', 'competition_name': 'LaLiga', 'href': '/laliga/startseite/wettbewerb/ES1', 'seasoned_href': 'https://www.transfermarkt.co.uk/laliga/startseite/wettbewerb/ES1/plus/0?saison_id=2024'}",,25,28.3,13,52.0 %,3,Coliseum,16800,10800000.0,José Bordalás,/jose-bordalas/profil/trainer/6440,https://tmssl.akamaized.net//images/wappen/head/3709.png?lm=1408655116,,fc-getafe,Getafe CF,2024-laliga,2024,laliga,LaLiga,Spain,€5.63bn,first_tier,5630000000.0,52.0
club,/cd-leganes/startseite/verein/1244,"{'type': 'competition', 'country_id': '157', 'country_name': 'Spain', 'country_code': 'ES1', 'total_clubs': '20', 'total_players': '520', 'average_age': '27.5', 'foreigner_percentage': '43.8 %', 'average_market_value': None, 'total_value': '€5.63bn', 'competition_type': 'first_tier', 'competition_name': 'LaLiga', 'href': '/laliga/startseite/wettbewerb/ES1', 'seasoned_href': 'https://www.transfermarkt.co.uk/laliga/startseite/wettbewerb/ES1/plus/0?saison_id=2024'}",,25,27.6,5,20.0 %,3,Ontime Butarque,14422,17050000.0,Borja Jiménez,/borja-jimenez/profil/trainer/43500,https://tmssl.akamaized.net//images/wappen/head/1244.png?lm=1764600019,,cd-leganes,CD Leganés,2024-laliga,2024,laliga,LaLiga,Spain,€5.63bn,first_tier,5630000000.0,20.0
club,/rayo-vallecano/startseite/verein/367,"{'type': 'competition', 'country_id': '157', 'country_name': 'Spain', 'country_code': 'ES1', 'total_clubs': '20', 'total_players': '520', 'average_age': '27.5', 'foreigner_percentage': '43.8 %', 'average_market_value': None, 'total_value': '€5.63bn', 'competition_type': 'first_tier', 'competition_name': 'LaLiga', 'href': '/laliga/startseite/wettbewerb/ES1', 'seasoned_href': 'https://www.transfermarkt.co.uk/laliga/startseite/wettbewerb/ES1/plus/0?saison_id=2024'}",,27,28.8,14,51.9 %,7,Estadio de Vallecas,14708,-7100000.0,Iñigo Pérez,/inigo-perez/profil/trainer/107085,https://tmssl.akamaized.net//images/wappen/head/367.png?lm=1653488445,,rayo-vallecano,Rayo Vallecano,2024-laliga,2024,laliga,LaLiga,Spain,€5.63bn,first_tier,5630000000.0,51.9
club,/rio-ave-fc/startseite/verein/2425,"{'type': 'competition', 'country_id': '136', 'country_name': 'Portugal', 'country_code': 'PO1', 'total_clubs': '18', 'total_players': '486', 'average_age': '25.7', 'foreigner_percentage': '71.0 %', 'average_market_value': None, 'total_value': '€1.86bn', 'competition_type': 'first_tier', 'competition_name': 'Liga Portugal', 'href': '/liga-portugal/startseite/wettbewerb/PO1', 'seasoned_href': 'https://www.transfermarkt.co.uk/liga-portugal/startseite/wettbewerb/PO1/plus/0?saison_id=2024'}",,29,25.0,26,89.7 %,4,Estádio do Rio Ave FC,5300,-1400000.0,Luís Freire,/luis-freire/profil/trainer/53596,https://tmssl.akamaized.net//images/wappen/head/2425.png?lm=1516613968,,rio-ave-fc,Rio Ave FC,2024-liga-portugal,2024,liga-portugal,Liga Portugal,Portugal,€1.86bn,first_tier,1860000000.0,89.7
club,/gd-estoril-praia/startseite/verein/1465,"{'type': 'competition', 'country_id': '136', 'country_name': 'Portugal', 'country_code': 'PO1', 'total_clubs': '18', 'total_players': '486', 'average_age': '25.7', 'foreigner_percentage': '71.0 %', 'average_market_value': None, 'total_value': '€1.86bn', 'competition_type': 'first_tier', 'competition_name': 'Liga Portugal', 'href': '/liga-portugal/startseite/wettbewerb/PO1', 'seasoned_href': 'https://www.transfermarkt.co.uk/liga-portugal/startseite/wettbewerb/PO1/plus/0?saison_id=2024'}",,23,26.5,14,60.9 %,5,Estádio António Coimbra da Mota,5094,2300000.0,Ian Cathro,/ian-cathro/profil/trainer/10967,https://tmssl.akamaized.net//images/wappen/head/1465.png?lm=1534340702,,gd-estoril-praia,GD Estoril Praia,2024-liga-portugal,2024,liga-portugal,Liga Portugal,Portugal,€1.86bn,first_tier,1860000000.0,60.9
club,/vitoria-guimaraes-sc/startseite/verein/2420,"{'type': 'competition', 'country_id': '136', 'country_name': 'Portugal', 'country_code': 'PO1', 'total_clubs': '18', 'total_players': '486', 'average_age': '25.7', 'foreigner_percentage': '71.0 %', 'average_market_value': None, 'total_value': '€1.86bn', 'competition_type': 'first_tier', 'competition_name': 'Liga Portugal', 'href': '/liga-portugal/startseite/wettbewerb/PO1', 'seasoned_href': 'https://www.transfermarkt.co.uk/liga-portugal/startseite/wettbewerb/PO1/plus/0?saison_id=2024'}",,24,24.9,14,58.3 %,2,Estádio D. Afonso Henriques,30029,4750000.0,Rui Borges,/rui-borges/profil/trainer/56775,https://tmssl.akamaized.net//images/wappen/head/2420.png?lm=1432894021,,vitoria-guimaraes-sc,Vitória Guimarães SC,2024-liga-portugal,2024,liga-portugal,Liga Portugal,Portugal,€1.86bn,first_tier,1860000000.0,58.3
club,/cd-santa-clara/startseite/verein/2423,"{'type': 'competition', 'country_id': '136', 'country_name': 'Portugal', 'country_code': 'PO1', 'total_clubs': '18', 'total_players': '486', 'average_age': '25.7', 'foreigner_percentage': '71.0 %', 'average_market_value': None, 'total_value': '€1.86bn', 'competition_type': 'first_tier', 'competition_name': 'Liga Portugal', 'href': '/liga-portugal/startseite/wettbewerb/PO1', 'seasoned_href': 'https://www.transfermarkt.co.uk/liga-portugal/startseite/wettbewerb/PO1/plus/0?saison_id=2024'}",,27,26.2,21,77.8 %,1,Estádio de São Miguel,12500,1570000.0,Vasco Matos,/vasco-matos/profil/trainer/60896,https://tmssl.akamaized.net//images/wappen/head/2423.png?lm=1718909294,,cd-santa-clara,CD Santa Clara,2024-liga-portugal,2024,liga-portugal,Liga Portugal,Portugal,€1.86bn,first_tier,1860000000.0,77.8
club,/sc-braga/startseite/verein/1075,"{'type': 'competition', 'country_id': '136', 'country_name': 'Portugal', 'country_code': 'PO1', 'total_clubs': '18', 'total_players': '486', 'average_age': '25.7', 'foreigner_percentage': '71.0 %', 'average_market_value': None, 'total_value': '€1.86bn', 'competition_type': 'first_tier', 'competition_name': 'Liga Portugal', 'href': '/liga-portugal/startseite/wettbewerb/PO1', 'seasoned_href': 'https://www.transfermarkt.co.uk/liga-portugal/startseite/wettbewerb/PO1/plus/0?saison_id=2024'}",,28,25.5,18,64.3 %,9,Estádio Municipal de Braga,30286,15240000.0,Daniel Sousa,/daniel-sousa/profil/trainer/110336,https://tmssl.akamaized.net//images/wappen/head/1075.png?lm=1432893871,,sc-braga,SC Braga,2024-liga-portugal,2024,liga-portugal,Liga Portugal,Portugal,€1.86bn,first_tier,1860000000.0,64.3
club,/benfica-lissabon/startseite/verein/294,"{'type': 'competition', 'country_id': '136', 'country_name': 'Portugal', 'country_code': 'PO1', 'total_clubs': '18', 'total_players': '486', 'average_age': '25.7', 'foreigner_percentage': '71.0 %', 'average_market_value': None, 'total_value': '€1.86bn', 'competition_type': 'first_tier', 'competition_name': 'Liga Portugal', 'href': '/liga-portugal/startseite/wettbewerb/PO1', 'seasoned_href': 'https://www.transfermarkt.co.uk/liga-portugal/startseite/wettbewerb/PO1/plus/0?saison_id=2024'}",,28,24.8,16,57.1 %,17,Estádio da Luz,68100,-15200000.0,Roger Schmidt,/roger-schmidt/profil/trainer/3865,https://tmssl.akamaized.net//images/wappen/head/294.png?lm=1535908439,,benfica-lissabon,SL Benfica,2024-liga-portugal,2024,liga-portugal,Liga Portugal,Portugal,€1.86bn,first_tier,1860000000.0,57.1
club,/sporting-lissabon/startseite/verein/336,"{'type': 'competition', 'country_id': '136', 'country_name': 'Portugal', 'country_code': 'PO1', 'total_clubs': '18', 'total_players': '486', 'average_age': '25.7', 'foreigner_percentage': '71.0 %', 'average_market_value': None, 'total_value': '€1.86bn', 'competition_type': 'first_tier', 'competition_name': 'Liga Portugal', 'href': '/liga-portugal/startseite/wettbewerb/PO1', 'seasoned_href': 'https://www.transfermarkt.co.uk/liga-portugal/startseite/wettbewerb/PO1/plus/0?saison_id=2024'}",,25,25.4,13,52.0 %,13,Estádio José Alvalade,52095,43500000.0,Ruben Amorim,/ruben-amorim/profil/trainer/65202,https://tmssl.akamaized.net//images/wappen/head/336.png?lm=1621513752,,sporting-lissabon,Sporting CP,2024-liga-portugal,2024,liga-portugal,Liga Portugal,Portugal,€1.86bn,first_tier,1860000000.0,52.0
club,/fc-famalicao/startseite/verein/3329,"{'type': 'competition', 'country_id': '136', 'country_name': 'Portugal', 'country_code': 'PO1', 'total_clubs': '18', 'total_players': '486', 'average_age': '25.7', 'foreigner_percentage': '71.0 %', 'average_market_value': None, 'total_value': '€1.86bn', 'competition_type': 'first_tier', 'competition_name': 'Liga Portugal', 'href': '/liga-portugal/startseite/wettbewerb/PO1', 'seasoned_href': 'https://www.transfermarkt.co.uk/liga-portugal/startseite/wettbewerb/PO1/plus/0?saison_id=2024'}",,25,24.4,18,72.0 %,2,Estádio Municipal de Famalicão,5186,450000.0,Armando Evangelista,/armando-evangelista/profil/trainer/28508,https://tmssl.akamaized.net//images/wappen/head/3329.png?lm=1737563329,,fc-famalicao,FC Famalicão,2024-liga-portugal,2024,liga-portugal,Liga Portugal,Portugal,€1.86bn,first_tier,1860000000.0,72.0
club,/gil-vicente-fc/startseite/verein/2424,"{'type': 'competition', 'country_id': '136', 'country_name': 'Portugal', 'country_code': 'PO1', 'total_clubs': '18', 'total_players': '486', 'average_age': '25.7', 'foreigner_percentage': '71.0 %', 'average_market_value': None, 'total_value': '€1.86bn', 'competition_type': 'first_tier', 'competition_name': 'Liga Portugal', 'href': '/liga-portugal/startseite/wettbewerb/PO1', 'seasoned_href': 'https://www.transfermarkt.co.uk/liga-portugal/startseite/wettbewerb/PO1/plus/0?saison_id=2024'}",,28,24.9,19,67.9 %,2,Estádio Cidade de Barcelos,12046,31400000.0,Tozé Marreco,/toze-marreco/profil/trainer/97163,https://tmssl.akamaized.net//images/wappen/head/2424.png?lm=1624283300,,gil-vicente-fc,Gil Vicente FC,2024-liga-portugal,2024,liga-portugal,Liga Portugal,Portugal,€1.86bn,first_tier,1860000000.0,67.9
club,/fc-arouca/startseite/verein/8024,"{'type': 'competition', 'country_id': '136', 'country_name': 'Portugal', 'country_code': 'PO1', 'total_clubs': '18', 'total_players': '486', 'average_age': '25.7', 'foreigner_percentage': '71.0 %', 'average_market_value': None, 'total_value': '€1.86bn', 'competition_type': 'first_tier', 'competition_name': 'Liga Portugal', 'href': '/liga-portugal/startseite/wettbewerb/PO1', 'seasoned_href': 'https://www.transfermarkt.co.uk/liga-portugal/startseite/wettbewerb/PO1/plus/0?saison_id=2024'}",,27,25.1,22,81.5 %,1,Estádio Municipal de Arouca,5000,1830000.0,Gonzalo García,/gonzalo-garcia/profil/trainer/54117,https://tmssl.akamaized.net//images/wappen/head/8024.png?lm=1530096604,,fc-arouca,FC Arouca,2024-liga-portugal,2024,liga-portugal,Liga Portugal,Portugal,€1.86bn,first_tier,1860000000.0,81.5
club,/casa-pia-ac/startseite/verein/3268,"{'type': 'competition', 'country_id': '136', 'country_name': 'Portugal', 'country_code': 'PO1', 'total_clubs': '18', 'total_players': '486', 'average_age': '25.7', 'foreigner_percentage': '71.0 %', 'average_market_value': None, 'total_value': '€1.86bn', 'competition_type': 'first_tier', 'competition_name': 'Liga Portugal', 'href': '/liga-portugal/startseite/wettbewerb/PO1', 'seasoned_href': 'https://www.transfermarkt.co.uk/liga-portugal/startseite/wettbewerb/PO1/plus/0?saison_id=2024'}",,28,27.7,19,67.9 %,3,Estádio Municipal de Rio Maior,7000,11080000.0,João Pereira,/joao-pereira/profil/trainer/109219,https://tmssl.akamaized.net//images/wappen/head/3268.png?lm=1742856850,,casa-pia-ac,Casa Pia AC,2024-liga-portugal,2024,liga-portugal,Liga Portugal,Portugal,€1.86bn,first_tier,1860000000.0,67.9
club,/sc-farense/startseite/verein/4294,"{'type': 'competition', 'country_id': '136', 'country_name': 'Portugal', 'country_code': 'PO1', 'total_clubs': '18', 'total_players': '486', 'average_age': '25.7', 'foreigner_percentage': '71.0 %', 'average_market_value': None, 'total_value': '€1.86bn', 'competition_type': 'first_tier', 'competition_name': 'Liga Portugal', 'href': '/liga-portugal/startseite/wettbewerb/PO1', 'seasoned_href': 'https://www.transfermarkt.co.uk/liga-portugal/startseite/wettbewerb/PO1/plus/0?saison_id=2024'}",,29,27.5,16,55.2 %,1,Estádio de São Luís,7000,800000.0,José Mota,/jose-mota/profil/trainer/1864,https://tmssl.akamaized.net//images/wappen/head/4294.png?lm=1550150253,,sc-farense,SC Farense,2024-liga-portugal,2024,liga-portugal,Liga Portugal,Portugal,€1.86bn,first_tier,1860000000.0,55.2
club,/avs-futebol-sad/startseite/verein/110302,"{'type': 'competition', 'country_id': '136', 'country_name': 'Portugal', 'country_code': 'PO1', 'total_clubs': '18', 'total_players': '486', 'average_age': '25.7', 'foreigner_percentage': '71.0 %', 'average_market_value': None, 'total_value': '€1.86bn', 'competition_type': 'first_tier', 'competition_name': 'Liga Portugal', 'href': '/liga-portugal/startseite/wettbewerb/PO1', 'seasoned_href': 'https://www.transfermarkt.co.uk/liga-portugal/startseite/wettbewerb/PO1/plus/0?saison_id=2024'}",,25,28.4,20,80.0 %,0,Estádio do Clube Desportivo das Aves,6230,3000000.0,Vítor Campelos,/vitor-campelos/profil/trainer/38447,https://tmssl.akamaized.net//images/wappen/head/110302.png?lm=1698968034,,avs-futebol-sad,Avs Futebol,2024-liga-portugal,2024,liga-portugal,Liga Portugal,Portugal,€1.86bn,first_tier,1860000000.0,80.0
club,/moreirense-fc/startseite/verein/979,"{'type': 'competition', 'country_id': '136', 'country_name': 'Portugal', 'country_code': 'PO1', 'total_clubs': '18', 'total_players': '486', 'average_age': '25.7', 'foreigner_percentage': '71.0 %', 'average_market_value': None, 'total_value': '€1.86bn', 'competition_type': 'first_tier', 'competition_name': 'Liga Portugal', 'href': '/liga-portugal/startseite/wettbewerb/PO1', 'seasoned_href': 'https://www.transfermarkt.co.uk/liga-portugal/startseite/wettbewerb/PO1/plus/0?saison_id=2024'}",,26,24.6,15,57.7 %,1,Estádio C. J. de Almeida Freitas,6150,2500000.0,António da Costa,/antonio-da-costa/profil/trainer/68869,https://tmssl.akamaized.net//images/wappen/head/979.png?lm=1552324606,,moreirense-fc,Moreirense FC,2024-liga-portugal,2024,liga-portugal,Liga Portugal,Portugal,€1.86bn,first_tier,1860000000.0,57.7
club,/cf-estrela-amadora-sad/startseite/verein/2431,"{'type': 'competition', 'country_id': '136', 'country_name': 'Portugal', 'country_code': 'PO1', 'total_clubs': '18', 'total_players': '486', 'average_age': '25.7', 'foreigner_percentage': '71.0 %', 'average_market_value': None, 'total_value': '€1.86bn', 'competition_type': 'first_tier', 'competition_name': 'Liga Portugal', 'href': '/liga-portugal/startseite/wettbewerb/PO1', 'seasoned_href': 'https://www.transfermarkt.co.uk/liga-portugal/startseite/wettbewerb/PO1/plus/0?saison_id=2024'}",,31,25.2,26,83.9 %,4,Estádio José Gomes,9288,5830000.0,Filipe Martins,/filipe-martins/profil/trainer/55398,https://tmssl.akamaized.net//images/wappen/head/2431.png?lm=1743687810,,cf-estrela-amadora-sad,CF Estrela Amadora,2024-liga-portugal,2024,liga-portugal,Liga Portugal,Portugal,€1.86bn,first_tier,1860000000.0,83.9
club,/boavista-porto-fc/startseite/verein/2503,"{'type': 'competition', 'country_id': '136', 'country_name': 'Portugal', 'country_code': 'PO1', 'total_clubs': '18', 'total_players': '486', 'average_age': '25.7', 'foreigner_percentage': '71.0 %', 'average_market_value': None, 'total_value': '€1.86bn', 'competition_type': 'first_tier', 'competition_name': 'Liga Portugal', 'href': '/liga-portugal/startseite/wettbewerb/PO1', 'seasoned_href': 'https://www.transfermarkt.co.uk/liga-portugal/startseite/wettbewerb/PO1/plus/0?saison_id=2024'}",,3,20.3,0,%,0,Estádio do Bessa Século XXI,28263,100000.0,Cristiano Bacci,/cristiano-bacci/profil/trainer/38744,https://tmssl.akamaized.net//images/wappen/head/2503.png?lm=1480959207,,boavista-porto-fc,Boavista FC,2024-liga-portugal,2024,liga-portugal,Liga Portugal,Portugal,€1.86bn,first_tier,1860000000.0,0.0
club,/fc-porto/startseite/verein/720,"{'type': 'competition', 'country_id': '136', 'country_name': 'Portugal', 'country_code': 'PO1', 'total_clubs': '18', 'total_players': '486', 'average_age': '25.7', 'foreigner_percentage': '71.0 %', 'average_market_value': None, 'total_value': '€1.86bn', 'competition_type': 'first_tier', 'competition_name': 'Liga Portugal', 'href': '/liga-portugal/startseite/wettbewerb/PO1', 'seasoned_href': 'https://www.transfermarkt.co.uk/liga-portugal/startseite/wettbewerb/PO1/plus/0?saison_id=2024'}",,27,26.4,20,74.1 %,13,Estádio do Dragão,50033,-24490000.0,Vítor Bruno,/vitor-bruno/profil/trainer/36963,https://tmssl.akamaized.net//images/wappen/head/720.png?lm=1486310161,,fc-porto,FC Porto,2024-liga-portugal,2024,liga-portugal,Liga Portugal,Portugal,€1.86bn,first_tier,1860000000.0,74.1
club,/cd-nacional/startseite/verein/982,"{'type': 'competition', 'country_id': '136', 'country_name': 'Portugal', 'country_code': 'PO1', 'total_clubs': '18', 'total_players': '486', 'average_age': '25.7', 'foreigner_percentage': '71.0 %', 'average_market_value': None, 'total_value': '€1.86bn', 'competition_type': 'first_tier', 'competition_name': 'Liga Portugal', 'href': '/liga-portugal/startseite/wettbewerb/PO1', 'seasoned_href': 'https://www.transfermarkt.co.uk/liga-portugal/startseite/wettbewerb/PO1/plus/0?saison_id=2024'}",,30,26.6,22,73.3 %,2,Estádio da Madeira,5200,-1760000.0,Tiago Margarido,/tiago-margarido/profil/trainer/75365,https://tmssl.akamaized.net//images/wappen/head/982.png?lm=1549988602,,cd-nacional,CD Nacional,2024-liga-portugal,2024,liga-portugal,Liga Portugal,Portugal,€1.86bn,first_tier,1860000000.0,73.3
club,/as-monaco/startseite/verein/162,"{'type': 'competition', 'country_id': '50', 'country_name': 'France', 'country_code': 'FR1', 'total_clubs': '18', 'total_players': '479', 'average_age': '25.7', 'foreigner_percentage': '62.4 %', 'average_market_value': None, 'total_value': '€4.38bn', 'competition_type': 'first_tier', 'competition_name': 'Ligue 1', 'href': '/ligue-1/startseite/wettbewerb/FR1', 'seasoned_href': 'https://www.transfermarkt.co.uk/ligue-1/startseite/wettbewerb/FR1/plus/0?saison_id=2024'}",,28,25.9,28,100.0 %,15,Stade Louis-II,18525,135570000.0,Adi Hütter,/adi-hutter/profil/trainer/5018,https://tmssl.akamaized.net//images/wappen/head/162.png?lm=1654781919,,as-monaco,AS Monaco,2024-ligue-1,2024,ligue-1,Ligue 1,France,€4.38bn,first_tier,4380000000.0,100.0
club,/fc-paris-saint-germain/startseite/verein/583,"{'type': 'competition', 'country_id': '50', 'country_name': 'France', 'country_code': 'FR1', 'total_clubs': '18', 'total_players': '479', 'average_age': '25.7', 'foreigner_percentage': '62.4 %', 'average_market_value': None, 'total_value': '€4.38bn', 'competition_type': 'first_tier', 'competition_name': 'Ligue 1', 'href': '/ligue-1/startseite/wettbewerb/FR1', 'seasoned_href': 'https://www.transfermarkt.co.uk/ligue-1/startseite/wettbewerb/FR1/plus/0?saison_id=2024'}",,24,24.1,16,66.7 %,20,Parc des Princes,48583,-47200000.0,Luis Enrique,/luis-enrique/profil/trainer/6499,https://tmssl.akamaized.net//images/wappen/head/583.png?lm=1728026461,,fc-paris-saint-germain,Paris Saint-Germain,2024-ligue-1,2024,ligue-1,Ligue 1,France,€4.38bn,first_tier,4380000000.0,66.7
club,/losc-lille/startseite/verein/1082,"{'type': 'competition', 'country_id': '50', 'country_name': 'France', 'country_code': 'FR1', 'total_clubs': '18', 'total_players': '479', 'average_age': '25.7', 'foreigner_percentage': '62.4 %', 'average_market_value': None, 'total_value': '€4.38bn', 'competition_type': 'first_tier', 'competition_name': 'Ligue 1', 'href': '/ligue-1/startseite/wettbewerb/FR1', 'seasoned_href': 'https://www.transfermarkt.co.uk/ligue-1/startseite/wettbewerb/FR1/plus/0?saison_id=2024'}",,28,26.4,18,64.3 %,12,Decathlon Arena-Stade Pierre-Mauroy,50186,61600000.0,Bruno Genesio,/bruno-genesio/profil/trainer/5036,https://tmssl.akamaized.net//images/wappen/head/1082.png?lm=1529521041,,losc-lille,LOSC Lille,2024-ligue-1,2024,ligue-1,Ligue 1,France,€4.38bn,first_tier,4380000000.0,64.3
club,/ogc-nizza/startseite/verein/417,"{'type': 'competition', 'country_id': '50', 'country_name': 'France', 'country_code': 'FR1', 'total_clubs': '18', 'total_players': '479', 'average_age': '25.7', 'foreigner_percentage': '62.4 %', 'average_market_value': None, 'total_value': '€4.38bn', 'competition_type': 'first_tier', 'competition_name': 'Ligue 1', 'href': '/ligue-1/startseite/wettbewerb/FR1', 'seasoned_href': 'https://www.transfermarkt.co.uk/ligue-1/startseite/wettbewerb/FR1/plus/0?saison_id=2024'}",,29,25.8,18,62.1 %,12,Allianz Riviera,36178,72820000.0,Franck Haise,/franck-haise/profil/trainer/27176,https://tmssl.akamaized.net//images/wappen/head/417.png?lm=1408779490,,ogc-nizza,OGC Nice,2024-ligue-1,2024,ligue-1,Ligue 1,France,€4.38bn,first_tier,4380000000.0,62.1
club,/rc-lens/startseite/verein/826,"{'type': 'competition', 'country_id': '50', 'country_name': 'France', 'country_code': 'FR1', 'total_clubs': '18', 'total_players': '479', 'average_age': '25.7', 'foreigner_percentage': '62.4 %', 'average_market_value': None, 'total_value': '€4.38bn', 'competition_type': 'first_tier', 'competition_name': 'Ligue 1', 'href': '/ligue-1/startseite/wettbewerb/FR1', 'seasoned_href': 'https://www.transfermarkt.co.uk/ligue-1/startseite/wettbewerb/FR1/plus/0?saison_id=2024'}",,29,26.5,9,31.0 %,9,Stade Bollaert-Delelis,38223,45550000.0,Will Still,/will-still/profil/trainer/53316,https://tmssl.akamaized.net//images/wappen/head/826.png?lm=1595457059,,rc-lens,RC Lens,2024-ligue-1,2024,ligue-1,Ligue 1,France,€4.38bn,first_tier,4380000000.0,31.0
club,/olympique-lyon/startseite/verein/1041,"{'type': 'competition', 'country_id': '50', 'country_name': 'France', 'country_code': 'FR1', 'total_clubs': '18', 'total_players': '479', 'average_age': '25.7', 'foreigner_percentage': '62.4 %', 'average_market_value': None, 'total_value': '€4.38bn', 'competition_type': 'first_tier', 'competition_name': 'Ligue 1', 'href': '/ligue-1/startseite/wettbewerb/FR1', 'seasoned_href': 'https://www.transfermarkt.co.uk/ligue-1/startseite/wettbewerb/FR1/plus/0?saison_id=2024'}",,29,25.5,23,79.3 %,11,Groupama Stadium,59186,62110000.0,Pierre Sage,/pierre-sage/profil/trainer/110443,https://tmssl.akamaized.net//images/wappen/head/1041.png?lm=1656668172,,olympique-lyon,Olympique Lyon,2024-ligue-1,2024,ligue-1,Ligue 1,France,€4.38bn,first_tier,4380000000.0,79.3
club,/stade-reims/startseite/verein/1421,"{'type': 'competition', 'country_id': '50', 'country_name': 'France', 'country_code': 'FR1', 'total_clubs': '18', 'total_players': '479', 'average_age': '25.7', 'foreigner_percentage': '62.4 %', 'average_market_value': None, 'total_value': '€4.38bn', 'competition_type': 'first_tier', 'competition_name': 'Ligue 1', 'href': '/ligue-1/startseite/wettbewerb/FR1', 'seasoned_href': 'https://www.transfermarkt.co.uk/ligue-1/startseite/wettbewerb/FR1/plus/0?saison_id=2024'}",,24,24.1,19,79.2 %,7,Stade Auguste-Delaune,20519,81980000.0,Luka Elsner,/luka-elsner/profil/trainer/23576,https://tmssl.akamaized.net//images/wappen/head/1421.png?lm=1592601839,,stade-reims,Stade Reims,2024-ligue-1,2024,ligue-1,Ligue 1,France,€4.38bn,first_tier,4380000000.0,79.2
club,/olympique-marseille/startseite/verein/244,"{'type': 'competition', 'country_id': '50', 'country_name': 'France', 'country_code': 'FR1', 'total_clubs': '18', 'total_players': '479', 'average_age': '25.7', 'foreigner_percentage': '62.4 %', 'average_market_value': None, 'total_value': '€4.38bn', 'competition_type': 'first_tier', 'competition_name': 'Ligue 1', 'href': '/ligue-1/startseite/wettbewerb/FR1', 'seasoned_href': 'https://www.transfermarkt.co.uk/ligue-1/startseite/wettbewerb/FR1/plus/0?saison_id=2024'}",,23,27.0,22,95.7 %,12,Orange Vélodrome,67394,20350000.0,Roberto De Zerbi,/roberto-de-zerbi/profil/trainer/32157,https://tmssl.akamaized.net//images/wappen/head/244.png?lm=1775675175,,olympique-marseille,Olympique Marseille,2024-ligue-1,2024,ligue-1,Ligue 1,France,€4.38bn,first_tier,4380000000.0,95.7
club,/fc-toulouse/startseite/verein/415,"{'type': 'competition', 'country_id': '50', 'country_name': 'France', 'country_code': 'FR1', 'total_clubs': '18', 'total_players': '479', 'average_age': '25.7', 'foreigner_percentage': '62.4 %', 'average_market_value': None, 'total_value': '€4.38bn', 'competition_type': 'first_tier', 'competition_name': 'Ligue 1', 'href': '/ligue-1/startseite/wettbewerb/FR1', 'seasoned_href': 'https://www.transfermarkt.co.uk/ligue-1/startseite/wettbewerb/FR1/plus/0?saison_id=2024'}",,24,24.1,17,70.8 %,7,Stadium Municipal,33150,31350000.0,Carles Martínez,/carles-martinez/profil/trainer/40683,https://tmssl.akamaized.net//images/wappen/head/415.png?lm=1740065124,,fc-toulouse,FC Toulouse,2024-ligue-1,2024,ligue-1,Ligue 1,France,€4.38bn,first_tier,4380000000.0,70.8
club,/fc-stade-rennes/startseite/verein/273,"{'type': 'competition', 'country_id': '50', 'country_name': 'France', 'country_code': 'FR1', 'total_clubs': '18', 'total_players': '479', 'average_age': '25.7', 'foreigner_percentage': '62.4 %', 'average_market_value': None, 'total_value': '€4.38bn', 'competition_type': 'first_tier', 'competition_name': 'Ligue 1', 'href': '/ligue-1/startseite/wettbewerb/FR1', 'seasoned_href': 'https://www.transfermarkt.co.uk/ligue-1/startseite/wettbewerb/FR1/plus/0?saison_id=2024'}",,23,25.5,10,43.5 %,11,Roazhon Park,29778,50150000.0,Julien Stéphan,/julien-stephan/profil/trainer/61003,https://tmssl.akamaized.net//images/wappen/head/273.png?lm=1691503972,,fc-stade-rennes,Stade Rennais FC,2024-ligue-1,2024,ligue-1,Ligue 1,France,€4.38bn,first_tier,4380000000.0,43.5
club,/rc-strassburg-alsace/startseite/verein/667,"{'type': 'competition', 'country_id': '50', 'country_name': 'France', 'country_code': 'FR1', 'total_clubs': '18', 'total_players': '479', 'average_age': '25.7', 'foreigner_percentage': '62.4 %', 'average_market_value': None, 'total_value': '€4.38bn', 'competition_type': 'first_tier', 'competition_name': 'Ligue 1', 'href': '/ligue-1/startseite/wettbewerb/FR1', 'seasoned_href': 'https://www.transfermarkt.co.uk/ligue-1/startseite/wettbewerb/FR1/plus/0?saison_id=2024'}",,26,22.8,22,84.6 %,14,Stade de la Meinau,32000,-26300000.0,Patrick Vieira,/patrick-vieira/profil/trainer/20029,https://tmssl.akamaized.net//images/wappen/head/667.png?lm=1664991833,,rc-strassburg-alsace,RC Strasbourg Alsace,2024-ligue-1,2024,ligue-1,Ligue 1,France,€4.38bn,first_tier,4380000000.0,84.6
club,/stade-brest-29/startseite/verein/3911,"{'type': 'competition', 'country_id': '50', 'country_name': 'France', 'country_code': 'FR1', 'total_clubs': '18', 'total_players': '479', 'average_age': '25.7', 'foreigner_percentage': '62.4 %', 'average_market_value': None, 'total_value': '€4.38bn', 'competition_type': 'first_tier', 'competition_name': 'Ligue 1', 'href': '/ligue-1/startseite/wettbewerb/FR1', 'seasoned_href': 'https://www.transfermarkt.co.uk/ligue-1/startseite/wettbewerb/FR1/plus/0?saison_id=2024'}",,23,25.5,11,47.8 %,6,Stade Francis-Le Blé,15220,23700000.0,Éric Roy,/eric-roy/profil/trainer/11590,https://tmssl.akamaized.net//images/wappen/head/3911.png?lm=1768836091,,stade-brest-29,Stade Brestois 29,2024-ligue-1,2024,ligue-1,Ligue 1,France,€4.38bn,first_tier,4380000000.0,47.8
club,/fc-nantes/startseite/verein/995,"{'type': 'competition', 'country_id': '50', 'country_name': 'France', 'country_code': 'FR1', 'total_clubs': '18', 'total_players': '479', 'average_age': '25.7', 'foreigner_percentage': '62.4 %', 'average_market_value': None, 'total_value': '€4.38bn', 'competition_type': 'first_tier', 'competition_name': 'Ligue 1', 'href': '/ligue-1/startseite/wettbewerb/FR1', 'seasoned_href': 'https://www.transfermarkt.co.uk/ligue-1/startseite/wettbewerb/FR1/plus/0?saison_id=2024'}",,29,26.9,15,51.7 %,8,Stade de la Beaujoire,35322,32000000.0,Antoine Kombouaré,/antoine-kombouare/profil/trainer/1224,https://tmssl.akamaized.net//images/wappen/head/995.png?lm=1581355747,,fc-nantes,FC Nantes,2024-ligue-1,2024,ligue-1,Ligue 1,France,€4.38bn,first_tier,4380000000.0,51.7
club,/as-saint-etienne/startseite/verein/618,"{'type': 'competition', 'country_id': '50', 'country_name': 'France', 'country_code': 'FR1', 'total_clubs': '18', 'total_players': '479', 'average_age': '25.7', 'foreigner_percentage': '62.4 %', 'average_market_value': None, 'total_value': '€4.38bn', 'competition_type': 'first_tier', 'competition_name': 'Ligue 1', 'href': '/ligue-1/startseite/wettbewerb/FR1', 'seasoned_href': 'https://www.transfermarkt.co.uk/ligue-1/startseite/wettbewerb/FR1/plus/0?saison_id=2024'}",,29,24.2,16,55.2 %,8,Stade Geoffroy-Guichard,41965,-22050000.0,Olivier Dall'Oglio,/olivier-dalloglio/profil/trainer/14547,https://tmssl.akamaized.net//images/wappen/head/618.png?lm=1658260152,,as-saint-etienne,AS Saint-Étienne,2024-ligue-1,2024,ligue-1,Ligue 1,France,€4.38bn,first_tier,4380000000.0,55.2
club,/ac-le-havre/startseite/verein/738,"{'type': 'competition', 'country_id': '50', 'country_name': 'France', 'country_code': 'FR1', 'total_clubs': '18', 'total_players': '479', 'average_age': '25.7', 'foreigner_percentage': '62.4 %', 'average_market_value': None, 'total_value': '€4.38bn', 'competition_type': 'first_tier', 'competition_name': 'Ligue 1', 'href': '/ligue-1/startseite/wettbewerb/FR1', 'seasoned_href': 'https://www.transfermarkt.co.uk/ligue-1/startseite/wettbewerb/FR1/plus/0?saison_id=2024'}",,28,25.4,15,53.6 %,8,Stade Océane,25178,1000000.0,Didier Digard,/didier-digard/profil/trainer/92937,https://tmssl.akamaized.net//images/wappen/head/738.png?lm=1408780648,,ac-le-havre,Le Havre AC,2024-ligue-1,2024,ligue-1,Ligue 1,France,€4.38bn,first_tier,4380000000.0,53.6
club,/aj-auxerre/startseite/verein/290,"{'type': 'competition', 'country_id': '50', 'country_name': 'France', 'country_code': 'FR1', 'total_clubs': '18', 'total_players': '479', 'average_age': '25.7', 'foreigner_percentage': '62.4 %', 'average_market_value': None, 'total_value': '€4.38bn', 'competition_type': 'first_tier', 'competition_name': 'Ligue 1', 'href': '/ligue-1/startseite/wettbewerb/FR1', 'seasoned_href': 'https://www.transfermarkt.co.uk/ligue-1/startseite/wettbewerb/FR1/plus/0?saison_id=2024'}",,29,24.3,15,51.7 %,9,Stade de l'Abbé-Deschamps,18541,14650000.0,Christophe Pélissier,/christophe-pelissier/profil/trainer/24802,https://tmssl.akamaized.net//images/wappen/head/290.png?lm=1635851977,,aj-auxerre,AJ Auxerre,2024-ligue-1,2024,ligue-1,Ligue 1,France,€4.38bn,first_tier,4380000000.0,51.7
club,/montpellier-hsc/startseite/verein/969,"{'type': 'competition', 'country_id': '50', 'country_name': 'France', 'country_code': 'FR1', 'total_clubs': '18', 'total_players': '479', 'average_age': '25.7', 'foreigner_percentage': '62.4 %', 'average_market_value': None, 'total_value': '€4.38bn', 'competition_type': 'first_tier', 'competition_name': 'Ligue 1', 'href': '/ligue-1/startseite/wettbewerb/FR1', 'seasoned_href': 'https://www.transfermarkt.co.uk/ligue-1/startseite/wettbewerb/FR1/plus/0?saison_id=2024'}",,23,24.4,10,43.5 %,2,Stade de la Mosson,22000,6550000.0,Michel Der Zakarian,/michel-der-zakarian/profil/trainer/4002,https://tmssl.akamaized.net//images/wappen/head/969.png?lm=1748640687,,montpellier-hsc,Montpellier HSC,2024-ligue-1,2024,ligue-1,Ligue 1,France,€4.38bn,first_tier,4380000000.0,43.5
club,/sco-angers/startseite/verein/1420,"{'type': 'competition', 'country_id': '50', 'country_name': 'France', 'country_code': 'FR1', 'total_clubs': '18', 'total_players': '479', 'average_age': '25.7', 'foreigner_percentage': '62.4 %', 'average_market_value': None, 'total_value': '€4.38bn', 'competition_type': 'first_tier', 'competition_name': 'Ligue 1', 'href': '/ligue-1/startseite/wettbewerb/FR1', 'seasoned_href': 'https://www.transfermarkt.co.uk/ligue-1/startseite/wettbewerb/FR1/plus/0?saison_id=2024'}",,24,25.9,14,58.3 %,6,Stade Raymond-Kopa,19350,20250000.0,Alexandre Dujeux,/alexandre-dujeux/profil/trainer/24061,https://tmssl.akamaized.net//images/wappen/head/1420.png?lm=1687525425,,sco-angers,Angers SCO,2024-ligue-1,2024,ligue-1,Ligue 1,France,€4.38bn,first_tier,4380000000.0,58.3
club,/brighton-amp-hove-albion/startseite/verein/1237,"{'type': 'competition', 'country_id': '189', 'country_name': 'England', 'country_code': 'GB1', 'total_clubs': '20', 'total_players': '528', 'average_age': '26.5', 'foreigner_percentage': '72.0 %', 'average_market_value': None, 'total_value': '€12.58bn', 'competition_type': 'first_tier', 'competition_name': 'Premier League', 'href': '/premier-league/startseite/wettbewerb/GB1', 'seasoned_href': 'https://www.transfermarkt.co.uk/premier-league/startseite/wettbewerb/GB1/plus/0?saison_id=2024'}",,26,27.6,19,73.1 %,15,AMEX Stadium,31876,63150000.0,Fabian Hürzeler,/fabian-hurzeler/profil/trainer/48076,https://tmssl.akamaized.net//images/wappen/head/1237.png?lm=1492718902,,brighton-amp-hove-albion,Brighton & Hove Albion,2024-premier-league,2024,premier-league,Premier League,England,€12.58bn,first_tier,12580000000.0,73.1
club,/fc-chelsea/startseite/verein/631,"{'type': 'competition', 'country_id': '189', 'country_name': 'England', 'country_code': 'GB1', 'total_clubs': '20', 'total_players': '528', 'average_age': '26.5', 'foreigner_percentage': '72.0 %', 'average_market_value': None, 'total_value': '€12.58bn', 'competition_type': 'first_tier', 'competition_name': 'Premier League', 'href': '/premier-league/startseite/wettbewerb/GB1', 'seasoned_href': 'https://www.transfermarkt.co.uk/premier-league/startseite/wettbewerb/GB1/plus/0?saison_id=2024'}",,31,23.7,21,67.7 %,15,Stamford Bridge,41631,-4900000.0,Enzo Maresca,/enzo-maresca/profil/trainer/53749,https://tmssl.akamaized.net//images/wappen/head/631.png?lm=1682435911,,fc-chelsea,Chelsea FC,2024-premier-league,2024,premier-league,Premier League,England,€12.58bn,first_tier,12580000000.0,67.7
club,/aston-villa/startseite/verein/405,"{'type': 'competition', 'country_id': '189', 'country_name': 'England', 'country_code': 'GB1', 'total_clubs': '20', 'total_players': '528', 'average_age': '26.5', 'foreigner_percentage': '72.0 %', 'average_market_value': None, 'total_value': '€12.58bn', 'competition_type': 'first_tier', 'competition_name': 'Premier League', 'href': '/premier-league/startseite/wettbewerb/GB1', 'seasoned_href': 'https://www.transfermarkt.co.uk/premier-league/startseite/wettbewerb/GB1/plus/0?saison_id=2024'}",,25,28.2,17,68.0 %,12,Villa Park,42918,-12650000.0,Unai Emery,/unai-emery/profil/trainer/5075,https://tmssl.akamaized.net//images/wappen/head/405.png?lm=1717155982,,aston-villa,Aston Villa,2024-premier-league,2024,premier-league,Premier League,England,€12.58bn,first_tier,12580000000.0,68.0
club,/tottenham-hotspur/startseite/verein/148,"{'type': 'competition', 'country_id': '189', 'country_name': 'England', 'country_code': 'GB1', 'total_clubs': '20', 'total_players': '528', 'average_age': '26.5', 'foreigner_percentage': '72.0 %', 'average_market_value': None, 'total_value': '€12.58bn', 'competition_type': 'first_tier', 'competition_name': 'Premier League', 'href': '/premier-league/startseite/wettbewerb/GB1', 'seasoned_href': 'https://www.transfermarkt.co.uk/premier-league/startseite/wettbewerb/GB1/plus/0?saison_id=2024'}",,28,25.9,22,78.6 %,20,Tottenham Hotspur Stadium,62850,-182900000.0,Ange Postecoglou,/ange-postecoglou/profil/trainer/11929,https://tmssl.akamaized.net//images/wappen/head/148.png?lm=1732011953,,tottenham-hotspur,Tottenham Hotspur,2024-premier-league,2024,premier-league,Premier League,England,€12.58bn,first_tier,12580000000.0,78.6
club,/fc-liverpool/startseite/verein/31,"{'type': 'competition', 'country_id': '189', 'country_name': 'England', 'country_code': 'GB1', 'total_clubs': '20', 'total_players': '528', 'average_age': '26.5', 'foreigner_percentage': '72.0 %', 'average_market_value': None, 'total_value': '€12.58bn', 'competition_type': 'first_tier', 'competition_name': 'Premier League', 'href': '/premier-league/startseite/wettbewerb/GB1', 'seasoned_href': 'https://www.transfermarkt.co.uk/premier-league/startseite/wettbewerb/GB1/plus/0?saison_id=2024'}",,28,26.1,21,75.0 %,18,Anfield,61276,-261850000.0,Arne Slot,/arne-slot/profil/trainer/34822,https://tmssl.akamaized.net//images/wappen/head/31.png?lm=1727873452,,fc-liverpool,Liverpool FC,2024-premier-league,2024,premier-league,Premier League,England,€12.58bn,first_tier,12580000000.0,75.0
club,/fc-arsenal/startseite/verein/11,"{'type': 'competition', 'country_id': '189', 'country_name': 'England', 'country_code': 'GB1', 'total_clubs': '20', 'total_players': '528', 'average_age': '26.5', 'foreigner_percentage': '72.0 %', 'average_market_value': None, 'total_value': '€12.58bn', 'competition_type': 'first_tier', 'competition_name': 'Premier League', 'href': '/premier-league/startseite/wettbewerb/GB1', 'seasoned_href': 'https://www.transfermarkt.co.uk/premier-league/startseite/wettbewerb/GB1/plus/0?saison_id=2024'}",,25,26.3,17,68.0 %,20,Emirates Stadium,60704,-280730000.0,Mikel Arteta,/mikel-arteta/profil/trainer/47620,https://tmssl.akamaized.net//images/wappen/head/11.png?lm=1489787850,,fc-arsenal,Arsenal FC,2024-premier-league,2024,premier-league,Premier League,England,€12.58bn,first_tier,12580000000.0,68.0
club,/manchester-city/startseite/verein/281,"{'type': 'competition', 'country_id': '189', 'country_name': 'England', 'country_code': 'GB1', 'total_clubs': '20', 'total_players': '528', 'average_age': '26.5', 'foreigner_percentage': '72.0 %', 'average_market_value': None, 'total_value': '€12.58bn', 'competition_type': 'first_tier', 'competition_name': 'Premier League', 'href': '/premier-league/startseite/wettbewerb/GB1', 'seasoned_href': 'https://www.transfermarkt.co.uk/premier-league/startseite/wettbewerb/GB1/plus/0?saison_id=2024'}",,27,26.1,19,70.4 %,22,Etihad Stadium,55097,-199520000.0,Pep Guardiola,/pep-guardiola/profil/trainer/5672,https://tmssl.akamaized.net//images/wappen/head/281.png?lm=1467356331,,manchester-city,Manchester City,2024-premier-league,2024,premier-league,Premier League,England,€12.58bn,first_tier,12580000000.0,70.4
club,/crystal-palace/startseite/verein/873,"{'type': 'competition', 'country_id': '189', 'country_name': 'England', 'country_code': 'GB1', 'total_clubs': '20', 'total_players': '528', 'average_age': '26.5', 'foreigner_percentage': '72.0 %', 'average_market_value': None, 'total_value': '€12.58bn', 'competition_type': 'first_tier', 'competition_name': 'Premier League', 'href': '/premier-league/startseite/wettbewerb/GB1', 'seasoned_href': 'https://www.transfermarkt.co.uk/premier-league/startseite/wettbewerb/GB1/plus/0?saison_id=2024'}",,28,26.5,19,67.9 %,19,Selhurst Park,25486,-47850000.0,Oliver Glasner,/oliver-glasner/profil/trainer/22891,https://tmssl.akamaized.net//images/wappen/head/873.png?lm=1457723287,,crystal-palace,Crystal Palace,2024-premier-league,2024,premier-league,Premier League,England,€12.58bn,first_tier,12580000000.0,67.9
club,/manchester-united/startseite/verein/985,"{'type': 'competition', 'country_id': '189', 'country_name': 'England', 'country_code': 'GB1', 'total_clubs': '20', 'total_players': '528', 'average_age': '26.5', 'foreigner_percentage': '72.0 %', 'average_market_value': None, 'total_value': '€12.58bn', 'competition_type': 'first_tier', 'competition_name': 'Premier League', 'href': '/premier-league/startseite/wettbewerb/GB1', 'seasoned_href': 'https://www.transfermarkt.co.uk/premier-league/startseite/wettbewerb/GB1/plus/0?saison_id=2024'}",,24,26.6,18,75.0 %,15,Old Trafford,74879,-172500000.0,Erik ten Hag,/erik-ten-hag/profil/trainer/3816,https://tmssl.akamaized.net//images/wappen/head/985.png?lm=1457975903,,manchester-united,Manchester United,2024-premier-league,2024,premier-league,Premier League,England,€12.58bn,first_tier,12580000000.0,75.0
club,/newcastle-united/startseite/verein/762,"{'type': 'competition', 'country_id': '189', 'country_name': 'England', 'country_code': 'GB1', 'total_clubs': '20', 'total_players': '528', 'average_age': '26.5', 'foreigner_percentage': '72.0 %', 'average_market_value': None, 'total_value': '€12.58bn', 'competition_type': 'first_tier', 'competition_name': 'Premier League', 'href': '/premier-league/startseite/wettbewerb/GB1', 'seasoned_href': 'https://www.transfermarkt.co.uk/premier-league/startseite/wettbewerb/GB1/plus/0?saison_id=2024'}",,26,28.2,12,46.2 %,15,St James' Park,52258,-102850000.0,Eddie Howe,/eddie-howe/profil/trainer/10976,https://tmssl.akamaized.net//images/wappen/head/762.png?lm=1472921161,,newcastle-united,Newcastle United,2024-premier-league,2024,premier-league,Premier League,England,€12.58bn,first_tier,12580000000.0,46.2
club,/afc-bournemouth/startseite/verein/989,"{'type': 'competition', 'country_id': '189', 'country_name': 'England', 'country_code': 'GB1', 'total_clubs': '20', 'total_players': '528', 'average_age': '26.5', 'foreigner_percentage': '72.0 %', 'average_market_value': None, 'total_value': '€12.58bn', 'competition_type': 'first_tier', 'competition_name': 'Premier League', 'href': '/premier-league/startseite/wettbewerb/GB1', 'seasoned_href': 'https://www.transfermarkt.co.uk/premier-league/startseite/wettbewerb/GB1/plus/0?saison_id=2024'}",,26,25.6,20,76.9 %,13,Vitality Stadium,11307,130310000.0,Andoni Iraola,/andoni-iraola/profil/trainer/60677,https://tmssl.akamaized.net//images/wappen/head/989.png?lm=1457991811,,afc-bournemouth,AFC Bournemouth,2024-premier-league,2024,premier-league,Premier League,England,€12.58bn,first_tier,12580000000.0,76.9
club,/nottingham-forest/startseite/verein/703,"{'type': 'competition', 'country_id': '189', 'country_name': 'England', 'country_code': 'GB1', 'total_clubs': '20', 'total_players': '528', 'average_age': '26.5', 'foreigner_percentage': '72.0 %', 'average_market_value': None, 'total_value': '€12.58bn', 'competition_type': 'first_tier', 'competition_name': 'Premier League', 'href': '/premier-league/startseite/wettbewerb/GB1', 'seasoned_href': 'https://www.transfermarkt.co.uk/premier-league/startseite/wettbewerb/GB1/plus/0?saison_id=2024'}",,29,26.7,22,75.9 %,14,The City Ground,30404,-111430000.0,Nuno Espírito Santo,/nuno-espirito-santo/profil/trainer/16520,https://tmssl.akamaized.net//images/wappen/head/703.png?lm=1598890289,,nottingham-forest,Nottingham Forest,2024-premier-league,2024,premier-league,Premier League,England,€12.58bn,first_tier,12580000000.0,75.9
club,/wolverhampton-wanderers/startseite/verein/543,"{'type': 'competition', 'country_id': '189', 'country_name': 'England', 'country_code': 'GB1', 'total_clubs': '20', 'total_players': '528', 'average_age': '26.5', 'foreigner_percentage': '72.0 %', 'average_market_value': None, 'total_value': '€12.58bn', 'competition_type': 'first_tier', 'competition_name': 'Premier League', 'href': '/premier-league/startseite/wettbewerb/GB1', 'seasoned_href': 'https://www.transfermarkt.co.uk/premier-league/startseite/wettbewerb/GB1/plus/0?saison_id=2024'}",,23,26.3,19,82.6 %,12,Molineux Stadium,31750,81100000.0,Gary O'Neil,/gary-oneil/profil/trainer/82647,https://tmssl.akamaized.net//images/wappen/head/543.png?lm=1467496784,,wolverhampton-wanderers,Wolverhampton Wanderers,2024-premier-league,2024,premier-league,Premier League,England,€12.58bn,first_tier,12580000000.0,82.6
club,/fc-southampton/startseite/verein/180,"{'type': 'competition', 'country_id': '189', 'country_name': 'England', 'country_code': 'GB1', 'total_clubs': '20', 'total_players': '528', 'average_age': '26.5', 'foreigner_percentage': '72.0 %', 'average_market_value': None, 'total_value': '€12.58bn', 'competition_type': 'first_tier', 'competition_name': 'Premier League', 'href': '/premier-league/startseite/wettbewerb/GB1', 'seasoned_href': 'https://www.transfermarkt.co.uk/premier-league/startseite/wettbewerb/GB1/plus/0?saison_id=2024'}",,27,26.8,15,55.6 %,6,St Mary's Stadium,32384,87060000.0,Russell Martin,/russell-martin/profil/trainer/74204,https://tmssl.akamaized.net//images/wappen/head/180.png?lm=1444560086,,fc-southampton,Southampton FC,2024-premier-league,2024,premier-league,Premier League,England,€12.58bn,first_tier,12580000000.0,55.6
club,/ipswich-town/startseite/verein/677,"{'type': 'competition', 'country_id': '189', 'country_name': 'England', 'country_code': 'GB1', 'total_clubs': '20', 'total_players': '528', 'average_age': '26.5', 'foreigner_percentage': '72.0 %', 'average_market_value': None, 'total_value': '€12.58bn', 'competition_type': 'first_tier', 'competition_name': 'Premier League', 'href': '/premier-league/startseite/wettbewerb/GB1', 'seasoned_href': 'https://www.transfermarkt.co.uk/premier-league/startseite/wettbewerb/GB1/plus/0?saison_id=2024'}",,26,27.9,13,50.0 %,8,Portman Road,30056,29950000.0,Kieran McKenna,/kieran-mckenna/profil/trainer/45670,https://tmssl.akamaized.net//images/wappen/head/677.png?lm=1407655249,,ipswich-town,Ipswich Town,2024-premier-league,2024,premier-league,Premier League,England,€12.58bn,first_tier,12580000000.0,50.0
club,/fc-brentford/startseite/verein/1148,"{'type': 'competition', 'country_id': '189', 'country_name': 'England', 'country_code': 'GB1', 'total_clubs': '20', 'total_players': '528', 'average_age': '26.5', 'foreigner_percentage': '72.0 %', 'average_market_value': None, 'total_value': '€12.58bn', 'competition_type': 'first_tier', 'competition_name': 'Premier League', 'href': '/premier-league/startseite/wettbewerb/GB1', 'seasoned_href': 'https://www.transfermarkt.co.uk/premier-league/startseite/wettbewerb/GB1/plus/0?saison_id=2024'}",,26,25.5,20,76.9 %,14,Gtech Community Stadium,17250,50060000.0,Thomas Frank,/thomas-frank/profil/trainer/9002,https://tmssl.akamaized.net//images/wappen/head/1148.png?lm=1625150543,,fc-brentford,Brentford FC,2024-premier-league,2024,premier-league,Premier League,England,€12.58bn,first_tier,12580000000.0,76.9
club,/fc-everton/startseite/verein/29,"{'type': 'competition', 'country_id': '189', 'country_name': 'England', 'country_code': 'GB1', 'total_clubs': '20', 'total_players': '528', 'average_age': '26.5', 'foreigner_percentage': '72.0 %', 'average_market_value': None, 'total_value': '€12.58bn', 'competition_type': 'first_tier', 'competition_name': 'Premier League', 'href': '/premier-league/startseite/wettbewerb/GB1', 'seasoned_href': 'https://www.transfermarkt.co.uk/premier-league/startseite/wettbewerb/GB1/plus/0?saison_id=2024'}",,25,26.8,13,52.0 %,11,Hill Dickinson Stadium,52769,-117150000.0,Sean Dyche,/sean-dyche/profil/trainer/15856,https://tmssl.akamaized.net//images/wappen/head/29.png?lm=1445949846,,fc-everton,Everton FC,2024-premier-league,2024,premier-league,Premier League,England,€12.58bn,first_tier,12580000000.0,52.0
club,/leicester-city/startseite/verein/1003,"{'type': 'competition', 'country_id': '189', 'country_name': 'England', 'country_code': 'GB1', 'total_clubs': '20', 'total_players': '528', 'average_age': '26.5', 'foreigner_percentage': '72.0 %', 'average_market_value': None, 'total_value': '€12.58bn', 'competition_type': 'first_tier', 'competition_name': 'Premier League', 'href': '/premier-league/startseite/wettbewerb/GB1', 'seasoned_href': 'https://www.transfermarkt.co.uk/premier-league/startseite/wettbewerb/GB1/plus/0?saison_id=2024'}",,29,26.1,17,58.6 %,7,King Power Stadium,32259,57300000.0,Steve Cooper,/steve-cooper/profil/trainer/37574,https://tmssl.akamaized.net//images/wappen/head/1003.png?lm=1472229265,,leicester-city,Leicester City,2024-premier-league,2024,premier-league,Premier League,England,€12.58bn,first_tier,12580000000.0,58.6
club,/fc-fulham/startseite/verein/931,"{'type': 'competition', 'country_id': '189', 'country_name': 'England', 'country_code': 'GB1', 'total_clubs': '20', 'total_players': '528', 'average_age': '26.5', 'foreigner_percentage': '72.0 %', 'average_market_value': None, 'total_value': '€12.58bn', 'competition_type': 'first_tier', 'competition_name': 'Premier League', 'href': '/premier-league/startseite/wettbewerb/GB1', 'seasoned_href': 'https://www.transfermarkt.co.uk/premier-league/startseite/wettbewerb/GB1/plus/0?saison_id=2024'}",,24,28.3,20,83.3 %,12,Craven Cottage,29589,-56400000.0,Marco Silva,/marco-silva/profil/trainer/19631,https://tmssl.akamaized.net//images/wappen/head/931.png?lm=1556831687,,fc-fulham,Fulham FC,2024-premier-league,2024,premier-league,Premier League,England,€12.58bn,first_tier,12580000000.0,83.3
club,/west-ham-united/startseite/verein/379,"{'type': 'competition', 'country_id': '189', 'country_name': 'England', 'country_code': 'GB1', 'total_clubs': '20', 'total_players': '528', 'average_age': '26.5', 'foreigner_percentage': '72.0 %', 'average_market_value': None, 'total_value': '€12.58bn', 'competition_type': 'first_tier', 'competition_name': 'Premier League', 'href': '/premier-league/startseite/wettbewerb/GB1', 'seasoned_href': 'https://www.transfermarkt.co.uk/premier-league/startseite/wettbewerb/GB1/plus/0?saison_id=2024'}",,24,26.7,17,70.8 %,8,London Stadium,62500,-53100000.0,Julen Lopetegui,/julen-lopetegui/profil/trainer/6615,https://tmssl.akamaized.net//images/wappen/head/379.png?lm=1464675260,,west-ham-united,West Ham United,2024-premier-league,2024,premier-league,Premier League,England,€12.58bn,first_tier,12580000000.0,70.8
club,/as-rom/startseite/verein/12,"{'type': 'competition', 'country_id': '75', 'country_name': 'Italy', 'country_code': 'IT1', 'total_clubs': '20', 'total_players': '535', 'average_age': '26.8', 'foreigner_percentage': '68.4 %', 'average_market_value': None, 'total_value': '€5.33bn', 'competition_type': 'first_tier', 'competition_name': 'Serie A', 'href': '/serie-a/startseite/wettbewerb/IT1', 'seasoned_href': 'https://www.transfermarkt.co.uk/serie-a/startseite/wettbewerb/IT1/plus/0?saison_id=2024'}",,27,26.2,19,70.4 %,13,Olimpico di Roma,70634,-24450000.0,Daniele De Rossi,/daniele-de-rossi/profil/trainer/90748,https://tmssl.akamaized.net//images/wappen/head/12.png?lm=1751979202,,as-rom,AS Roma,2024-serie-a,2024,serie-a,Serie A,Italy,€5.33bn,first_tier,5330000000.0,70.4
club,/juventus-turin/startseite/verein/506,"{'type': 'competition', 'country_id': '75', 'country_name': 'Italy', 'country_code': 'IT1', 'total_clubs': '20', 'total_players': '535', 'average_age': '26.8', 'foreigner_percentage': '68.4 %', 'average_market_value': None, 'total_value': '€5.33bn', 'competition_type': 'first_tier', 'competition_name': 'Serie A', 'href': '/serie-a/startseite/wettbewerb/IT1', 'seasoned_href': 'https://www.transfermarkt.co.uk/serie-a/startseite/wettbewerb/IT1/plus/0?saison_id=2024'}",,25,27.4,18,72.0 %,19,Allianz Stadium,41507,-49750000.0,Thiago Motta,/thiago-motta/profil/trainer/61868,https://tmssl.akamaized.net//images/wappen/head/506.png?lm=1626441487,,juventus-turin,Juventus FC,2024-serie-a,2024,serie-a,Serie A,Italy,€5.33bn,first_tier,5330000000.0,72.0
club,/ac-mailand/startseite/verein/5,"{'type': 'competition', 'country_id': '75', 'country_name': 'Italy', 'country_code': 'IT1', 'total_clubs': '20', 'total_players': '535', 'average_age': '26.8', 'foreigner_percentage': '68.4 %', 'average_market_value': None, 'total_value': '€5.33bn', 'competition_type': 'first_tier', 'competition_name': 'Serie A', 'href': '/serie-a/startseite/wettbewerb/IT1', 'seasoned_href': 'https://www.transfermarkt.co.uk/serie-a/startseite/wettbewerb/IT1/plus/0?saison_id=2024'}",,23,27.3,18,78.3 %,18,Giuseppe Meazza,75923,6000000.0,Paulo Fonseca,/paulo-fonseca/profil/trainer/19944,https://tmssl.akamaized.net//images/wappen/head/5.png?lm=1605166627,,ac-mailand,AC Milan,2024-serie-a,2024,serie-a,Serie A,Italy,€5.33bn,first_tier,5330000000.0,78.3
club,/ssc-neapel/startseite/verein/6195,"{'type': 'competition', 'country_id': '75', 'country_name': 'Italy', 'country_code': 'IT1', 'total_clubs': '20', 'total_players': '535', 'average_age': '26.8', 'foreigner_percentage': '68.4 %', 'average_market_value': None, 'total_value': '€5.33bn', 'competition_type': 'first_tier', 'competition_name': 'Serie A', 'href': '/serie-a/startseite/wettbewerb/IT1', 'seasoned_href': 'https://www.transfermarkt.co.uk/serie-a/startseite/wettbewerb/IT1/plus/0?saison_id=2024'}",,26,28.7,17,65.4 %,16,Diego Armando Maradona,54726,-15350000.0,Antonio Conte,/antonio-conte/profil/trainer/3517,https://tmssl.akamaized.net//images/wappen/head/6195.png?lm=1753167643,,ssc-neapel,SSC Napoli,2024-serie-a,2024,serie-a,Serie A,Italy,€5.33bn,first_tier,5330000000.0,65.4
club,/atalanta-bergamo/startseite/verein/800,"{'type': 'competition', 'country_id': '75', 'country_name': 'Italy', 'country_code': 'IT1', 'total_clubs': '20', 'total_players': '535', 'average_age': '26.8', 'foreigner_percentage': '68.4 %', 'average_market_value': None, 'total_value': '€5.33bn', 'competition_type': 'first_tier', 'competition_name': 'Serie A', 'href': '/serie-a/startseite/wettbewerb/IT1', 'seasoned_href': 'https://www.transfermarkt.co.uk/serie-a/startseite/wettbewerb/IT1/plus/0?saison_id=2024'}",,24,27.4,14,58.3 %,17,New Balance Arena - Bergamo,24950,-8280000.0,Gian Piero Gasperini,/gian-piero-gasperini/profil/trainer/3436,https://tmssl.akamaized.net//images/wappen/head/800.png?lm=1438547428,,atalanta-bergamo,Atalanta BC,2024-serie-a,2024,serie-a,Serie A,Italy,€5.33bn,first_tier,5330000000.0,58.3
club,/fc-turin/startseite/verein/416,"{'type': 'competition', 'country_id': '75', 'country_name': 'Italy', 'country_code': 'IT1', 'total_clubs': '20', 'total_players': '535', 'average_age': '26.8', 'foreigner_percentage': '68.4 %', 'average_market_value': None, 'total_value': '€5.33bn', 'competition_type': 'first_tier', 'competition_name': 'Serie A', 'href': '/serie-a/startseite/wettbewerb/IT1', 'seasoned_href': 'https://www.transfermarkt.co.uk/serie-a/startseite/wettbewerb/IT1/plus/0?saison_id=2024'}",,30,26.3,24,80.0 %,11,Olimpico Grande Torino,28177,21840000.0,Paolo Vanoli,/paolo-vanoli/profil/trainer/31876,https://tmssl.akamaized.net//images/wappen/head/416.png?lm=1438548174,,fc-turin,Torino FC,2024-serie-a,2024,serie-a,Serie A,Italy,€5.33bn,first_tier,5330000000.0,80.0
club,/ac-florenz/startseite/verein/430,"{'type': 'competition', 'country_id': '75', 'country_name': 'Italy', 'country_code': 'IT1', 'total_clubs': '20', 'total_players': '535', 'average_age': '26.8', 'foreigner_percentage': '68.4 %', 'average_market_value': None, 'total_value': '€5.33bn', 'competition_type': 'first_tier', 'competition_name': 'Serie A', 'href': '/serie-a/startseite/wettbewerb/IT1', 'seasoned_href': 'https://www.transfermarkt.co.uk/serie-a/startseite/wettbewerb/IT1/plus/0?saison_id=2024'}",,27,26.0,11,40.7 %,11,Artemio Franchi,43147,-29210000.0,Raffaele Palladino,/raffaele-palladino/profil/trainer/95674,https://tmssl.akamaized.net//images/wappen/head/430.png?lm=1722844765,,ac-florenz,ACF Fiorentina,2024-serie-a,2024,serie-a,Serie A,Italy,€5.33bn,first_tier,5330000000.0,40.7
club,/fc-bologna/startseite/verein/1025,"{'type': 'competition', 'country_id': '75', 'country_name': 'Italy', 'country_code': 'IT1', 'total_clubs': '20', 'total_players': '535', 'average_age': '26.8', 'foreigner_percentage': '68.4 %', 'average_market_value': None, 'total_value': '€5.33bn', 'competition_type': 'first_tier', 'competition_name': 'Serie A', 'href': '/serie-a/startseite/wettbewerb/IT1', 'seasoned_href': 'https://www.transfermarkt.co.uk/serie-a/startseite/wettbewerb/IT1/plus/0?saison_id=2024'}",,27,27.3,17,63.0 %,11,Stadio Renato Dall’Ara,36462,27700000.0,Vincenzo Italiano,/vincenzo-italiano/profil/trainer/47288,https://tmssl.akamaized.net//images/wappen/head/1025.png?lm=1626441324,,fc-bologna,Bologna FC 1909,2024-serie-a,2024,serie-a,Serie A,Italy,€5.33bn,first_tier,5330000000.0,63.0
club,/lazio-rom/startseite/verein/398,"{'type': 'competition', 'country_id': '75', 'country_name': 'Italy', 'country_code': 'IT1', 'total_clubs': '20', 'total_players': '535', 'average_age': '26.8', 'foreigner_percentage': '68.4 %', 'average_market_value': None, 'total_value': '€5.33bn', 'competition_type': 'first_tier', 'competition_name': 'Serie A', 'href': '/serie-a/startseite/wettbewerb/IT1', 'seasoned_href': 'https://www.transfermarkt.co.uk/serie-a/startseite/wettbewerb/IT1/plus/0?saison_id=2024'}",,28,27.7,17,60.7 %,11,Olimpico di Roma,70634,12550000.0,Marco Baroni,/marco-baroni/profil/trainer/12015,https://tmssl.akamaized.net//images/wappen/head/398.png?lm=1601537785,,lazio-rom,SS Lazio,2024-serie-a,2024,serie-a,Serie A,Italy,€5.33bn,first_tier,5330000000.0,60.7
club,/inter-mailand/startseite/verein/46,"{'type': 'competition', 'country_id': '75', 'country_name': 'Italy', 'country_code': 'IT1', 'total_clubs': '20', 'total_players': '535', 'average_age': '26.8', 'foreigner_percentage': '68.4 %', 'average_market_value': None, 'total_value': '€5.33bn', 'competition_type': 'first_tier', 'competition_name': 'Serie A', 'href': '/serie-a/startseite/wettbewerb/IT1', 'seasoned_href': 'https://www.transfermarkt.co.uk/serie-a/startseite/wettbewerb/IT1/plus/0?saison_id=2024'}",,24,29.4,16,66.7 %,14,Giuseppe Meazza,75923,-48350000.0,Simone Inzaghi,/simone-inzaghi/profil/trainer/21624,https://tmssl.akamaized.net//images/wappen/head/46.png?lm=1618900989,,inter-mailand,Inter Milan,2024-serie-a,2024,serie-a,Serie A,Italy,€5.33bn,first_tier,5330000000.0,66.7
club,/genua-cfc/startseite/verein/252,"{'type': 'competition', 'country_id': '75', 'country_name': 'Italy', 'country_code': 'IT1', 'total_clubs': '20', 'total_players': '535', 'average_age': '26.8', 'foreigner_percentage': '68.4 %', 'average_market_value': None, 'total_value': '€5.33bn', 'competition_type': 'first_tier', 'competition_name': 'Serie A', 'href': '/serie-a/startseite/wettbewerb/IT1', 'seasoned_href': 'https://www.transfermarkt.co.uk/serie-a/startseite/wettbewerb/IT1/plus/0?saison_id=2024'}",,26,26.7,18,69.2 %,7,Luigi Ferraris,34901,47930000.0,Alberto Gilardino,/alberto-gilardino/profil/trainer/64045,https://tmssl.akamaized.net//images/wappen/head/252.png?lm=1655305880,,genua-cfc,Genoa CFC,2024-serie-a,2024,serie-a,Serie A,Italy,€5.33bn,first_tier,5330000000.0,69.2
club,/udinese-calcio/startseite/verein/410,"{'type': 'competition', 'country_id': '75', 'country_name': 'Italy', 'country_code': 'IT1', 'total_clubs': '20', 'total_players': '535', 'average_age': '26.8', 'foreigner_percentage': '68.4 %', 'average_market_value': None, 'total_value': '€5.33bn', 'competition_type': 'first_tier', 'competition_name': 'Serie A', 'href': '/serie-a/startseite/wettbewerb/IT1', 'seasoned_href': 'https://www.transfermarkt.co.uk/serie-a/startseite/wettbewerb/IT1/plus/0?saison_id=2024'}",,26,26.2,21,80.8 %,9,Bluenergy Stadium,25144,47650000.0,Kosta Runjaić,/kosta-runjaic/profil/trainer/1982,https://tmssl.akamaized.net//images/wappen/head/410.png?lm=1688982584,,udinese-calcio,Udinese Calcio,2024-serie-a,2024,serie-a,Serie A,Italy,€5.33bn,first_tier,5330000000.0,80.8
club,/como-1907/startseite/verein/1047,"{'type': 'competition', 'country_id': '75', 'country_name': 'Italy', 'country_code': 'IT1', 'total_clubs': '20', 'total_players': '535', 'average_age': '26.8', 'foreigner_percentage': '68.4 %', 'average_market_value': None, 'total_value': '€5.33bn', 'competition_type': 'first_tier', 'competition_name': 'Serie A', 'href': '/serie-a/startseite/wettbewerb/IT1', 'seasoned_href': 'https://www.transfermarkt.co.uk/serie-a/startseite/wettbewerb/IT1/plus/0?saison_id=2024'}",,27,26.3,25,92.6 %,10,Giuseppe Sinigaglia,12039,-110510000.0,Cesc Fàbregas,/cesc-fabregas/profil/trainer/117406,https://tmssl.akamaized.net//images/wappen/head/1047.png?lm=1565704078,,como-1907,Como 1907,2024-serie-a,2024,serie-a,Serie A,Italy,€5.33bn,first_tier,5330000000.0,92.6
club,/us-lecce/startseite/verein/1005,"{'type': 'competition', 'country_id': '75', 'country_name': 'Italy', 'country_code': 'IT1', 'total_clubs': '20', 'total_players': '535', 'average_age': '26.8', 'foreigner_percentage': '68.4 %', 'average_market_value': None, 'total_value': '€5.33bn', 'competition_type': 'first_tier', 'competition_name': 'Serie A', 'href': '/serie-a/startseite/wettbewerb/IT1', 'seasoned_href': 'https://www.transfermarkt.co.uk/serie-a/startseite/wettbewerb/IT1/plus/0?saison_id=2024'}",,27,25.2,23,85.2 %,10,Ettore Giardiniero,31559,8620000.0,Luca Gotti,/luca-gotti/profil/trainer/7521,https://tmssl.akamaized.net//images/wappen/head/1005.png?lm=1689169528,,us-lecce,US Lecce,2024-serie-a,2024,serie-a,Serie A,Italy,€5.33bn,first_tier,5330000000.0,85.2
club,/fc-empoli/startseite/verein/749,"{'type': 'competition', 'country_id': '75', 'country_name': 'Italy', 'country_code': 'IT1', 'total_clubs': '20', 'total_players': '535', 'average_age': '26.8', 'foreigner_percentage': '68.4 %', 'average_market_value': None, 'total_value': '€5.33bn', 'competition_type': 'first_tier', 'competition_name': 'Serie A', 'href': '/serie-a/startseite/wettbewerb/IT1', 'seasoned_href': 'https://www.transfermarkt.co.uk/serie-a/startseite/wettbewerb/IT1/plus/0?saison_id=2024'}",,33,24.6,9,27.3 %,1,Carlo Castellani,19847,23330000.0,Roberto D'Aversa,/roberto-daversa/profil/trainer/35782,https://tmssl.akamaized.net//images/wappen/head/749.png?lm=1626441481,,fc-empoli,FC Empoli,2024-serie-a,2024,serie-a,Serie A,Italy,€5.33bn,first_tier,5330000000.0,27.3
club,/parma-calcio-1913/startseite/verein/130,"{'type': 'competition', 'country_id': '75', 'country_name': 'Italy', 'country_code': 'IT1', 'total_clubs': '20', 'total_players': '535', 'average_age': '26.8', 'foreigner_percentage': '68.4 %', 'average_market_value': None, 'total_value': '€5.33bn', 'competition_type': 'first_tier', 'competition_name': 'Serie A', 'href': '/serie-a/startseite/wettbewerb/IT1', 'seasoned_href': 'https://www.transfermarkt.co.uk/serie-a/startseite/wettbewerb/IT1/plus/0?saison_id=2024'}",,25,24.6,19,76.0 %,2,Ennio Tardini,22352,37290000.0,Fabio Pecchia,/fabio-pecchia/profil/trainer/19635,https://tmssl.akamaized.net//images/wappen/head/130.png?lm=1530945992,,parma-calcio-1913,Parma Calcio 1913,2024-serie-a,2024,serie-a,Serie A,Italy,€5.33bn,first_tier,5330000000.0,76.0
club,/hellas-verona/startseite/verein/276,"{'type': 'competition', 'country_id': '75', 'country_name': 'Italy', 'country_code': 'IT1', 'total_clubs': '20', 'total_players': '535', 'average_age': '26.8', 'foreigner_percentage': '68.4 %', 'average_market_value': None, 'total_value': '€5.33bn', 'competition_type': 'first_tier', 'competition_name': 'Serie A', 'href': '/serie-a/startseite/wettbewerb/IT1', 'seasoned_href': 'https://www.transfermarkt.co.uk/serie-a/startseite/wettbewerb/IT1/plus/0?saison_id=2024'}",,30,26.0,26,86.7 %,9,Marcantonio Bentegodi,39211,7300000.0,Paolo Zanetti,/paolo-zanetti/profil/trainer/52249,https://tmssl.akamaized.net//images/wappen/head/276.png?lm=1617228746,,hellas-verona,Hellas Verona,2024-serie-a,2024,serie-a,Serie A,Italy,€5.33bn,first_tier,5330000000.0,86.7
club,/ac-monza/startseite/verein/2919,"{'type': 'competition', 'country_id': '75', 'country_name': 'Italy', 'country_code': 'IT1', 'total_clubs': '20', 'total_players': '535', 'average_age': '26.8', 'foreigner_percentage': '68.4 %', 'average_market_value': None, 'total_value': '€5.33bn', 'competition_type': 'first_tier', 'competition_name': 'Serie A', 'href': '/serie-a/startseite/wettbewerb/IT1', 'seasoned_href': 'https://www.transfermarkt.co.uk/serie-a/startseite/wettbewerb/IT1/plus/0?saison_id=2024'}",,28,26.9,12,42.9 %,2,Brianteo,17102,14900000.0,Alessandro Nesta,/alessandro-nesta/profil/trainer/34187,https://tmssl.akamaized.net//images/wappen/head/2919.png?lm=1562072734,,ac-monza,AC Monza,2024-serie-a,2024,serie-a,Serie A,Italy,€5.33bn,first_tier,5330000000.0,42.9
club,/venezia-fc/startseite/verein/607,"{'type': 'competition', 'country_id': '75', 'country_name': 'Italy', 'country_code': 'IT1', 'total_clubs': '20', 'total_players': '535', 'average_age': '26.8', 'foreigner_percentage': '68.4 %', 'average_market_value': None, 'total_value': '€5.33bn', 'competition_type': 'first_tier', 'competition_name': 'Serie A', 'href': '/serie-a/startseite/wettbewerb/IT1', 'seasoned_href': 'https://www.transfermarkt.co.uk/serie-a/startseite/wettbewerb/IT1/plus/0?saison_id=2024'}",,29,26.4,19,65.5 %,6,Pier Luigi Penzo,12048,-10260000.0,Eusebio Di Francesco,/eusebio-di-francesco/profil/trainer/12924,https://tmssl.akamaized.net//images/wappen/head/607.png?lm=1657392944,,venezia-fc,Venezia FC,2024-serie-a,2024,serie-a,Serie A,Italy,€5.33bn,first_tier,5330000000.0,65.5
club,/cagliari-calcio/startseite/verein/1390,"{'type': 'competition', 'country_id': '75', 'country_name': 'Italy', 'country_code': 'IT1', 'total_clubs': '20', 'total_players': '535', 'average_age': '26.8', 'foreigner_percentage': '68.4 %', 'average_market_value': None, 'total_value': '€5.33bn', 'competition_type': 'first_tier', 'competition_name': 'Serie A', 'href': '/serie-a/startseite/wettbewerb/IT1', 'seasoned_href': 'https://www.transfermarkt.co.uk/serie-a/startseite/wettbewerb/IT1/plus/0?saison_id=2024'}",,28,25.3,13,46.4 %,8,Unipol Domus,16416,800000.0,Davide Nicola,/davide-nicola/profil/trainer/14892,https://tmssl.akamaized.net//images/wappen/head/1390.png?lm=1626441409,,cagliari-calcio,Cagliari Calcio,2024-serie-a,2024,serie-a,Serie A,Italy,€5.33bn,first_tier,5330000000.0,46.4
club,/rasenballsport-leipzig/startseite/verein/23826,"{'type': 'competition', 'country_id': '40', 'country_name': 'Germany', 'country_code': 'L1', 'total_clubs': '18', 'total_players': '517', 'average_age': '26.0', 'foreigner_percentage': '59.0 %', 'average_market_value': '\n', 'total_value': '€5.02bn', 'competition_type': 'first_tier', 'competition_name': 'Bundesliga', 'href': '/bundesliga/startseite/wettbewerb/L1', 'seasoned_href': 'https://www.transfermarkt.co.uk/bundesliga/startseite/wettbewerb/L1/plus/0?saison_id=2025'}",,30,23.7,20,66.7 %,12,Red Bull Arena,47069,38050000.0,,,https://tmssl.akamaized.net//images/wappen/head/23826.png?lm=1619431624,,rasenballsport-leipzig,RasenBallsport Leipzig,2025-bundesliga,2025,bundesliga,Bundesliga,Germany,€5.02bn,first_tier,5020000000.0,66.7
club,/fc-bayern-munchen/startseite/verein/27,"{'type': 'competition', 'country_id': '40', 'country_name': 'Germany', 'country_code': 'L1', 'total_clubs': '18', 'total_players': '517', 'average_age': '26.0', 'foreigner_percentage': '59.0 %', 'average_market_value': '\n', 'total_value': '€5.02bn', 'competition_type': 'first_tier', 'competition_name': 'Bundesliga', 'href': '/bundesliga/startseite/wettbewerb/L1', 'seasoned_href': 'https://www.transfermarkt.co.uk/bundesliga/startseite/wettbewerb/L1/plus/0?saison_id=2025'}",,25,27.0,13,52.0 %,16,Allianz Arena,75000,12900000.0,,,https://tmssl.akamaized.net//images/wappen/head/27.png?lm=1729503608,,fc-bayern-munchen,FC Bayern München,2025-bundesliga,2025,bundesliga,Bundesliga,Germany,€5.02bn,first_tier,5020000000.0,52.0
club,/sv-werder-bremen/startseite/verein/86,"{'type': 'competition', 'country_id': '40', 'country_name': 'Germany', 'country_code': 'L1', 'total_clubs': '18', 'total_players': '517', 'average_age': '26.0', 'foreigner_percentage': '59.0 %', 'average_market_value': '\n', 'total_value': '€5.02bn', 'competition_type': 'first_tier', 'competition_name': 'Bundesliga', 'href': '/bundesliga/startseite/wettbewerb/L1', 'seasoned_href': 'https://www.transfermarkt.co.uk/bundesliga/startseite/wettbewerb/L1/plus/0?saison_id=2025'}",,30,25.4,18,60.0 %,10,Weserstadion,41800,-2150000.0,,,https://tmssl.akamaized.net//images/wappen/head/86.png?lm=1403082298,,sv-werder-bremen,Sportverein Werder Bremen von 1899,2025-bundesliga,2025,bundesliga,Bundesliga,Germany,€5.02bn,first_tier,5020000000.0,60.0
club,/sc-freiburg/startseite/verein/60,"{'type': 'competition', 'country_id': '40', 'country_name': 'Germany', 'country_code': 'L1', 'total_clubs': '18', 'total_players': '517', 'average_age': '26.0', 'foreigner_percentage': '59.0 %', 'average_market_value': '\n', 'total_value': '€5.02bn', 'competition_type': 'first_tier', 'competition_name': 'Bundesliga', 'href': '/bundesliga/startseite/wettbewerb/L1', 'seasoned_href': 'https://www.transfermarkt.co.uk/bundesliga/startseite/wettbewerb/L1/plus/0?saison_id=2025'}",,25,28.1,9,36.0 %,5,Europa-Park Stadion,34700,-1150000.0,,,https://tmssl.akamaized.net//images/wappen/head/60.png?lm=1517249279,,sc-freiburg,Sport-Club Freiburg,2025-bundesliga,2025,bundesliga,Bundesliga,Germany,€5.02bn,first_tier,5020000000.0,36.0
club,/eintracht-frankfurt/startseite/verein/24,"{'type': 'competition', 'country_id': '40', 'country_name': 'Germany', 'country_code': 'L1', 'total_clubs': '18', 'total_players': '517', 'average_age': '26.0', 'foreigner_percentage': '59.0 %', 'average_market_value': '\n', 'total_value': '€5.02bn', 'competition_type': 'first_tier', 'competition_name': 'Bundesliga', 'href': '/bundesliga/startseite/wettbewerb/L1', 'seasoned_href': 'https://www.transfermarkt.co.uk/bundesliga/startseite/wettbewerb/L1/plus/0?saison_id=2025'}",,29,25.6,19,65.5 %,13,Deutsche Bank Park,59500,53400000.0,,,https://tmssl.akamaized.net//images/wappen/head/24.png?lm=1700074979,,eintracht-frankfurt,Eintracht Frankfurt Fußball AG,2025-bundesliga,2025,bundesliga,Bundesliga,Germany,€5.02bn,first_tier,5020000000.0,65.5
club,/vfb-stuttgart/startseite/verein/79,"{'type': 'competition', 'country_id': '40', 'country_name': 'Germany', 'country_code': 'L1', 'total_clubs': '18', 'total_players': '517', 'average_age': '26.0', 'foreigner_percentage': '59.0 %', 'average_market_value': '\n', 'total_value': '€5.02bn', 'competition_type': 'first_tier', 'competition_name': 'Bundesliga', 'href': '/bundesliga/startseite/wettbewerb/L1', 'seasoned_href': 'https://www.transfermarkt.co.uk/bundesliga/startseite/wettbewerb/L1/plus/0?saison_id=2025'}",,30,24.9,14,46.7 %,14,MHPArena Stuttgart,60449,57050000.0,,,https://tmssl.akamaized.net//images/wappen/head/79.png?lm=1680587427,,vfb-stuttgart,Verein für Bewegungsspiele Stuttgart 1893,2025-bundesliga,2025,bundesliga,Bundesliga,Germany,€5.02bn,first_tier,5020000000.0,46.7
club,/borussia-dortmund/startseite/verein/16,"{'type': 'competition', 'country_id': '40', 'country_name': 'Germany', 'country_code': 'L1', 'total_clubs': '18', 'total_players': '517', 'average_age': '26.0', 'foreigner_percentage': '59.0 %', 'average_market_value': '\n', 'total_value': '€5.02bn', 'competition_type': 'first_tier', 'competition_name': 'Bundesliga', 'href': '/bundesliga/startseite/wettbewerb/L1', 'seasoned_href': 'https://www.transfermarkt.co.uk/bundesliga/startseite/wettbewerb/L1/plus/0?saison_id=2025'}",,26,26.4,14,53.8 %,13,SIGNAL IDUNA PARK,81365,-23200000.0,,,https://tmssl.akamaized.net//images/wappen/head/16.png?lm=1396275280,,borussia-dortmund,Borussia Dortmund,2025-bundesliga,2025,bundesliga,Bundesliga,Germany,€5.02bn,first_tier,5020000000.0,53.8
club,/vfl-wolfsburg/startseite/verein/82,"{'type': 'competition', 'country_id': '40', 'country_name': 'Germany', 'country_code': 'L1', 'total_clubs': '18', 'total_players': '517', 'average_age': '26.0', 'foreigner_percentage': '59.0 %', 'average_market_value': '\n', 'total_value': '€5.02bn', 'competition_type': 'first_tier', 'competition_name': 'Bundesliga', 'href': '/bundesliga/startseite/wettbewerb/L1', 'seasoned_href': 'https://www.transfermarkt.co.uk/bundesliga/startseite/wettbewerb/L1/plus/0?saison_id=2025'}",,33,25.5,24,72.7 %,14,Volkswagen Arena,28917,-30980000.0,,,https://tmssl.akamaized.net//images/wappen/head/82.png?lm=1778348110,,vfl-wolfsburg,Verein für Leibesübungen Wolfsburg,2025-bundesliga,2025,bundesliga,Bundesliga,Germany,€5.02bn,first_tier,5020000000.0,72.7
club,/tsg-1899-hoffenheim/startseite/verein/533,"{'type': 'competition', 'country_id': '40', 'country_name': 'Germany', 'country_code': 'L1', 'total_clubs': '18', 'total_players': '517', 'average_age': '26.0', 'foreigner_percentage': '59.0 %', 'average_market_value': '\n', 'total_value': '€5.02bn', 'competition_type': 'first_tier', 'competition_name': 'Bundesliga', 'href': '/bundesliga/startseite/wettbewerb/L1', 'seasoned_href': 'https://www.transfermarkt.co.uk/bundesliga/startseite/wettbewerb/L1/plus/0?saison_id=2025'}",,29,25.5,20,69.0 %,12,PreZero Arena,30150,1350000.0,,,https://tmssl.akamaized.net//images/wappen/head/533.png?lm=1675591766,,tsg-1899-hoffenheim,Turn- und Sportgemeinschaft 1899 Hoffenheim Fußball-Spielbetriebs,2025-bundesliga,2025,bundesliga,Bundesliga,Germany,€5.02bn,first_tier,5020000000.0,69.0
club,/bayer-04-leverkusen/startseite/verein/15,"{'type': 'competition', 'country_id': '40', 'country_name': 'Germany', 'country_code': 'L1', 'total_clubs': '18', 'total_players': '517', 'average_age': '26.0', 'foreigner_percentage': '59.0 %', 'average_market_value': '\n', 'total_value': '€5.02bn', 'competition_type': 'first_tier', 'competition_name': 'Bundesliga', 'href': '/bundesliga/startseite/wettbewerb/L1', 'seasoned_href': 'https://www.transfermarkt.co.uk/bundesliga/startseite/wettbewerb/L1/plus/0?saison_id=2025'}",,27,26.6,21,77.8 %,14,BayArena,30210,31800000.0,,,https://tmssl.akamaized.net//images/wappen/head/15.png?lm=1710156317,,bayer-04-leverkusen,Bayer 04 Leverkusen Fußball,2025-bundesliga,2025,bundesliga,Bundesliga,Germany,€5.02bn,first_tier,5020000000.0,77.8
club,/1-fc-heidenheim-1846/startseite/verein/2036,"{'type': 'competition', 'country_id': '40', 'country_name': 'Germany', 'country_code': 'L1', 'total_clubs': '18', 'total_players': '517', 'average_age': '26.0', 'foreigner_percentage': '59.0 %', 'average_market_value': '\n', 'total_value': '€5.02bn', 'competition_type': 'first_tier', 'competition_name': 'Bundesliga', 'href': '/bundesliga/startseite/wettbewerb/L1', 'seasoned_href': 'https://www.transfermarkt.co.uk/bundesliga/startseite/wettbewerb/L1/plus/0?saison_id=2025'}",,29,26.4,7,24.1 %,3,Voith-Arena,15000,7500000.0,,,https://tmssl.akamaized.net//images/wappen/head/2036.png?lm=1685457789,,1-fc-heidenheim-1846,1. Fußballclub Heidenheim 1846,2025-bundesliga,2025,bundesliga,Bundesliga,Germany,€5.02bn,first_tier,5020000000.0,24.1
club,/fc-augsburg/startseite/verein/167,"{'type': 'competition', 'country_id': '40', 'country_name': 'Germany', 'country_code': 'L1', 'total_clubs': '18', 'total_players': '517', 'average_age': '26.0', 'foreigner_percentage': '59.0 %', 'average_market_value': '\n', 'total_value': '€5.02bn', 'competition_type': 'first_tier', 'competition_name': 'Bundesliga', 'href': '/bundesliga/startseite/wettbewerb/L1', 'seasoned_href': 'https://www.transfermarkt.co.uk/bundesliga/startseite/wettbewerb/L1/plus/0?saison_id=2025'}",,29,25.6,19,65.5 %,9,WWK ARENA,30660,-8250000.0,,,https://tmssl.akamaized.net//images/wappen/head/167.png?lm=1656582897,,fc-augsburg,Fußball-Club Augsburg 1907,2025-bundesliga,2025,bundesliga,Bundesliga,Germany,€5.02bn,first_tier,5020000000.0,65.5
club,/hamburger-sv/startseite/verein/41,"{'type': 'competition', 'country_id': '40', 'country_name': 'Germany', 'country_code': 'L1', 'total_clubs': '18', 'total_players': '517', 'average_age': '26.0', 'foreigner_percentage': '59.0 %', 'average_market_value': '\n', 'total_value': '€5.02bn', 'competition_type': 'first_tier', 'competition_name': 'Bundesliga', 'href': '/bundesliga/startseite/wettbewerb/L1', 'seasoned_href': 'https://www.transfermarkt.co.uk/bundesliga/startseite/wettbewerb/L1/plus/0?saison_id=2025'}",,30,25.1,23,76.7 %,9,Volksparkstadion,57000,-7960000.0,,,https://tmssl.akamaized.net//images/wappen/head/41.png?lm=1597319274,,hamburger-sv,Hamburger Sport Verein,2025-bundesliga,2025,bundesliga,Bundesliga,Germany,€5.02bn,first_tier,5020000000.0,76.7
club,/borussia-monchengladbach/startseite/verein/18,"{'type': 'competition', 'country_id': '40', 'country_name': 'Germany', 'country_code': 'L1', 'total_clubs': '18', 'total_players': '517', 'average_age': '26.0', 'foreigner_percentage': '59.0 %', 'average_market_value': '\n', 'total_value': '€5.02bn', 'competition_type': 'first_tier', 'competition_name': 'Bundesliga', 'href': '/bundesliga/startseite/wettbewerb/L1', 'seasoned_href': 'https://www.transfermarkt.co.uk/bundesliga/startseite/wettbewerb/L1/plus/0?saison_id=2025'}",,28,26.0,15,53.6 %,10,Stadion im Borussia-Park,54042,10650000.0,,,https://tmssl.akamaized.net//images/wappen/head/18.png?lm=1656585796,,borussia-monchengladbach,Borussia Verein für Leibesübungen 1900 Mönchengladbach,2025-bundesliga,2025,bundesliga,Bundesliga,Germany,€5.02bn,first_tier,5020000000.0,53.6
club,/1-fc-koln/startseite/verein/3,"{'type': 'competition', 'country_id': '40', 'country_name': 'Germany', 'country_code': 'L1', 'total_clubs': '18', 'total_players': '517', 'average_age': '26.0', 'foreigner_percentage': '59.0 %', 'average_market_value': '\n', 'total_value': '€5.02bn', 'competition_type': 'first_tier', 'competition_name': 'Bundesliga', 'href': '/bundesliga/startseite/wettbewerb/L1', 'seasoned_href': 'https://www.transfermarkt.co.uk/bundesliga/startseite/wettbewerb/L1/plus/0?saison_id=2025'}",,30,25.9,12,40.0 %,6,RheinEnergieSTADION,50000,-12130000.0,,,https://tmssl.akamaized.net//images/wappen/head/3.png?lm=1656580823,,1-fc-koln,1. Fußball-Club Köln,2025-bundesliga,2025,bundesliga,Bundesliga,Germany,€5.02bn,first_tier,5020000000.0,40.0
club,/1-fsv-mainz-05/startseite/verein/39,"{'type': 'competition', 'country_id': '40', 'country_name': 'Germany', 'country_code': 'L1', 'total_clubs': '18', 'total_players': '517', 'average_age': '26.0', 'foreigner_percentage': '59.0 %', 'average_market_value': '\n', 'total_value': '€5.02bn', 'competition_type': 'first_tier', 'competition_name': 'Bundesliga', 'href': '/bundesliga/startseite/wettbewerb/L1', 'seasoned_href': 'https://www.transfermarkt.co.uk/bundesliga/startseite/wettbewerb/L1/plus/0?saison_id=2025'}",,31,27.3,15,48.4 %,11,Mewa Arena,33305,5730000.0,,,https://tmssl.akamaized.net//images/wappen/head/39.png?lm=1564748880,,1-fsv-mainz-05,1. Fußball- und Sportverein Mainz 05,2025-bundesliga,2025,bundesliga,Bundesliga,Germany,€5.02bn,first_tier,5020000000.0,48.4
club,/fc-st-pauli/startseite/verein/35,"{'type': 'competition', 'country_id': '40', 'country_name': 'Germany', 'country_code': 'L1', 'total_clubs': '18', 'total_players': '517', 'average_age': '26.0', 'foreigner_percentage': '59.0 %', 'average_market_value': '\n', 'total_value': '€5.02bn', 'competition_type': 'first_tier', 'competition_name': 'Bundesliga', 'href': '/bundesliga/startseite/wettbewerb/L1', 'seasoned_href': 'https://www.transfermarkt.co.uk/bundesliga/startseite/wettbewerb/L1/plus/0?saison_id=2025'}",,30,26.3,25,83.3 %,13,Millerntor-Stadion,29546,-2450000.0,,,https://tmssl.akamaized.net//images/wappen/head/35.png?lm=1521036360,,fc-st-pauli,Fußball-Club St. Pauli von 1910,2025-bundesliga,2025,bundesliga,Bundesliga,Germany,€5.02bn,first_tier,5020000000.0,83.3
club,/1-fc-union-berlin/startseite/verein/89,"{'type': 'competition', 'country_id': '40', 'country_name': 'Germany', 'country_code': 'L1', 'total_clubs': '18', 'total_players': '517', 'average_age': '26.0', 'foreigner_percentage': '59.0 %', 'average_market_value': '\n', 'total_value': '€5.02bn', 'competition_type': 'first_tier', 'competition_name': 'Bundesliga', 'href': '/bundesliga/startseite/wettbewerb/L1', 'seasoned_href': 'https://www.transfermarkt.co.uk/bundesliga/startseite/wettbewerb/L1/plus/0?saison_id=2025'}",,26,27.1,17,65.4 %,8,Stadion An der Alten Försterei,22012,300000.0,,,https://tmssl.akamaized.net//images/wappen/head/89.png?lm=1402956210,,1-fc-union-berlin,1. Fußballclub Union Berlin,2025-bundesliga,2025,bundesliga,Bundesliga,Germany,€5.02bn,first_tier,5020000000.0,65.4
club,/fc-brugge/startseite/verein/2282,"{'type': 'competition', 'country_id': '19', 'country_name': 'Belgium', 'country_code': 'BE1', 'total_clubs': '16', 'total_players': '452', 'average_age': '24.6', 'foreigner_percentage': '62.4 %', 'average_market_value': None, 'total_value': '€1.05bn', 'competition_type': 'first_tier', 'competition_name': 'Jupiler Pro League', 'href': '/jupiler-pro-league/startseite/wettbewerb/BE1', 'seasoned_href': 'https://www.transfermarkt.co.uk/jupiler-pro-league/startseite/wettbewerb/BE1/plus/0?saison_id=2025'}",,28,24.2,16,57.1 %,12,Jan Breydelstadion,29062,49000000.0,,,https://tmssl.akamaized.net//images/wappen/head/2282.png?lm=1716279106,,fc-brugge,Club Brugge Koninklijke Voetbalvereniging,2025-jupiler-pro-league,2025,jupiler-pro-league,Jupiler Pro League,Belgium,€1.05bn,first_tier,1050000000.0,57.1
club,/royal-antwerpen-fc/startseite/verein/1096,"{'type': 'competition', 'country_id': '19', 'country_name': 'Belgium', 'country_code': 'BE1', 'total_clubs': '16', 'total_players': '452', 'average_age': '24.6', 'foreigner_percentage': '62.4 %', 'average_market_value': None, 'total_value': '€1.05bn', 'competition_type': 'first_tier', 'competition_name': 'Jupiler Pro League', 'href': '/jupiler-pro-league/startseite/wettbewerb/BE1', 'seasoned_href': 'https://www.transfermarkt.co.uk/jupiler-pro-league/startseite/wettbewerb/BE1/plus/0?saison_id=2025'}",,31,24.5,17,54.8 %,5,Bosuilstadion,21000,42750000.0,,,https://tmssl.akamaized.net//images/wappen/head/1096.png?lm=1623758865,,royal-antwerpen-fc,Royal Antwerp Football Club,2025-jupiler-pro-league,2025,jupiler-pro-league,Jupiler Pro League,Belgium,€1.05bn,first_tier,1050000000.0,54.8
club,/kaa-gent/startseite/verein/157,"{'type': 'competition', 'country_id': '19', 'country_name': 'Belgium', 'country_code': 'BE1', 'total_clubs': '16', 'total_players': '452', 'average_age': '24.6', 'foreigner_percentage': '62.4 %', 'average_market_value': None, 'total_value': '€1.05bn', 'competition_type': 'first_tier', 'competition_name': 'Jupiler Pro League', 'href': '/jupiler-pro-league/startseite/wettbewerb/BE1', 'seasoned_href': 'https://www.transfermarkt.co.uk/jupiler-pro-league/startseite/wettbewerb/BE1/plus/0?saison_id=2025'}",,29,24.3,17,58.6 %,7,Planet Group arena,20185,17850000.0,,,https://tmssl.akamaized.net//images/wappen/head/157.png?lm=1715694765,,kaa-gent,Koninklijke Atletiek Associatie Gent,2025-jupiler-pro-league,2025,jupiler-pro-league,Jupiler Pro League,Belgium,€1.05bn,first_tier,1050000000.0,58.6
club,/rsc-anderlecht/startseite/verein/58,"{'type': 'competition', 'country_id': '19', 'country_name': 'Belgium', 'country_code': 'BE1', 'total_clubs': '16', 'total_players': '452', 'average_age': '24.6', 'foreigner_percentage': '62.4 %', 'average_market_value': None, 'total_value': '€1.05bn', 'competition_type': 'first_tier', 'competition_name': 'Jupiler Pro League', 'href': '/jupiler-pro-league/startseite/wettbewerb/BE1', 'seasoned_href': 'https://www.transfermarkt.co.uk/jupiler-pro-league/startseite/wettbewerb/BE1/plus/0?saison_id=2025'}",,30,24.5,20,66.7 %,6,Lotto Park,21900,14190000.0,,,https://tmssl.akamaized.net//images/wappen/head/58.png?lm=1718695206,,rsc-anderlecht,Royal Sporting Club Anderlecht,2025-jupiler-pro-league,2025,jupiler-pro-league,Jupiler Pro League,Belgium,€1.05bn,first_tier,1050000000.0,66.7
club,/kvc-westerlo/startseite/verein/968,"{'type': 'competition', 'country_id': '19', 'country_name': 'Belgium', 'country_code': 'BE1', 'total_clubs': '16', 'total_players': '452', 'average_age': '24.6', 'foreigner_percentage': '62.4 %', 'average_market_value': None, 'total_value': '€1.05bn', 'competition_type': 'first_tier', 'competition_name': 'Jupiler Pro League', 'href': '/jupiler-pro-league/startseite/wettbewerb/BE1', 'seasoned_href': 'https://www.transfermarkt.co.uk/jupiler-pro-league/startseite/wettbewerb/BE1/plus/0?saison_id=2025'}",,29,23.7,20,69.0 %,3,Het Kuipje,9062,13680000.0,,,https://tmssl.akamaized.net//images/wappen/head/968.png?lm=1715694370,,kvc-westerlo,Koninklijke Voetbal Club Westerlo,2025-jupiler-pro-league,2025,jupiler-pro-league,Jupiler Pro League,Belgium,€1.05bn,first_tier,1050000000.0,69.0
club,/royale-union-saint-gilloise/startseite/verein/3948,"{'type': 'competition', 'country_id': '19', 'country_name': 'Belgium', 'country_code': 'BE1', 'total_clubs': '16', 'total_players': '452', 'average_age': '24.6', 'foreigner_percentage': '62.4 %', 'average_market_value': None, 'total_value': '€1.05bn', 'competition_type': 'first_tier', 'competition_name': 'Jupiler Pro League', 'href': '/jupiler-pro-league/startseite/wettbewerb/BE1', 'seasoned_href': 'https://www.transfermarkt.co.uk/jupiler-pro-league/startseite/wettbewerb/BE1/plus/0?saison_id=2025'}",,27,25.2,18,66.7 %,9,Stade Joseph Mariën,9512,48460000.0,,,https://tmssl.akamaized.net//images/wappen/head/3948.png?lm=1624390507,,royale-union-saint-gilloise,Royale Union Saint-Gilloise,2025-jupiler-pro-league,2025,jupiler-pro-league,Jupiler Pro League,Belgium,€1.05bn,first_tier,1050000000.0,66.7
club,/krc-genk/startseite/verein/1184,"{'type': 'competition', 'country_id': '19', 'country_name': 'Belgium', 'country_code': 'BE1', 'total_clubs': '16', 'total_players': '452', 'average_age': '24.6', 'foreigner_percentage': '62.4 %', 'average_market_value': None, 'total_value': '€1.05bn', 'competition_type': 'first_tier', 'competition_name': 'Jupiler Pro League', 'href': '/jupiler-pro-league/startseite/wettbewerb/BE1', 'seasoned_href': 'https://www.transfermarkt.co.uk/jupiler-pro-league/startseite/wettbewerb/BE1/plus/0?saison_id=2025'}",,27,23.7,14,51.9 %,8,Cegeka Arena,23718,41300000.0,,,https://tmssl.akamaized.net//images/wappen/head/1184.png?lm=1717666245,,krc-genk,Koninklijke Racing Club Genk,2025-jupiler-pro-league,2025,jupiler-pro-league,Jupiler Pro League,Belgium,€1.05bn,first_tier,1050000000.0,51.9
club,/rsc-charleroi/startseite/verein/172,"{'type': 'competition', 'country_id': '19', 'country_name': 'Belgium', 'country_code': 'BE1', 'total_clubs': '16', 'total_players': '452', 'average_age': '24.6', 'foreigner_percentage': '62.4 %', 'average_market_value': None, 'total_value': '€1.05bn', 'competition_type': 'first_tier', 'competition_name': 'Jupiler Pro League', 'href': '/jupiler-pro-league/startseite/wettbewerb/BE1', 'seasoned_href': 'https://www.transfermarkt.co.uk/jupiler-pro-league/startseite/wettbewerb/BE1/plus/0?saison_id=2025'}",,27,24.7,17,63.0 %,6,Stade du Pays de Charleroi,14968,12960000.0,,,https://tmssl.akamaized.net//images/wappen/head/172.png?lm=1448474590,,rsc-charleroi,Royal Charleroi Sporting Club,2025-jupiler-pro-league,2025,jupiler-pro-league,Jupiler Pro League,Belgium,€1.05bn,first_tier,1050000000.0,63.0
club,/vv-st-truiden/startseite/verein/475,"{'type': 'competition', 'country_id': '19', 'country_name': 'Belgium', 'country_code': 'BE1', 'total_clubs': '16', 'total_players': '452', 'average_age': '24.6', 'foreigner_percentage': '62.4 %', 'average_market_value': None, 'total_value': '€1.05bn', 'competition_type': 'first_tier', 'competition_name': 'Jupiler Pro League', 'href': '/jupiler-pro-league/startseite/wettbewerb/BE1', 'seasoned_href': 'https://www.transfermarkt.co.uk/jupiler-pro-league/startseite/wettbewerb/BE1/plus/0?saison_id=2025'}",,26,25.5,18,69.2 %,4,Daio Wasabi Stayen Stadium,11337,6200000.0,,,https://tmssl.akamaized.net//images/wappen/head/475.png?lm=1448474474,,vv-st-truiden,Koninklijke Sint-Truidense Voetbalvereniging,2025-jupiler-pro-league,2025,jupiler-pro-league,Jupiler Pro League,Belgium,€1.05bn,first_tier,1050000000.0,69.2
club,/standard-luttich/startseite/verein/3057,"{'type': 'competition', 'country_id': '19', 'country_name': 'Belgium', 'country_code': 'BE1', 'total_clubs': '16', 'total_players': '452', 'average_age': '24.6', 'foreigner_percentage': '62.4 %', 'average_market_value': None, 'total_value': '€1.05bn', 'competition_type': 'first_tier', 'competition_name': 'Jupiler Pro League', 'href': '/jupiler-pro-league/startseite/wettbewerb/BE1', 'seasoned_href': 'https://www.transfermarkt.co.uk/jupiler-pro-league/startseite/wettbewerb/BE1/plus/0?saison_id=2025'}",,31,26.3,21,67.7 %,5,Maurice Dufrasne Stadion,27221,400000.0,,,https://tmssl.akamaized.net//images/wappen/head/3057.png?lm=1719832545,,standard-luttich,Royal Standard Club de Liège,2025-jupiler-pro-league,2025,jupiler-pro-league,Jupiler Pro League,Belgium,€1.05bn,first_tier,1050000000.0,67.7
club,/kv-mechelen/startseite/verein/354,"{'type': 'competition', 'country_id': '19', 'country_name': 'Belgium', 'country_code': 'BE1', 'total_clubs': '16', 'total_players': '452', 'average_age': '24.6', 'foreigner_percentage': '62.4 %', 'average_market_value': None, 'total_value': '€1.05bn', 'competition_type': 'first_tier', 'competition_name': 'Jupiler Pro League', 'href': '/jupiler-pro-league/startseite/wettbewerb/BE1', 'seasoned_href': 'https://www.transfermarkt.co.uk/jupiler-pro-league/startseite/wettbewerb/BE1/plus/0?saison_id=2025'}",,29,23.4,19,65.5 %,5,Achter de Kazerne,16672,5630000.0,,,https://tmssl.akamaized.net//images/wappen/head/354.png?lm=1693258903,,kv-mechelen,Yellow-Red Koninklijke Voetbalclub Mechelen,2025-jupiler-pro-league,2025,jupiler-pro-league,Jupiler Pro League,Belgium,€1.05bn,first_tier,1050000000.0,65.5
club,/fcv-dender-eh/startseite/verein/9010,"{'type': 'competition', 'country_id': '19', 'country_name': 'Belgium', 'country_code': 'BE1', 'total_clubs': '16', 'total_players': '452', 'average_age': '24.6', 'foreigner_percentage': '62.4 %', 'average_market_value': None, 'total_value': '€1.05bn', 'competition_type': 'first_tier', 'competition_name': 'Jupiler Pro League', 'href': '/jupiler-pro-league/startseite/wettbewerb/BE1', 'seasoned_href': 'https://www.transfermarkt.co.uk/jupiler-pro-league/startseite/wettbewerb/BE1/plus/0?saison_id=2025'}",,28,25.5,17,60.7 %,6,Dender Football Complex,8548,300000.0,,,https://tmssl.akamaized.net//images/wappen/head/9010.png?lm=1449921839,,fcv-dender-eh,FC Verbroedering Denderhoutem Denderleeuw Eendracht Hekelgem,2025-jupiler-pro-league,2025,jupiler-pro-league,Jupiler Pro League,Belgium,€1.05bn,first_tier,1050000000.0,60.7
club,/cercle-brugge/startseite/verein/520,"{'type': 'competition', 'country_id': '19', 'country_name': 'Belgium', 'country_code': 'BE1', 'total_clubs': '16', 'total_players': '452', 'average_age': '24.6', 'foreigner_percentage': '62.4 %', 'average_market_value': None, 'total_value': '€1.05bn', 'competition_type': 'first_tier', 'competition_name': 'Jupiler Pro League', 'href': '/jupiler-pro-league/startseite/wettbewerb/BE1', 'seasoned_href': 'https://www.transfermarkt.co.uk/jupiler-pro-league/startseite/wettbewerb/BE1/plus/0?saison_id=2025'}",,26,23.3,18,69.2 %,3,Jan Breydelstadion,29062,10450000.0,,,https://tmssl.akamaized.net//images/wappen/head/520.png?lm=1713864588,,cercle-brugge,Cercle Brugge Koninklijke Sportvereniging,2025-jupiler-pro-league,2025,jupiler-pro-league,Jupiler Pro League,Belgium,€1.05bn,first_tier,1050000000.0,69.2
club,/oud-heverlee-leuven/startseite/verein/2727,"{'type': 'competition', 'country_id': '19', 'country_name': 'Belgium', 'country_code': 'BE1', 'total_clubs': '16', 'total_players': '452', 'average_age': '24.6', 'foreigner_percentage': '62.4 %', 'average_market_value': None, 'total_value': '€1.05bn', 'competition_type': 'first_tier', 'competition_name': 'Jupiler Pro League', 'href': '/jupiler-pro-league/startseite/wettbewerb/BE1', 'seasoned_href': 'https://www.transfermarkt.co.uk/jupiler-pro-league/startseite/wettbewerb/BE1/plus/0?saison_id=2025'}",,28,25.9,14,50.0 %,1,King Power at Den Dreef Stadion,9809,14450000.0,,,https://tmssl.akamaized.net//images/wappen/head/2727.png?lm=1723796027,,oud-heverlee-leuven,Oud-Heverlee Leuven,2025-jupiler-pro-league,2025,jupiler-pro-league,Jupiler Pro League,Belgium,€1.05bn,first_tier,1050000000.0,50.0
club,/sv-zulte-waregem/startseite/verein/3508,"{'type': 'competition', 'country_id': '19', 'country_name': 'Belgium', 'country_code': 'BE1', 'total_clubs': '16', 'total_players': '452', 'average_age': '24.6', 'foreigner_percentage': '62.4 %', 'average_market_value': None, 'total_value': '€1.05bn', 'competition_type': 'first_tier', 'competition_name': 'Jupiler Pro League', 'href': '/jupiler-pro-league/startseite/wettbewerb/BE1', 'seasoned_href': 'https://www.transfermarkt.co.uk/jupiler-pro-league/startseite/wettbewerb/BE1/plus/0?saison_id=2025'}",,31,24.3,17,54.8 %,2,Elindus Arena,12698,9670000.0,,,https://tmssl.akamaized.net//images/wappen/head/3508.png?lm=1420103130,,sv-zulte-waregem,Sportvereniging Zulte Waregem,2025-jupiler-pro-league,2025,jupiler-pro-league,Jupiler Pro League,Belgium,€1.05bn,first_tier,1050000000.0,54.8
club,/raal-la-louviere/startseite/verein/3901,"{'type': 'competition', 'country_id': '19', 'country_name': 'Belgium', 'country_code': 'BE1', 'total_clubs': '16', 'total_players': '452', 'average_age': '24.6', 'foreigner_percentage': '62.4 %', 'average_market_value': None, 'total_value': '€1.05bn', 'competition_type': 'first_tier', 'competition_name': 'Jupiler Pro League', 'href': '/jupiler-pro-league/startseite/wettbewerb/BE1', 'seasoned_href': 'https://www.transfermarkt.co.uk/jupiler-pro-league/startseite/wettbewerb/BE1/plus/0?saison_id=2025'}",,25,25.2,19,76.0 %,5,Easi Arena,8050,-300000.0,,,https://tmssl.akamaized.net//images/wappen/head/3901.png?lm=1752058395,,raal-la-louviere,RAAL La Louvière,2025-jupiler-pro-league,2025,jupiler-pro-league,Jupiler Pro League,Belgium,€1.05bn,first_tier,1050000000.0,76.0
club,/real-sociedad-san-sebastian/startseite/verein/681,"{'type': 'competition', 'country_id': '157', 'country_name': 'Spain', 'country_code': 'ES1', 'total_clubs': '20', 'total_players': '520', 'average_age': '27.5', 'foreigner_percentage': '43.8 %', 'average_market_value': None, 'total_value': '€5.63bn', 'competition_type': 'first_tier', 'competition_name': 'LaLiga', 'href': '/laliga/startseite/wettbewerb/ES1', 'seasoned_href': 'https://www.transfermarkt.co.uk/laliga/startseite/wettbewerb/ES1/plus/0?saison_id=2025'}",,25,26.2,9,36.0 %,11,Anoeta,39313,63500000.0,,,https://tmssl.akamaized.net//images/wappen/head/681.png?lm=1614795530,,real-sociedad-san-sebastian,Real Sociedad de Fútbol S.A.D.,2025-laliga,2025,laliga,LaLiga,Spain,€5.63bn,first_tier,5630000000.0,36.0
club,/fc-barcelona/startseite/verein/131,"{'type': 'competition', 'country_id': '157', 'country_name': 'Spain', 'country_code': 'ES1', 'total_clubs': '20', 'total_players': '520', 'average_age': '27.5', 'foreigner_percentage': '43.8 %', 'average_market_value': None, 'total_value': '€5.63bn', 'competition_type': 'first_tier', 'competition_name': 'LaLiga', 'href': '/laliga/startseite/wettbewerb/ES1', 'seasoned_href': 'https://www.transfermarkt.co.uk/laliga/startseite/wettbewerb/ES1/plus/0?saison_id=2025'}",,24,25.8,11,45.8 %,17,Spotify Camp Nou,62657,3700000.0,,,https://tmssl.akamaized.net//images/wappen/head/131.png?lm=1406739548,,fc-barcelona,Futbol Club Barcelona,2025-laliga,2025,laliga,LaLiga,Spain,€5.63bn,first_tier,5630000000.0,45.8
club,/fc-villarreal/startseite/verein/1050,"{'type': 'competition', 'country_id': '157', 'country_name': 'Spain', 'country_code': 'ES1', 'total_clubs': '20', 'total_players': '520', 'average_age': '27.5', 'foreigner_percentage': '43.8 %', 'average_market_value': None, 'total_value': '€5.63bn', 'competition_type': 'first_tier', 'competition_name': 'LaLiga', 'href': '/laliga/startseite/wettbewerb/ES1', 'seasoned_href': 'https://www.transfermarkt.co.uk/laliga/startseite/wettbewerb/ES1/plus/0?saison_id=2025'}",,27,26.5,13,48.1 %,10,La Cerámica,23500,2500000.0,,,https://tmssl.akamaized.net//images/wappen/head/1050.png?lm=1408655310,,fc-villarreal,Villarreal Club de Fútbol S.A.D.,2025-laliga,2025,laliga,LaLiga,Spain,€5.63bn,first_tier,5630000000.0,48.1
club,/real-betis-sevilla/startseite/verein/150,"{'type': 'competition', 'country_id': '157', 'country_name': 'Spain', 'country_code': 'ES1', 'total_clubs': '20', 'total_players': '520', 'average_age': '27.5', 'foreigner_percentage': '43.8 %', 'average_market_value': None, 'total_value': '€5.63bn', 'competition_type': 'first_tier', 'competition_name': 'LaLiga', 'href': '/laliga/startseite/wettbewerb/ES1', 'seasoned_href': 'https://www.transfermarkt.co.uk/laliga/startseite/wettbewerb/ES1/plus/0?saison_id=2025'}",,27,29.2,13,48.1 %,11,La Cartuja,70000,-875000.0,,,https://tmssl.akamaized.net//images/wappen/head/150.png?lm=1663358526,,real-betis-sevilla,Real Betis Balompié S.A.D.,2025-laliga,2025,laliga,LaLiga,Spain,€5.63bn,first_tier,5630000000.0,48.1
club,/athletic-bilbao/startseite/verein/621,"{'type': 'competition', 'country_id': '157', 'country_name': 'Spain', 'country_code': 'ES1', 'total_clubs': '20', 'total_players': '520', 'average_age': '27.5', 'foreigner_percentage': '43.8 %', 'average_market_value': None, 'total_value': '€5.63bn', 'competition_type': 'first_tier', 'competition_name': 'LaLiga', 'href': '/laliga/startseite/wettbewerb/ES1', 'seasoned_href': 'https://www.transfermarkt.co.uk/laliga/startseite/wettbewerb/ES1/plus/0?saison_id=2025'}",,28,27.2,3,10.7 %,6,San Mamés,53289,-17800000.0,,,https://tmssl.akamaized.net//images/wappen/head/621.png?lm=1695069038,,athletic-bilbao,Athletic Club Bilbao,2025-laliga,2025,laliga,LaLiga,Spain,€5.63bn,first_tier,5630000000.0,10.7
club,/fc-girona/startseite/verein/12321,"{'type': 'competition', 'country_id': '157', 'country_name': 'Spain', 'country_code': 'ES1', 'total_clubs': '20', 'total_players': '520', 'average_age': '27.5', 'foreigner_percentage': '43.8 %', 'average_market_value': None, 'total_value': '€5.63bn', 'competition_type': 'first_tier', 'competition_name': 'LaLiga', 'href': '/laliga/startseite/wettbewerb/ES1', 'seasoned_href': 'https://www.transfermarkt.co.uk/laliga/startseite/wettbewerb/ES1/plus/0?saison_id=2025'}",,27,28.7,14,51.9 %,6,Montilivi,14624,29150000.0,,,https://tmssl.akamaized.net//images/wappen/head/12321.png?lm=1730455718,,fc-girona,Girona Fútbol Club S. A. D.,2025-laliga,2025,laliga,LaLiga,Spain,€5.63bn,first_tier,5630000000.0,51.9
club,/celta-vigo/startseite/verein/940,"{'type': 'competition', 'country_id': '157', 'country_name': 'Spain', 'country_code': 'ES1', 'total_clubs': '20', 'total_players': '520', 'average_age': '27.5', 'foreigner_percentage': '43.8 %', 'average_market_value': None, 'total_value': '€5.63bn', 'competition_type': 'first_tier', 'competition_name': 'LaLiga', 'href': '/laliga/startseite/wettbewerb/ES1', 'seasoned_href': 'https://www.transfermarkt.co.uk/laliga/startseite/wettbewerb/ES1/plus/0?saison_id=2025'}",,28,27.1,9,32.1 %,6,Abanca Balaídos,22803,41700000.0,,,https://tmssl.akamaized.net//images/wappen/head/940.png?lm=1406966406,,celta-vigo,Real Club Celta de Vigo S. A. D.,2025-laliga,2025,laliga,LaLiga,Spain,€5.63bn,first_tier,5630000000.0,32.1
club,/real-madrid/startseite/verein/418,"{'type': 'competition', 'country_id': '157', 'country_name': 'Spain', 'country_code': 'ES1', 'total_clubs': '20', 'total_players': '520', 'average_age': '27.5', 'foreigner_percentage': '43.8 %', 'average_market_value': None, 'total_value': '€5.63bn', 'competition_type': 'first_tier', 'competition_name': 'LaLiga', 'href': '/laliga/startseite/wettbewerb/ES1', 'seasoned_href': 'https://www.transfermarkt.co.uk/laliga/startseite/wettbewerb/ES1/plus/0?saison_id=2025'}",,29,25.7,17,58.6 %,18,Santiago Bernabéu,83186,-165500000.0,,,https://tmssl.akamaized.net//images/wappen/head/418.png?lm=1729684474,,real-madrid,Real Madrid Club de Fútbol,2025-laliga,2025,laliga,LaLiga,Spain,€5.63bn,first_tier,5630000000.0,58.6
club,/fc-valencia/startseite/verein/1049,"{'type': 'competition', 'country_id': '157', 'country_name': 'Spain', 'country_code': 'ES1', 'total_clubs': '20', 'total_players': '520', 'average_age': '27.5', 'foreigner_percentage': '43.8 %', 'average_market_value': None, 'total_value': '€5.63bn', 'competition_type': 'first_tier', 'competition_name': 'LaLiga', 'href': '/laliga/startseite/wettbewerb/ES1', 'seasoned_href': 'https://www.transfermarkt.co.uk/laliga/startseite/wettbewerb/ES1/plus/0?saison_id=2025'}",,27,28.2,14,51.9 %,3,Mestalla,49430,9630000.0,,,https://tmssl.akamaized.net//images/wappen/head/1049.png?lm=1406966320,,fc-valencia,Valencia Club de Fútbol S. A. D.,2025-laliga,2025,laliga,LaLiga,Spain,€5.63bn,first_tier,5630000000.0,51.9
club,/atletico-madrid/startseite/verein/13,"{'type': 'competition', 'country_id': '157', 'country_name': 'Spain', 'country_code': 'ES1', 'total_clubs': '20', 'total_players': '520', 'average_age': '27.5', 'foreigner_percentage': '43.8 %', 'average_market_value': None, 'total_value': '€5.63bn', 'competition_type': 'first_tier', 'competition_name': 'LaLiga', 'href': '/laliga/startseite/wettbewerb/ES1', 'seasoned_href': 'https://www.transfermarkt.co.uk/laliga/startseite/wettbewerb/ES1/plus/0?saison_id=2025'}",,23,27.7,16,69.6 %,18,Riyadh Air Metropolitano,70460,-84450000.0,,,https://tmssl.akamaized.net//images/wappen/head/13.png?lm=1719915566,,atletico-madrid,Club Atlético de Madrid S.A.D.,2025-laliga,2025,laliga,LaLiga,Spain,€5.63bn,first_tier,5630000000.0,69.6
club,/ca-osasuna/startseite/verein/331,"{'type': 'competition', 'country_id': '157', 'country_name': 'Spain', 'country_code': 'ES1', 'total_clubs': '20', 'total_players': '520', 'average_age': '27.5', 'foreigner_percentage': '43.8 %', 'average_market_value': None, 'total_value': '€5.63bn', 'competition_type': 'first_tier', 'competition_name': 'LaLiga', 'href': '/laliga/startseite/wettbewerb/ES1', 'seasoned_href': 'https://www.transfermarkt.co.uk/laliga/startseite/wettbewerb/ES1/plus/0?saison_id=2025'}",,23,28.1,3,13.0 %,3,El Sadar,23576,1500000.0,,,https://tmssl.akamaized.net//images/wappen/head/331.png?lm=1686070937,,ca-osasuna,Club Atlético Osasuna,2025-laliga,2025,laliga,LaLiga,Spain,€5.63bn,first_tier,5630000000.0,13.0
club,/rayo-vallecano/startseite/verein/367,"{'type': 'competition', 'country_id': '157', 'country_name': 'Spain', 'country_code': 'ES1', 'total_clubs': '20', 'total_players': '520', 'average_age': '27.5', 'foreigner_percentage': '43.8 %', 'average_market_value': None, 'total_value': '€5.63bn', 'competition_type': 'first_tier', 'competition_name': 'LaLiga', 'href': '/laliga/startseite/wettbewerb/ES1', 'seasoned_href': 'https://www.transfermarkt.co.uk/laliga/startseite/wettbewerb/ES1/plus/0?saison_id=2025'}",,27,28.8,14,51.9 %,7,Estadio de Vallecas,14708,-7100000.0,,,https://tmssl.akamaized.net//images/wappen/head/367.png?lm=1653488445,,rayo-vallecano,Rayo Vallecano de Madrid S. A. D.,2025-laliga,2025,laliga,LaLiga,Spain,€5.63bn,first_tier,5630000000.0,51.9
club,/fc-sevilla/startseite/verein/368,"{'type': 'competition', 'country_id': '157', 'country_name': 'Spain', 'country_code': 'ES1', 'total_clubs': '20', 'total_players': '520', 'average_age': '27.5', 'foreigner_percentage': '43.8 %', 'average_market_value': None, 'total_value': '€5.63bn', 'competition_type': 'first_tier', 'competition_name': 'LaLiga', 'href': '/laliga/startseite/wettbewerb/ES1', 'seasoned_href': 'https://www.transfermarkt.co.uk/laliga/startseite/wettbewerb/ES1/plus/0?saison_id=2025'}",,28,28.0,17,60.7 %,9,Ramón Sánchez-Pizjuán,43883,54750000.0,,,https://tmssl.akamaized.net//images/wappen/head/368.png?lm=1730896593,,fc-sevilla,Sevilla Fútbol Club S.A.D.,2025-laliga,2025,laliga,LaLiga,Spain,€5.63bn,first_tier,5630000000.0,60.7
club,/espanyol-barcelona/startseite/verein/714,"{'type': 'competition', 'country_id': '157', 'country_name': 'Spain', 'country_code': 'ES1', 'total_clubs': '20', 'total_players': '520', 'average_age': '27.5', 'foreigner_percentage': '43.8 %', 'average_market_value': None, 'total_value': '€5.63bn', 'competition_type': 'first_tier', 'competition_name': 'LaLiga', 'href': '/laliga/startseite/wettbewerb/ES1', 'seasoned_href': 'https://www.transfermarkt.co.uk/laliga/startseite/wettbewerb/ES1/plus/0?saison_id=2025'}",,23,27.4,7,30.4 %,2,RCDE Stadium,37776,9800000.0,,,https://tmssl.akamaized.net//images/wappen/head/714.png?lm=1406966369,,espanyol-barcelona,Reial Club Deportiu Espanyol de Barcelona S.A.D.,2025-laliga,2025,laliga,LaLiga,Spain,€5.63bn,first_tier,5630000000.0,30.4
club,/rcd-mallorca/startseite/verein/237,"{'type': 'competition', 'country_id': '157', 'country_name': 'Spain', 'country_code': 'ES1', 'total_clubs': '20', 'total_players': '520', 'average_age': '27.5', 'foreigner_percentage': '43.8 %', 'average_market_value': None, 'total_value': '€5.63bn', 'competition_type': 'first_tier', 'competition_name': 'LaLiga', 'href': '/laliga/startseite/wettbewerb/ES1', 'seasoned_href': 'https://www.transfermarkt.co.uk/laliga/startseite/wettbewerb/ES1/plus/0?saison_id=2025'}",,26,27.8,11,42.3 %,8,Mallorca Son Moix,26020,800000.0,,,https://tmssl.akamaized.net//images/wappen/head/237.png?lm=1407484750,,rcd-mallorca,Real Club Deportivo Mallorca S.A.D.,2025-laliga,2025,laliga,LaLiga,Spain,€5.63bn,first_tier,5630000000.0,42.3
club,/ud-levante/startseite/verein/3368,"{'type': 'competition', 'country_id': '157', 'country_name': 'Spain', 'country_code': 'ES1', 'total_clubs': '20', 'total_players': '520', 'average_age': '27.5', 'foreigner_percentage': '43.8 %', 'average_market_value': None, 'total_value': '€5.63bn', 'competition_type': 'first_tier', 'competition_name': 'LaLiga', 'href': '/laliga/startseite/wettbewerb/ES1', 'seasoned_href': 'https://www.transfermarkt.co.uk/laliga/startseite/wettbewerb/ES1/plus/0?saison_id=2025'}",,27,26.0,8,29.6 %,3,Ciutat de València,26354,300000.0,,,https://tmssl.akamaized.net//images/wappen/head/3368.png?lm=1408655062,,ud-levante,Levante Unión Deportiva S.A.D.,2025-laliga,2025,laliga,LaLiga,Spain,€5.63bn,first_tier,5630000000.0,29.6
club,/deportivo-alaves/startseite/verein/1108,"{'type': 'competition', 'country_id': '157', 'country_name': 'Spain', 'country_code': 'ES1', 'total_clubs': '20', 'total_players': '520', 'average_age': '27.5', 'foreigner_percentage': '43.8 %', 'average_market_value': None, 'total_value': '€5.63bn', 'competition_type': 'first_tier', 'competition_name': 'LaLiga', 'href': '/laliga/startseite/wettbewerb/ES1', 'seasoned_href': 'https://www.transfermarkt.co.uk/laliga/startseite/wettbewerb/ES1/plus/0?saison_id=2025'}",,24,28.1,10,41.7 %,3,Mendizorroza,19840,20880000.0,,,https://tmssl.akamaized.net//images/wappen/head/1108.png?lm=1596131395,,deportivo-alaves,Deportivo Alavés S. A. D.,2025-laliga,2025,laliga,LaLiga,Spain,€5.63bn,first_tier,5630000000.0,41.7
club,/real-oviedo/startseite/verein/2497,"{'type': 'competition', 'country_id': '157', 'country_name': 'Spain', 'country_code': 'ES1', 'total_clubs': '20', 'total_players': '520', 'average_age': '27.5', 'foreigner_percentage': '43.8 %', 'average_market_value': None, 'total_value': '€5.63bn', 'competition_type': 'first_tier', 'competition_name': 'LaLiga', 'href': '/laliga/startseite/wettbewerb/ES1', 'seasoned_href': 'https://www.transfermarkt.co.uk/laliga/startseite/wettbewerb/ES1/plus/0?saison_id=2025'}",,26,28.0,16,61.5 %,8,Carlos Tartiere,30500,-3950000.0,,,https://tmssl.akamaized.net//images/wappen/head/2497.png?lm=1417193316,,real-oviedo,Real Oviedo S.A.D.,2025-laliga,2025,laliga,LaLiga,Spain,€5.63bn,first_tier,5630000000.0,61.5
club,/fc-elche/startseite/verein/1531,"{'type': 'competition', 'country_id': '157', 'country_name': 'Spain', 'country_code': 'ES1', 'total_clubs': '20', 'total_players': '520', 'average_age': '27.5', 'foreigner_percentage': '43.8 %', 'average_market_value': None, 'total_value': '€5.63bn', 'competition_type': 'first_tier', 'competition_name': 'LaLiga', 'href': '/laliga/startseite/wettbewerb/ES1', 'seasoned_href': 'https://www.transfermarkt.co.uk/laliga/startseite/wettbewerb/ES1/plus/0?saison_id=2025'}",,26,26.8,10,38.5 %,3,Manuel Martínez Valero,31388,22900000.0,,,https://tmssl.akamaized.net//images/wappen/head/1531.png?lm=1421955260,,fc-elche,Elche Club de Fútbol S.A.D.,2025-laliga,2025,laliga,LaLiga,Spain,€5.63bn,first_tier,5630000000.0,38.5
club,/fc-getafe/startseite/verein/3709,"{'type': 'competition', 'country_id': '157', 'country_name': 'Spain', 'country_code': 'ES1', 'total_clubs': '20', 'total_players': '520', 'average_age': '27.5', 'foreigner_percentage': '43.8 %', 'average_market_value': None, 'total_value': '€5.63bn', 'competition_type': 'first_tier', 'competition_name': 'LaLiga', 'href': '/laliga/startseite/wettbewerb/ES1', 'seasoned_href': 'https://www.transfermarkt.co.uk/laliga/startseite/wettbewerb/ES1/plus/0?saison_id=2025'}",,25,28.3,13,52.0 %,3,Coliseum,16800,10800000.0,,,https://tmssl.akamaized.net//images/wappen/head/3709.png?lm=1408655116,,fc-getafe,Getafe Club de Fútbol S. A. D. Team Dubai,2025-laliga,2025,laliga,LaLiga,Spain,€5.63bn,first_tier,5630000000.0,52.0
club,/benfica-lissabon/startseite/verein/294,"{'type': 'competition', 'country_id': '136', 'country_name': 'Portugal', 'country_code': 'PO1', 'total_clubs': '18', 'total_players': '486', 'average_age': '25.7', 'foreigner_percentage': '71.0 %', 'average_market_value': None, 'total_value': '€1.86bn', 'competition_type': 'first_tier', 'competition_name': 'Liga Portugal', 'href': '/liga-portugal/startseite/wettbewerb/PO1', 'seasoned_href': 'https://www.transfermarkt.co.uk/liga-portugal/startseite/wettbewerb/PO1/plus/0?saison_id=2025'}",,28,24.8,16,57.1 %,17,Estádio da Luz,68100,-15200000.0,,,https://tmssl.akamaized.net//images/wappen/head/294.png?lm=1535908439,,benfica-lissabon,Sport Lisboa e Benfica,2025-liga-portugal,2025,liga-portugal,Liga Portugal,Portugal,€1.86bn,first_tier,1860000000.0,57.1
club,/fc-famalicao/startseite/verein/3329,"{'type': 'competition', 'country_id': '136', 'country_name': 'Portugal', 'country_code': 'PO1', 'total_clubs': '18', 'total_players': '486', 'average_age': '25.7', 'foreigner_percentage': '71.0 %', 'average_market_value': None, 'total_value': '€1.86bn', 'competition_type': 'first_tier', 'competition_name': 'Liga Portugal', 'href': '/liga-portugal/startseite/wettbewerb/PO1', 'seasoned_href': 'https://www.transfermarkt.co.uk/liga-portugal/startseite/wettbewerb/PO1/plus/0?saison_id=2025'}",,25,24.4,18,72.0 %,2,Estádio Municipal de Famalicão,5186,450000.0,,,https://tmssl.akamaized.net//images/wappen/head/3329.png?lm=1737563329,,fc-famalicao,Futebol Clube de Famalicão,2025-liga-portugal,2025,liga-portugal,Liga Portugal,Portugal,€1.86bn,first_tier,1860000000.0,72.0
club,/vitoria-guimaraes-sc/startseite/verein/2420,"{'type': 'competition', 'country_id': '136', 'country_name': 'Portugal', 'country_code': 'PO1', 'total_clubs': '18', 'total_players': '486', 'average_age': '25.7', 'foreigner_percentage': '71.0 %', 'average_market_value': None, 'total_value': '€1.86bn', 'competition_type': 'first_tier', 'competition_name': 'Liga Portugal', 'href': '/liga-portugal/startseite/wettbewerb/PO1', 'seasoned_href': 'https://www.transfermarkt.co.uk/liga-portugal/startseite/wettbewerb/PO1/plus/0?saison_id=2025'}",,24,24.9,14,58.3 %,2,Estádio D. Afonso Henriques,30029,4750000.0,,,https://tmssl.akamaized.net//images/wappen/head/2420.png?lm=1432894021,,vitoria-guimaraes-sc,Vitória Sport Clube,2025-liga-portugal,2025,liga-portugal,Liga Portugal,Portugal,€1.86bn,first_tier,1860000000.0,58.3
club,/sc-braga/startseite/verein/1075,"{'type': 'competition', 'country_id': '136', 'country_name': 'Portugal', 'country_code': 'PO1', 'total_clubs': '18', 'total_players': '486', 'average_age': '25.7', 'foreigner_percentage': '71.0 %', 'average_market_value': None, 'total_value': '€1.86bn', 'competition_type': 'first_tier', 'competition_name': 'Liga Portugal', 'href': '/liga-portugal/startseite/wettbewerb/PO1', 'seasoned_href': 'https://www.transfermarkt.co.uk/liga-portugal/startseite/wettbewerb/PO1/plus/0?saison_id=2025'}",,28,25.5,18,64.3 %,9,Estádio Municipal de Braga,30286,15240000.0,,,https://tmssl.akamaized.net//images/wappen/head/1075.png?lm=1432893871,,sc-braga,Sporting Clube de Braga,2025-liga-portugal,2025,liga-portugal,Liga Portugal,Portugal,€1.86bn,first_tier,1860000000.0,64.3
club,/sporting-lissabon/startseite/verein/336,"{'type': 'competition', 'country_id': '136', 'country_name': 'Portugal', 'country_code': 'PO1', 'total_clubs': '18', 'total_players': '486', 'average_age': '25.7', 'foreigner_percentage': '71.0 %', 'average_market_value': None, 'total_value': '€1.86bn', 'competition_type': 'first_tier', 'competition_name': 'Liga Portugal', 'href': '/liga-portugal/startseite/wettbewerb/PO1', 'seasoned_href': 'https://www.transfermarkt.co.uk/liga-portugal/startseite/wettbewerb/PO1/plus/0?saison_id=2025'}",,25,25.4,13,52.0 %,13,Estádio José Alvalade,52095,43500000.0,,,https://tmssl.akamaized.net//images/wappen/head/336.png?lm=1621513752,,sporting-lissabon,Sporting Clube de Portugal,2025-liga-portugal,2025,liga-portugal,Liga Portugal,Portugal,€1.86bn,first_tier,1860000000.0,52.0
club,/gd-estoril-praia/startseite/verein/1465,"{'type': 'competition', 'country_id': '136', 'country_name': 'Portugal', 'country_code': 'PO1', 'total_clubs': '18', 'total_players': '486', 'average_age': '25.7', 'foreigner_percentage': '71.0 %', 'average_market_value': None, 'total_value': '€1.86bn', 'competition_type': 'first_tier', 'competition_name': 'Liga Portugal', 'href': '/liga-portugal/startseite/wettbewerb/PO1', 'seasoned_href': 'https://www.transfermarkt.co.uk/liga-portugal/startseite/wettbewerb/PO1/plus/0?saison_id=2025'}",,23,26.5,14,60.9 %,5,Estádio António Coimbra da Mota,5094,2300000.0,,,https://tmssl.akamaized.net//images/wappen/head/1465.png?lm=1534340702,,gd-estoril-praia,Grupo Desportivo Estoril Praia,2025-liga-portugal,2025,liga-portugal,Liga Portugal,Portugal,€1.86bn,first_tier,1860000000.0,60.9
club,/fc-alverca/startseite/verein/2521,"{'type': 'competition', 'country_id': '136', 'country_name': 'Portugal', 'country_code': 'PO1', 'total_clubs': '18', 'total_players': '486', 'average_age': '25.7', 'foreigner_percentage': '71.0 %', 'average_market_value': None, 'total_value': '€1.86bn', 'competition_type': 'first_tier', 'competition_name': 'Liga Portugal', 'href': '/liga-portugal/startseite/wettbewerb/PO1', 'seasoned_href': 'https://www.transfermarkt.co.uk/liga-portugal/startseite/wettbewerb/PO1/plus/0?saison_id=2025'}",,29,24.5,23,79.3 %,2,Complexo Desportivo FC Alverca,6932,6240000.0,,,https://tmssl.akamaized.net//images/wappen/head/2521.png?lm=1468133408,,fc-alverca,Futebol Clube de Alverca,2025-liga-portugal,2025,liga-portugal,Liga Portugal,Portugal,€1.86bn,first_tier,1860000000.0,79.3
club,/gil-vicente-fc/startseite/verein/2424,"{'type': 'competition', 'country_id': '136', 'country_name': 'Portugal', 'country_code': 'PO1', 'total_clubs': '18', 'total_players': '486', 'average_age': '25.7', 'foreigner_percentage': '71.0 %', 'average_market_value': None, 'total_value': '€1.86bn', 'competition_type': 'first_tier', 'competition_name': 'Liga Portugal', 'href': '/liga-portugal/startseite/wettbewerb/PO1', 'seasoned_href': 'https://www.transfermarkt.co.uk/liga-portugal/startseite/wettbewerb/PO1/plus/0?saison_id=2025'}",,28,24.9,19,67.9 %,2,Estádio Cidade de Barcelos,12046,31400000.0,,,https://tmssl.akamaized.net//images/wappen/head/2424.png?lm=1624283300,,gil-vicente-fc,Gil Vicente Futebol Clube,2025-liga-portugal,2025,liga-portugal,Liga Portugal,Portugal,€1.86bn,first_tier,1860000000.0,67.9
club,/fc-porto/startseite/verein/720,"{'type': 'competition', 'country_id': '136', 'country_name': 'Portugal', 'country_code': 'PO1', 'total_clubs': '18', 'total_players': '486', 'average_age': '25.7', 'foreigner_percentage': '71.0 %', 'average_market_value': None, 'total_value': '€1.86bn', 'competition_type': 'first_tier', 'competition_name': 'Liga Portugal', 'href': '/liga-portugal/startseite/wettbewerb/PO1', 'seasoned_href': 'https://www.transfermarkt.co.uk/liga-portugal/startseite/wettbewerb/PO1/plus/0?saison_id=2025'}",,27,26.4,20,74.1 %,13,Estádio do Dragão,50033,-24490000.0,,,https://tmssl.akamaized.net//images/wappen/head/720.png?lm=1486310161,,fc-porto,Futebol Clube do Porto,2025-liga-portugal,2025,liga-portugal,Liga Portugal,Portugal,€1.86bn,first_tier,1860000000.0,74.1
club,/cd-santa-clara/startseite/verein/2423,"{'type': 'competition', 'country_id': '136', 'country_name': 'Portugal', 'country_code': 'PO1', 'total_clubs': '18', 'total_players': '486', 'average_age': '25.7', 'foreigner_percentage': '71.0 %', 'average_market_value': None, 'total_value': '€1.86bn', 'competition_type': 'first_tier', 'competition_name': 'Liga Portugal', 'href': '/liga-portugal/startseite/wettbewerb/PO1', 'seasoned_href': 'https://www.transfermarkt.co.uk/liga-portugal/startseite/wettbewerb/PO1/plus/0?saison_id=2025'}",,27,26.2,21,77.8 %,1,Estádio de São Miguel,12500,1570000.0,,,https://tmssl.akamaized.net//images/wappen/head/2423.png?lm=1718909294,,cd-santa-clara,Clube Desportivo Santa Clara,2025-liga-portugal,2025,liga-portugal,Liga Portugal,Portugal,€1.86bn,first_tier,1860000000.0,77.8
club,/casa-pia-ac/startseite/verein/3268,"{'type': 'competition', 'country_id': '136', 'country_name': 'Portugal', 'country_code': 'PO1', 'total_clubs': '18', 'total_players': '486', 'average_age': '25.7', 'foreigner_percentage': '71.0 %', 'average_market_value': None, 'total_value': '€1.86bn', 'competition_type': 'first_tier', 'competition_name': 'Liga Portugal', 'href': '/liga-portugal/startseite/wettbewerb/PO1', 'seasoned_href': 'https://www.transfermarkt.co.uk/liga-portugal/startseite/wettbewerb/PO1/plus/0?saison_id=2025'}",,28,27.7,19,67.9 %,3,Estádio Municipal de Rio Maior,7000,11080000.0,,,https://tmssl.akamaized.net//images/wappen/head/3268.png?lm=1742856850,,casa-pia-ac,Casa Pia Atlético Clube,2025-liga-portugal,2025,liga-portugal,Liga Portugal,Portugal,€1.86bn,first_tier,1860000000.0,67.9
club,/cd-nacional/startseite/verein/982,"{'type': 'competition', 'country_id': '136', 'country_name': 'Portugal', 'country_code': 'PO1', 'total_clubs': '18', 'total_players': '486', 'average_age': '25.7', 'foreigner_percentage': '71.0 %', 'average_market_value': None, 'total_value': '€1.86bn', 'competition_type': 'first_tier', 'competition_name': 'Liga Portugal', 'href': '/liga-portugal/startseite/wettbewerb/PO1', 'seasoned_href': 'https://www.transfermarkt.co.uk/liga-portugal/startseite/wettbewerb/PO1/plus/0?saison_id=2025'}",,30,26.6,22,73.3 %,2,Estádio da Madeira,5200,-1760000.0,,,https://tmssl.akamaized.net//images/wappen/head/982.png?lm=1549988602,,cd-nacional,Clube Desportivo Nacional,2025-liga-portugal,2025,liga-portugal,Liga Portugal,Portugal,€1.86bn,first_tier,1860000000.0,73.3
club,/rio-ave-fc/startseite/verein/2425,"{'type': 'competition', 'country_id': '136', 'country_name': 'Portugal', 'country_code': 'PO1', 'total_clubs': '18', 'total_players': '486', 'average_age': '25.7', 'foreigner_percentage': '71.0 %', 'average_market_value': None, 'total_value': '€1.86bn', 'competition_type': 'first_tier', 'competition_name': 'Liga Portugal', 'href': '/liga-portugal/startseite/wettbewerb/PO1', 'seasoned_href': 'https://www.transfermarkt.co.uk/liga-portugal/startseite/wettbewerb/PO1/plus/0?saison_id=2025'}",,29,25.0,26,89.7 %,4,Estádio do Rio Ave FC,5300,-1400000.0,,,https://tmssl.akamaized.net//images/wappen/head/2425.png?lm=1516613968,,rio-ave-fc,Rio Ave Futebol Clube,2025-liga-portugal,2025,liga-portugal,Liga Portugal,Portugal,€1.86bn,first_tier,1860000000.0,89.7
club,/cf-estrela-amadora-sad/startseite/verein/2431,"{'type': 'competition', 'country_id': '136', 'country_name': 'Portugal', 'country_code': 'PO1', 'total_clubs': '18', 'total_players': '486', 'average_age': '25.7', 'foreigner_percentage': '71.0 %', 'average_market_value': None, 'total_value': '€1.86bn', 'competition_type': 'first_tier', 'competition_name': 'Liga Portugal', 'href': '/liga-portugal/startseite/wettbewerb/PO1', 'seasoned_href': 'https://www.transfermarkt.co.uk/liga-portugal/startseite/wettbewerb/PO1/plus/0?saison_id=2025'}",,31,25.2,26,83.9 %,4,Estádio José Gomes,9288,5830000.0,,,https://tmssl.akamaized.net//images/wappen/head/2431.png?lm=1743687810,,cf-estrela-amadora-sad,Club Football Estrela da Amadora,2025-liga-portugal,2025,liga-portugal,Liga Portugal,Portugal,€1.86bn,first_tier,1860000000.0,83.9
club,/cd-tondela/startseite/verein/7179,"{'type': 'competition', 'country_id': '136', 'country_name': 'Portugal', 'country_code': 'PO1', 'total_clubs': '18', 'total_players': '486', 'average_age': '25.7', 'foreigner_percentage': '71.0 %', 'average_market_value': None, 'total_value': '€1.86bn', 'competition_type': 'first_tier', 'competition_name': 'Liga Portugal', 'href': '/liga-portugal/startseite/wettbewerb/PO1', 'seasoned_href': 'https://www.transfermarkt.co.uk/liga-portugal/startseite/wettbewerb/PO1/plus/0?saison_id=2025'}",,26,26.9,19,73.1 %,2,Estádio João Cardoso,5000,-1250000.0,,,https://tmssl.akamaized.net//images/wappen/head/7179.png?lm=1506427804,,cd-tondela,Clube Desportivo de Tondela,2025-liga-portugal,2025,liga-portugal,Liga Portugal,Portugal,€1.86bn,first_tier,1860000000.0,73.1
club,/fc-arouca/startseite/verein/8024,"{'type': 'competition', 'country_id': '136', 'country_name': 'Portugal', 'country_code': 'PO1', 'total_clubs': '18', 'total_players': '486', 'average_age': '25.7', 'foreigner_percentage': '71.0 %', 'average_market_value': None, 'total_value': '€1.86bn', 'competition_type': 'first_tier', 'competition_name': 'Liga Portugal', 'href': '/liga-portugal/startseite/wettbewerb/PO1', 'seasoned_href': 'https://www.transfermarkt.co.uk/liga-portugal/startseite/wettbewerb/PO1/plus/0?saison_id=2025'}",,27,25.1,22,81.5 %,1,Estádio Municipal de Arouca,5000,1830000.0,,,https://tmssl.akamaized.net//images/wappen/head/8024.png?lm=1530096604,,fc-arouca,Futebol Clube de Arouca,2025-liga-portugal,2025,liga-portugal,Liga Portugal,Portugal,€1.86bn,first_tier,1860000000.0,81.5
club,/moreirense-fc/startseite/verein/979,"{'type': 'competition', 'country_id': '136', 'country_name': 'Portugal', 'country_code': 'PO1', 'total_clubs': '18', 'total_players': '486', 'average_age': '25.7', 'foreigner_percentage': '71.0 %', 'average_market_value': None, 'total_value': '€1.86bn', 'competition_type': 'first_tier', 'competition_name': 'Liga Portugal', 'href': '/liga-portugal/startseite/wettbewerb/PO1', 'seasoned_href': 'https://www.transfermarkt.co.uk/liga-portugal/startseite/wettbewerb/PO1/plus/0?saison_id=2025'}",,26,24.6,15,57.7 %,1,Estádio C. J. de Almeida Freitas,6150,2500000.0,,,https://tmssl.akamaized.net//images/wappen/head/979.png?lm=1552324606,,moreirense-fc,Moreirense Futebol Clube,2025-liga-portugal,2025,liga-portugal,Liga Portugal,Portugal,€1.86bn,first_tier,1860000000.0,57.7
club,/avs-futebol-sad/startseite/verein/110302,"{'type': 'competition', 'country_id': '136', 'country_name': 'Portugal', 'country_code': 'PO1', 'total_clubs': '18', 'total_players': '486', 'average_age': '25.7', 'foreigner_percentage': '71.0 %', 'average_market_value': None, 'total_value': '€1.86bn', 'competition_type': 'first_tier', 'competition_name': 'Liga Portugal', 'href': '/liga-portugal/startseite/wettbewerb/PO1', 'seasoned_href': 'https://www.transfermarkt.co.uk/liga-portugal/startseite/wettbewerb/PO1/plus/0?saison_id=2025'}",,25,28.4,20,80.0 %,0,Estádio do Clube Desportivo das Aves,6230,3000000.0,,,https://tmssl.akamaized.net//images/wappen/head/110302.png?lm=1698968034,,avs-futebol-sad,AVS Futebol SAD,2025-liga-portugal,2025,liga-portugal,Liga Portugal,Portugal,€1.86bn,first_tier,1860000000.0,80.0
club,/fc-paris-saint-germain/startseite/verein/583,"{'type': 'competition', 'country_id': '50', 'country_name': 'France', 'country_code': 'FR1', 'total_clubs': '18', 'total_players': '479', 'average_age': '25.7', 'foreigner_percentage': '62.4 %', 'average_market_value': None, 'total_value': '€4.38bn', 'competition_type': 'first_tier', 'competition_name': 'Ligue 1', 'href': '/ligue-1/startseite/wettbewerb/FR1', 'seasoned_href': 'https://www.transfermarkt.co.uk/ligue-1/startseite/wettbewerb/FR1/plus/0?saison_id=2025'}",,24,24.1,16,66.7 %,20,Parc des Princes,48583,-47200000.0,,,https://tmssl.akamaized.net//images/wappen/head/583.png?lm=1728026461,,fc-paris-saint-germain,Paris Saint-Germain Football Club,2025-ligue-1,2025,ligue-1,Ligue 1,France,€4.38bn,first_tier,4380000000.0,66.7
club,/fc-toulouse/startseite/verein/415,"{'type': 'competition', 'country_id': '50', 'country_name': 'France', 'country_code': 'FR1', 'total_clubs': '18', 'total_players': '479', 'average_age': '25.7', 'foreigner_percentage': '62.4 %', 'average_market_value': None, 'total_value': '€4.38bn', 'competition_type': 'first_tier', 'competition_name': 'Ligue 1', 'href': '/ligue-1/startseite/wettbewerb/FR1', 'seasoned_href': 'https://www.transfermarkt.co.uk/ligue-1/startseite/wettbewerb/FR1/plus/0?saison_id=2025'}",,24,24.1,17,70.8 %,7,Stadium Municipal,33150,31350000.0,,,https://tmssl.akamaized.net//images/wappen/head/415.png?lm=1740065124,,fc-toulouse,Toulouse Football Club,2025-ligue-1,2025,ligue-1,Ligue 1,France,€4.38bn,first_tier,4380000000.0,70.8
club,/ogc-nizza/startseite/verein/417,"{'type': 'competition', 'country_id': '50', 'country_name': 'France', 'country_code': 'FR1', 'total_clubs': '18', 'total_players': '479', 'average_age': '25.7', 'foreigner_percentage': '62.4 %', 'average_market_value': None, 'total_value': '€4.38bn', 'competition_type': 'first_tier', 'competition_name': 'Ligue 1', 'href': '/ligue-1/startseite/wettbewerb/FR1', 'seasoned_href': 'https://www.transfermarkt.co.uk/ligue-1/startseite/wettbewerb/FR1/plus/0?saison_id=2025'}",,29,25.8,18,62.1 %,12,Allianz Riviera,36178,72820000.0,,,https://tmssl.akamaized.net//images/wappen/head/417.png?lm=1408779490,,ogc-nizza,Olympique Gymnaste Club Nice Côte d'Azur,2025-ligue-1,2025,ligue-1,Ligue 1,France,€4.38bn,first_tier,4380000000.0,62.1
club,/rc-strassburg-alsace/startseite/verein/667,"{'type': 'competition', 'country_id': '50', 'country_name': 'France', 'country_code': 'FR1', 'total_clubs': '18', 'total_players': '479', 'average_age': '25.7', 'foreigner_percentage': '62.4 %', 'average_market_value': None, 'total_value': '€4.38bn', 'competition_type': 'first_tier', 'competition_name': 'Ligue 1', 'href': '/ligue-1/startseite/wettbewerb/FR1', 'seasoned_href': 'https://www.transfermarkt.co.uk/ligue-1/startseite/wettbewerb/FR1/plus/0?saison_id=2025'}",,26,22.8,22,84.6 %,14,Stade de la Meinau,32000,-26300000.0,,,https://tmssl.akamaized.net//images/wappen/head/667.png?lm=1664991833,,rc-strassburg-alsace,Racing Club de Strasbourg Alsace,2025-ligue-1,2025,ligue-1,Ligue 1,France,€4.38bn,first_tier,4380000000.0,84.6
club,/rc-lens/startseite/verein/826,"{'type': 'competition', 'country_id': '50', 'country_name': 'France', 'country_code': 'FR1', 'total_clubs': '18', 'total_players': '479', 'average_age': '25.7', 'foreigner_percentage': '62.4 %', 'average_market_value': None, 'total_value': '€4.38bn', 'competition_type': 'first_tier', 'competition_name': 'Ligue 1', 'href': '/ligue-1/startseite/wettbewerb/FR1', 'seasoned_href': 'https://www.transfermarkt.co.uk/ligue-1/startseite/wettbewerb/FR1/plus/0?saison_id=2025'}",,29,26.5,9,31.0 %,9,Stade Bollaert-Delelis,38223,45550000.0,,,https://tmssl.akamaized.net//images/wappen/head/826.png?lm=1595457059,,rc-lens,Racing Club de Lens,2025-ligue-1,2025,ligue-1,Ligue 1,France,€4.38bn,first_tier,4380000000.0,31.0
club,/fc-stade-rennes/startseite/verein/273,"{'type': 'competition', 'country_id': '50', 'country_name': 'France', 'country_code': 'FR1', 'total_clubs': '18', 'total_players': '479', 'average_age': '25.7', 'foreigner_percentage': '62.4 %', 'average_market_value': None, 'total_value': '€4.38bn', 'competition_type': 'first_tier', 'competition_name': 'Ligue 1', 'href': '/ligue-1/startseite/wettbewerb/FR1', 'seasoned_href': 'https://www.transfermarkt.co.uk/ligue-1/startseite/wettbewerb/FR1/plus/0?saison_id=2025'}",,23,25.5,10,43.5 %,11,Roazhon Park,29778,50150000.0,,,https://tmssl.akamaized.net//images/wappen/head/273.png?lm=1691503972,,fc-stade-rennes,Stade Rennais Football Club,2025-ligue-1,2025,ligue-1,Ligue 1,France,€4.38bn,first_tier,4380000000.0,43.5
club,/olympique-marseille/startseite/verein/244,"{'type': 'competition', 'country_id': '50', 'country_name': 'France', 'country_code': 'FR1', 'total_clubs': '18', 'total_players': '479', 'average_age': '25.7', 'foreigner_percentage': '62.4 %', 'average_market_value': None, 'total_value': '€4.38bn', 'competition_type': 'first_tier', 'competition_name': 'Ligue 1', 'href': '/ligue-1/startseite/wettbewerb/FR1', 'seasoned_href': 'https://www.transfermarkt.co.uk/ligue-1/startseite/wettbewerb/FR1/plus/0?saison_id=2025'}",,23,27.0,22,95.7 %,12,Orange Vélodrome,67394,20350000.0,,,https://tmssl.akamaized.net//images/wappen/head/244.png?lm=1775675175,,olympique-marseille,Olympique de Marseille,2025-ligue-1,2025,ligue-1,Ligue 1,France,€4.38bn,first_tier,4380000000.0,95.7
club,/losc-lille/startseite/verein/1082,"{'type': 'competition', 'country_id': '50', 'country_name': 'France', 'country_code': 'FR1', 'total_clubs': '18', 'total_players': '479', 'average_age': '25.7', 'foreigner_percentage': '62.4 %', 'average_market_value': None, 'total_value': '€4.38bn', 'competition_type': 'first_tier', 'competition_name': 'Ligue 1', 'href': '/ligue-1/startseite/wettbewerb/FR1', 'seasoned_href': 'https://www.transfermarkt.co.uk/ligue-1/startseite/wettbewerb/FR1/plus/0?saison_id=2025'}",,28,26.4,18,64.3 %,12,Decathlon Arena-Stade Pierre-Mauroy,50186,61600000.0,,,https://tmssl.akamaized.net//images/wappen/head/1082.png?lm=1529521041,,losc-lille,Lille Olympique Sporting Club,2025-ligue-1,2025,ligue-1,Ligue 1,France,€4.38bn,first_tier,4380000000.0,64.3
club,/olympique-lyon/startseite/verein/1041,"{'type': 'competition', 'country_id': '50', 'country_name': 'France', 'country_code': 'FR1', 'total_clubs': '18', 'total_players': '479', 'average_age': '25.7', 'foreigner_percentage': '62.4 %', 'average_market_value': None, 'total_value': '€4.38bn', 'competition_type': 'first_tier', 'competition_name': 'Ligue 1', 'href': '/ligue-1/startseite/wettbewerb/FR1', 'seasoned_href': 'https://www.transfermarkt.co.uk/ligue-1/startseite/wettbewerb/FR1/plus/0?saison_id=2025'}",,29,25.5,23,79.3 %,11,Groupama Stadium,59186,62110000.0,,,https://tmssl.akamaized.net//images/wappen/head/1041.png?lm=1656668172,,olympique-lyon,Olympique Lyonnais,2025-ligue-1,2025,ligue-1,Ligue 1,France,€4.38bn,first_tier,4380000000.0,79.3
club,/as-monaco/startseite/verein/162,"{'type': 'competition', 'country_id': '50', 'country_name': 'France', 'country_code': 'FR1', 'total_clubs': '18', 'total_players': '479', 'average_age': '25.7', 'foreigner_percentage': '62.4 %', 'average_market_value': None, 'total_value': '€4.38bn', 'competition_type': 'first_tier', 'competition_name': 'Ligue 1', 'href': '/ligue-1/startseite/wettbewerb/FR1', 'seasoned_href': 'https://www.transfermarkt.co.uk/ligue-1/startseite/wettbewerb/FR1/plus/0?saison_id=2025'}",,28,25.9,28,100.0 %,15,Stade Louis-II,18525,135570000.0,,,https://tmssl.akamaized.net//images/wappen/head/162.png?lm=1654781919,,as-monaco,Association sportive de Monaco Football Club,2025-ligue-1,2025,ligue-1,Ligue 1,France,€4.38bn,first_tier,4380000000.0,100.0
club,/fc-nantes/startseite/verein/995,"{'type': 'competition', 'country_id': '50', 'country_name': 'France', 'country_code': 'FR1', 'total_clubs': '18', 'total_players': '479', 'average_age': '25.7', 'foreigner_percentage': '62.4 %', 'average_market_value': None, 'total_value': '€4.38bn', 'competition_type': 'first_tier', 'competition_name': 'Ligue 1', 'href': '/ligue-1/startseite/wettbewerb/FR1', 'seasoned_href': 'https://www.transfermarkt.co.uk/ligue-1/startseite/wettbewerb/FR1/plus/0?saison_id=2025'}",,29,26.9,15,51.7 %,8,Stade de la Beaujoire,35322,32000000.0,,,https://tmssl.akamaized.net//images/wappen/head/995.png?lm=1581355747,,fc-nantes,Football Club de Nantes,2025-ligue-1,2025,ligue-1,Ligue 1,France,€4.38bn,first_tier,4380000000.0,51.7
club,/ac-le-havre/startseite/verein/738,"{'type': 'competition', 'country_id': '50', 'country_name': 'France', 'country_code': 'FR1', 'total_clubs': '18', 'total_players': '479', 'average_age': '25.7', 'foreigner_percentage': '62.4 %', 'average_market_value': None, 'total_value': '€4.38bn', 'competition_type': 'first_tier', 'competition_name': 'Ligue 1', 'href': '/ligue-1/startseite/wettbewerb/FR1', 'seasoned_href': 'https://www.transfermarkt.co.uk/ligue-1/startseite/wettbewerb/FR1/plus/0?saison_id=2025'}",,28,25.4,15,53.6 %,8,Stade Océane,25178,1000000.0,,,https://tmssl.akamaized.net//images/wappen/head/738.png?lm=1408780648,,ac-le-havre,Le Havre Athletic Club,2025-ligue-1,2025,ligue-1,Ligue 1,France,€4.38bn,first_tier,4380000000.0,53.6
club,/paris-fc/startseite/verein/10004,"{'type': 'competition', 'country_id': '50', 'country_name': 'France', 'country_code': 'FR1', 'total_clubs': '18', 'total_players': '479', 'average_age': '25.7', 'foreigner_percentage': '62.4 %', 'average_market_value': None, 'total_value': '€4.38bn', 'competition_type': 'first_tier', 'competition_name': 'Ligue 1', 'href': '/ligue-1/startseite/wettbewerb/FR1', 'seasoned_href': 'https://www.transfermarkt.co.uk/ligue-1/startseite/wettbewerb/FR1/plus/0?saison_id=2025'}",,31,28.7,17,54.8 %,8,Stade Jean Bouin,19904,-72300000.0,,,https://tmssl.akamaized.net//images/wappen/head/10004.png?lm=1411995262,,paris-fc,Paris Football Club,2025-ligue-1,2025,ligue-1,Ligue 1,France,€4.38bn,first_tier,4380000000.0,54.8
club,/stade-brest-29/startseite/verein/3911,"{'type': 'competition', 'country_id': '50', 'country_name': 'France', 'country_code': 'FR1', 'total_clubs': '18', 'total_players': '479', 'average_age': '25.7', 'foreigner_percentage': '62.4 %', 'average_market_value': None, 'total_value': '€4.38bn', 'competition_type': 'first_tier', 'competition_name': 'Ligue 1', 'href': '/ligue-1/startseite/wettbewerb/FR1', 'seasoned_href': 'https://www.transfermarkt.co.uk/ligue-1/startseite/wettbewerb/FR1/plus/0?saison_id=2025'}",,23,25.5,11,47.8 %,6,Stade Francis-Le Blé,15220,23700000.0,,,https://tmssl.akamaized.net//images/wappen/head/3911.png?lm=1768836091,,stade-brest-29,Stade brestois 29,2025-ligue-1,2025,ligue-1,Ligue 1,France,€4.38bn,first_tier,4380000000.0,47.8
club,/aj-auxerre/startseite/verein/290,"{'type': 'competition', 'country_id': '50', 'country_name': 'France', 'country_code': 'FR1', 'total_clubs': '18', 'total_players': '479', 'average_age': '25.7', 'foreigner_percentage': '62.4 %', 'average_market_value': None, 'total_value': '€4.38bn', 'competition_type': 'first_tier', 'competition_name': 'Ligue 1', 'href': '/ligue-1/startseite/wettbewerb/FR1', 'seasoned_href': 'https://www.transfermarkt.co.uk/ligue-1/startseite/wettbewerb/FR1/plus/0?saison_id=2025'}",,29,24.3,15,51.7 %,9,Stade de l'Abbé-Deschamps,18541,14650000.0,,,https://tmssl.akamaized.net//images/wappen/head/290.png?lm=1635851977,,aj-auxerre,Association de la Jeunesse auxerroise,2025-ligue-1,2025,ligue-1,Ligue 1,France,€4.38bn,first_tier,4380000000.0,51.7
club,/sco-angers/startseite/verein/1420,"{'type': 'competition', 'country_id': '50', 'country_name': 'France', 'country_code': 'FR1', 'total_clubs': '18', 'total_players': '479', 'average_age': '25.7', 'foreigner_percentage': '62.4 %', 'average_market_value': None, 'total_value': '€4.38bn', 'competition_type': 'first_tier', 'competition_name': 'Ligue 1', 'href': '/ligue-1/startseite/wettbewerb/FR1', 'seasoned_href': 'https://www.transfermarkt.co.uk/ligue-1/startseite/wettbewerb/FR1/plus/0?saison_id=2025'}",,24,25.9,14,58.3 %,6,Stade Raymond-Kopa,19350,20250000.0,,,https://tmssl.akamaized.net//images/wappen/head/1420.png?lm=1687525425,,sco-angers,Angers Sporting Club de l'Ouest,2025-ligue-1,2025,ligue-1,Ligue 1,France,€4.38bn,first_tier,4380000000.0,58.3
club,/fc-lorient/startseite/verein/1158,"{'type': 'competition', 'country_id': '50', 'country_name': 'France', 'country_code': 'FR1', 'total_clubs': '18', 'total_players': '479', 'average_age': '25.7', 'foreigner_percentage': '62.4 %', 'average_market_value': None, 'total_value': '€4.38bn', 'competition_type': 'first_tier', 'competition_name': 'Ligue 1', 'href': '/ligue-1/startseite/wettbewerb/FR1', 'seasoned_href': 'https://www.transfermarkt.co.uk/ligue-1/startseite/wettbewerb/FR1/plus/0?saison_id=2025'}",,25,26.0,18,72.0 %,9,Stade du Moustoir,16787,600000.0,,,https://tmssl.akamaized.net//images/wappen/head/1158.png?lm=1406642498,,fc-lorient,Football Club Lorient-Bretagne Sud,2025-ligue-1,2025,ligue-1,Ligue 1,France,€4.38bn,first_tier,4380000000.0,72.0
club,/fc-metz/startseite/verein/347,"{'type': 'competition', 'country_id': '50', 'country_name': 'France', 'country_code': 'FR1', 'total_clubs': '18', 'total_players': '479', 'average_age': '25.7', 'foreigner_percentage': '62.4 %', 'average_market_value': None, 'total_value': '€4.38bn', 'competition_type': 'first_tier', 'competition_name': 'Ligue 1', 'href': '/ligue-1/startseite/wettbewerb/FR1', 'seasoned_href': 'https://www.transfermarkt.co.uk/ligue-1/startseite/wettbewerb/FR1/plus/0?saison_id=2025'}",,27,25.8,19,70.4 %,7,Stade Saint-Symphorien,28786,29850000.0,,,https://tmssl.akamaized.net//images/wappen/head/347.png?lm=1625391843,,fc-metz,Football Club de Metz,2025-ligue-1,2025,ligue-1,Ligue 1,France,€4.38bn,first_tier,4380000000.0,70.4
club,/manchester-city/startseite/verein/281,"{'type': 'competition', 'country_id': '189', 'country_name': 'England', 'country_code': 'GB1', 'total_clubs': '20', 'total_players': '528', 'average_age': '26.5', 'foreigner_percentage': '72.0 %', 'average_market_value': None, 'total_value': '€12.58bn', 'competition_type': 'first_tier', 'competition_name': 'Premier League', 'href': '/premier-league/startseite/wettbewerb/GB1', 'seasoned_href': 'https://www.transfermarkt.co.uk/premier-league/startseite/wettbewerb/GB1/plus/0?saison_id=2025'}",,27,26.1,19,70.4 %,22,Etihad Stadium,55097,-199520000.0,,,https://tmssl.akamaized.net//images/wappen/head/281.png?lm=1467356331,,manchester-city,Manchester City Football Club,2025-premier-league,2025,premier-league,Premier League,England,€12.58bn,first_tier,12580000000.0,70.4
club,/fc-chelsea/startseite/verein/631,"{'type': 'competition', 'country_id': '189', 'country_name': 'England', 'country_code': 'GB1', 'total_clubs': '20', 'total_players': '528', 'average_age': '26.5', 'foreigner_percentage': '72.0 %', 'average_market_value': None, 'total_value': '€12.58bn', 'competition_type': 'first_tier', 'competition_name': 'Premier League', 'href': '/premier-league/startseite/wettbewerb/GB1', 'seasoned_href': 'https://www.transfermarkt.co.uk/premier-league/startseite/wettbewerb/GB1/plus/0?saison_id=2025'}",,31,23.7,21,67.7 %,15,Stamford Bridge,41631,-4900000.0,,,https://tmssl.akamaized.net//images/wappen/head/631.png?lm=1682435911,,fc-chelsea,Chelsea Football Club,2025-premier-league,2025,premier-league,Premier League,England,€12.58bn,first_tier,12580000000.0,67.7
club,/newcastle-united/startseite/verein/762,"{'type': 'competition', 'country_id': '189', 'country_name': 'England', 'country_code': 'GB1', 'total_clubs': '20', 'total_players': '528', 'average_age': '26.5', 'foreigner_percentage': '72.0 %', 'average_market_value': None, 'total_value': '€12.58bn', 'competition_type': 'first_tier', 'competition_name': 'Premier League', 'href': '/premier-league/startseite/wettbewerb/GB1', 'seasoned_href': 'https://www.transfermarkt.co.uk/premier-league/startseite/wettbewerb/GB1/plus/0?saison_id=2025'}",,26,28.2,12,46.2 %,15,St James' Park,52258,-102850000.0,,,https://tmssl.akamaized.net//images/wappen/head/762.png?lm=1472921161,,newcastle-united,Newcastle United Football Club,2025-premier-league,2025,premier-league,Premier League,England,€12.58bn,first_tier,12580000000.0,46.2
club,/crystal-palace/startseite/verein/873,"{'type': 'competition', 'country_id': '189', 'country_name': 'England', 'country_code': 'GB1', 'total_clubs': '20', 'total_players': '528', 'average_age': '26.5', 'foreigner_percentage': '72.0 %', 'average_market_value': None, 'total_value': '€12.58bn', 'competition_type': 'first_tier', 'competition_name': 'Premier League', 'href': '/premier-league/startseite/wettbewerb/GB1', 'seasoned_href': 'https://www.transfermarkt.co.uk/premier-league/startseite/wettbewerb/GB1/plus/0?saison_id=2025'}",,28,26.5,19,67.9 %,19,Selhurst Park,25486,-47850000.0,,,https://tmssl.akamaized.net//images/wappen/head/873.png?lm=1457723287,,crystal-palace,Crystal Palace Football Club,2025-premier-league,2025,premier-league,Premier League,England,€12.58bn,first_tier,12580000000.0,67.9
club,/tottenham-hotspur/startseite/verein/148,"{'type': 'competition', 'country_id': '189', 'country_name': 'England', 'country_code': 'GB1', 'total_clubs': '20', 'total_players': '528', 'average_age': '26.5', 'foreigner_percentage': '72.0 %', 'average_market_value': None, 'total_value': '€12.58bn', 'competition_type': 'first_tier', 'competition_name': 'Premier League', 'href': '/premier-league/startseite/wettbewerb/GB1', 'seasoned_href': 'https://www.transfermarkt.co.uk/premier-league/startseite/wettbewerb/GB1/plus/0?saison_id=2025'}",,28,25.9,22,78.6 %,20,Tottenham Hotspur Stadium,62850,-182900000.0,,,https://tmssl.akamaized.net//images/wappen/head/148.png?lm=1732011953,,tottenham-hotspur,Tottenham Hotspur Football Club,2025-premier-league,2025,premier-league,Premier League,England,€12.58bn,first_tier,12580000000.0,78.6
club,/fc-liverpool/startseite/verein/31,"{'type': 'competition', 'country_id': '189', 'country_name': 'England', 'country_code': 'GB1', 'total_clubs': '20', 'total_players': '528', 'average_age': '26.5', 'foreigner_percentage': '72.0 %', 'average_market_value': None, 'total_value': '€12.58bn', 'competition_type': 'first_tier', 'competition_name': 'Premier League', 'href': '/premier-league/startseite/wettbewerb/GB1', 'seasoned_href': 'https://www.transfermarkt.co.uk/premier-league/startseite/wettbewerb/GB1/plus/0?saison_id=2025'}",,28,26.1,21,75.0 %,18,Anfield,61276,-261850000.0,,,https://tmssl.akamaized.net//images/wappen/head/31.png?lm=1727873452,,fc-liverpool,Liverpool Football Club,2025-premier-league,2025,premier-league,Premier League,England,€12.58bn,first_tier,12580000000.0,75.0
club,/aston-villa/startseite/verein/405,"{'type': 'competition', 'country_id': '189', 'country_name': 'England', 'country_code': 'GB1', 'total_clubs': '20', 'total_players': '528', 'average_age': '26.5', 'foreigner_percentage': '72.0 %', 'average_market_value': None, 'total_value': '€12.58bn', 'competition_type': 'first_tier', 'competition_name': 'Premier League', 'href': '/premier-league/startseite/wettbewerb/GB1', 'seasoned_href': 'https://www.transfermarkt.co.uk/premier-league/startseite/wettbewerb/GB1/plus/0?saison_id=2025'}",,25,28.2,17,68.0 %,12,Villa Park,42918,-12650000.0,,,https://tmssl.akamaized.net//images/wappen/head/405.png?lm=1717155982,,aston-villa,Aston Villa Football Club,2025-premier-league,2025,premier-league,Premier League,England,€12.58bn,first_tier,12580000000.0,68.0
club,/fc-arsenal/startseite/verein/11,"{'type': 'competition', 'country_id': '189', 'country_name': 'England', 'country_code': 'GB1', 'total_clubs': '20', 'total_players': '528', 'average_age': '26.5', 'foreigner_percentage': '72.0 %', 'average_market_value': None, 'total_value': '€12.58bn', 'competition_type': 'first_tier', 'competition_name': 'Premier League', 'href': '/premier-league/startseite/wettbewerb/GB1', 'seasoned_href': 'https://www.transfermarkt.co.uk/premier-league/startseite/wettbewerb/GB1/plus/0?saison_id=2025'}",,25,26.3,17,68.0 %,20,Emirates Stadium,60704,-280730000.0,,,https://tmssl.akamaized.net//images/wappen/head/11.png?lm=1489787850,,fc-arsenal,Arsenal Football Club,2025-premier-league,2025,premier-league,Premier League,England,€12.58bn,first_tier,12580000000.0,68.0
club,/manchester-united/startseite/verein/985,"{'type': 'competition', 'country_id': '189', 'country_name': 'England', 'country_code': 'GB1', 'total_clubs': '20', 'total_players': '528', 'average_age': '26.5', 'foreigner_percentage': '72.0 %', 'average_market_value': None, 'total_value': '€12.58bn', 'competition_type': 'first_tier', 'competition_name': 'Premier League', 'href': '/premier-league/startseite/wettbewerb/GB1', 'seasoned_href': 'https://www.transfermarkt.co.uk/premier-league/startseite/wettbewerb/GB1/plus/0?saison_id=2025'}",,24,26.6,18,75.0 %,15,Old Trafford,74879,-172500000.0,,,https://tmssl.akamaized.net//images/wappen/head/985.png?lm=1457975903,,manchester-united,Manchester United Football Club,2025-premier-league,2025,premier-league,Premier League,England,€12.58bn,first_tier,12580000000.0,75.0
club,/brighton-amp-hove-albion/startseite/verein/1237,"{'type': 'competition', 'country_id': '189', 'country_name': 'England', 'country_code': 'GB1', 'total_clubs': '20', 'total_players': '528', 'average_age': '26.5', 'foreigner_percentage': '72.0 %', 'average_market_value': None, 'total_value': '€12.58bn', 'competition_type': 'first_tier', 'competition_name': 'Premier League', 'href': '/premier-league/startseite/wettbewerb/GB1', 'seasoned_href': 'https://www.transfermarkt.co.uk/premier-league/startseite/wettbewerb/GB1/plus/0?saison_id=2025'}",,26,27.6,19,73.1 %,15,AMEX Stadium,31876,63150000.0,,,https://tmssl.akamaized.net//images/wappen/head/1237.png?lm=1492718902,,brighton-amp-hove-albion,Brighton and Hove Albion Football Club,2025-premier-league,2025,premier-league,Premier League,England,€12.58bn,first_tier,12580000000.0,73.1
club,/afc-bournemouth/startseite/verein/989,"{'type': 'competition', 'country_id': '189', 'country_name': 'England', 'country_code': 'GB1', 'total_clubs': '20', 'total_players': '528', 'average_age': '26.5', 'foreigner_percentage': '72.0 %', 'average_market_value': None, 'total_value': '€12.58bn', 'competition_type': 'first_tier', 'competition_name': 'Premier League', 'href': '/premier-league/startseite/wettbewerb/GB1', 'seasoned_href': 'https://www.transfermarkt.co.uk/premier-league/startseite/wettbewerb/GB1/plus/0?saison_id=2025'}",,26,25.6,20,76.9 %,13,Vitality Stadium,11307,130310000.0,,,https://tmssl.akamaized.net//images/wappen/head/989.png?lm=1457991811,,afc-bournemouth,Association Football Club Bournemouth,2025-premier-league,2025,premier-league,Premier League,England,€12.58bn,first_tier,12580000000.0,76.9
club,/fc-everton/startseite/verein/29,"{'type': 'competition', 'country_id': '189', 'country_name': 'England', 'country_code': 'GB1', 'total_clubs': '20', 'total_players': '528', 'average_age': '26.5', 'foreigner_percentage': '72.0 %', 'average_market_value': None, 'total_value': '€12.58bn', 'competition_type': 'first_tier', 'competition_name': 'Premier League', 'href': '/premier-league/startseite/wettbewerb/GB1', 'seasoned_href': 'https://www.transfermarkt.co.uk/premier-league/startseite/wettbewerb/GB1/plus/0?saison_id=2025'}",,25,26.8,13,52.0 %,11,Hill Dickinson Stadium,52769,-117150000.0,,,https://tmssl.akamaized.net//images/wappen/head/29.png?lm=1445949846,,fc-everton,Everton Football Club,2025-premier-league,2025,premier-league,Premier League,England,€12.58bn,first_tier,12580000000.0,52.0
club,/nottingham-forest/startseite/verein/703,"{'type': 'competition', 'country_id': '189', 'country_name': 'England', 'country_code': 'GB1', 'total_clubs': '20', 'total_players': '528', 'average_age': '26.5', 'foreigner_percentage': '72.0 %', 'average_market_value': None, 'total_value': '€12.58bn', 'competition_type': 'first_tier', 'competition_name': 'Premier League', 'href': '/premier-league/startseite/wettbewerb/GB1', 'seasoned_href': 'https://www.transfermarkt.co.uk/premier-league/startseite/wettbewerb/GB1/plus/0?saison_id=2025'}",,29,26.7,22,75.9 %,14,The City Ground,30404,-111430000.0,,,https://tmssl.akamaized.net//images/wappen/head/703.png?lm=1598890289,,nottingham-forest,Nottingham Forest Football Club,2025-premier-league,2025,premier-league,Premier League,England,€12.58bn,first_tier,12580000000.0,75.9
club,/fc-brentford/startseite/verein/1148,"{'type': 'competition', 'country_id': '189', 'country_name': 'England', 'country_code': 'GB1', 'total_clubs': '20', 'total_players': '528', 'average_age': '26.5', 'foreigner_percentage': '72.0 %', 'average_market_value': None, 'total_value': '€12.58bn', 'competition_type': 'first_tier', 'competition_name': 'Premier League', 'href': '/premier-league/startseite/wettbewerb/GB1', 'seasoned_href': 'https://www.transfermarkt.co.uk/premier-league/startseite/wettbewerb/GB1/plus/0?saison_id=2025'}",,26,25.5,20,76.9 %,14,Gtech Community Stadium,17250,50060000.0,,,https://tmssl.akamaized.net//images/wappen/head/1148.png?lm=1625150543,,fc-brentford,Brentford Football Club,2025-premier-league,2025,premier-league,Premier League,England,€12.58bn,first_tier,12580000000.0,76.9
club,/fc-fulham/startseite/verein/931,"{'type': 'competition', 'country_id': '189', 'country_name': 'England', 'country_code': 'GB1', 'total_clubs': '20', 'total_players': '528', 'average_age': '26.5', 'foreigner_percentage': '72.0 %', 'average_market_value': None, 'total_value': '€12.58bn', 'competition_type': 'first_tier', 'competition_name': 'Premier League', 'href': '/premier-league/startseite/wettbewerb/GB1', 'seasoned_href': 'https://www.transfermarkt.co.uk/premier-league/startseite/wettbewerb/GB1/plus/0?saison_id=2025'}",,24,28.3,20,83.3 %,12,Craven Cottage,29589,-56400000.0,,,https://tmssl.akamaized.net//images/wappen/head/931.png?lm=1556831687,,fc-fulham,Fulham Football Club,2025-premier-league,2025,premier-league,Premier League,England,€12.58bn,first_tier,12580000000.0,83.3
club,/wolverhampton-wanderers/startseite/verein/543,"{'type': 'competition', 'country_id': '189', 'country_name': 'England', 'country_code': 'GB1', 'total_clubs': '20', 'total_players': '528', 'average_age': '26.5', 'foreigner_percentage': '72.0 %', 'average_market_value': None, 'total_value': '€12.58bn', 'competition_type': 'first_tier', 'competition_name': 'Premier League', 'href': '/premier-league/startseite/wettbewerb/GB1', 'seasoned_href': 'https://www.transfermarkt.co.uk/premier-league/startseite/wettbewerb/GB1/plus/0?saison_id=2025'}",,23,26.3,19,82.6 %,12,Molineux Stadium,31750,81100000.0,,,https://tmssl.akamaized.net//images/wappen/head/543.png?lm=1467496784,,wolverhampton-wanderers,Wolverhampton Wanderers Football Club,2025-premier-league,2025,premier-league,Premier League,England,€12.58bn,first_tier,12580000000.0,82.6
club,/fc-burnley/startseite/verein/1132,"{'type': 'competition', 'country_id': '189', 'country_name': 'England', 'country_code': 'GB1', 'total_clubs': '20', 'total_players': '528', 'average_age': '26.5', 'foreigner_percentage': '72.0 %', 'average_market_value': None, 'total_value': '€12.58bn', 'competition_type': 'first_tier', 'competition_name': 'Premier League', 'href': '/premier-league/startseite/wettbewerb/GB1', 'seasoned_href': 'https://www.transfermarkt.co.uk/premier-league/startseite/wettbewerb/GB1/plus/0?saison_id=2025'}",,29,27.8,21,72.4 %,12,Turf Moor,21994,-91500000.0,,,https://tmssl.akamaized.net//images/wappen/head/1132.png?lm=1686818840,,fc-burnley,Burnley Football Club,2025-premier-league,2025,premier-league,Premier League,England,€12.58bn,first_tier,12580000000.0,72.4
club,/afc-sunderland/startseite/verein/289,"{'type': 'competition', 'country_id': '189', 'country_name': 'England', 'country_code': 'GB1', 'total_clubs': '20', 'total_players': '528', 'average_age': '26.5', 'foreigner_percentage': '72.0 %', 'average_market_value': None, 'total_value': '€12.58bn', 'competition_type': 'first_tier', 'competition_name': 'Premier League', 'href': '/premier-league/startseite/wettbewerb/GB1', 'seasoned_href': 'https://www.transfermarkt.co.uk/premier-league/startseite/wettbewerb/GB1/plus/0?saison_id=2025'}",,28,25.2,23,82.1 %,16,Stadium of Light,48707,-156340000.0,,,https://tmssl.akamaized.net//images/wappen/head/289.png?lm=1485645633,,afc-sunderland,Sunderland Association Football Club,2025-premier-league,2025,premier-league,Premier League,England,€12.58bn,first_tier,12580000000.0,82.1
club,/west-ham-united/startseite/verein/379,"{'type': 'competition', 'country_id': '189', 'country_name': 'England', 'country_code': 'GB1', 'total_clubs': '20', 'total_players': '528', 'average_age': '26.5', 'foreigner_percentage': '72.0 %', 'average_market_value': None, 'total_value': '€12.58bn', 'competition_type': 'first_tier', 'competition_name': 'Premier League', 'href': '/premier-league/startseite/wettbewerb/GB1', 'seasoned_href': 'https://www.transfermarkt.co.uk/premier-league/startseite/wettbewerb/GB1/plus/0?saison_id=2025'}",,24,26.7,17,70.8 %,8,London Stadium,62500,-53100000.0,,,https://tmssl.akamaized.net//images/wappen/head/379.png?lm=1464675260,,west-ham-united,West Ham United Football Club,2025-premier-league,2025,premier-league,Premier League,England,€12.58bn,first_tier,12580000000.0,70.8
club,/leeds-united/startseite/verein/399,"{'type': 'competition', 'country_id': '189', 'country_name': 'England', 'country_code': 'GB1', 'total_clubs': '20', 'total_players': '528', 'average_age': '26.5', 'foreigner_percentage': '72.0 %', 'average_market_value': None, 'total_value': '€12.58bn', 'competition_type': 'first_tier', 'competition_name': 'Premier League', 'href': '/premier-league/startseite/wettbewerb/GB1', 'seasoned_href': 'https://www.transfermarkt.co.uk/premier-league/startseite/wettbewerb/GB1/plus/0?saison_id=2025'}",,26,27.3,20,76.9 %,14,Elland Road,37890,-106700000.0,,,https://tmssl.akamaized.net//images/wappen/head/399.png?lm=1645652224,,leeds-united,Leeds United Association Football Club,2025-premier-league,2025,premier-league,Premier League,England,€12.58bn,first_tier,12580000000.0,76.9
club,/atalanta-bergamo/startseite/verein/800,"{'type': 'competition', 'country_id': '75', 'country_name': 'Italy', 'country_code': 'IT1', 'total_clubs': '20', 'total_players': '535', 'average_age': '26.8', 'foreigner_percentage': '68.4 %', 'average_market_value': None, 'total_value': '€5.33bn', 'competition_type': 'first_tier', 'competition_name': 'Serie A', 'href': '/serie-a/startseite/wettbewerb/IT1', 'seasoned_href': 'https://www.transfermarkt.co.uk/serie-a/startseite/wettbewerb/IT1/plus/0?saison_id=2025'}",,24,27.4,14,58.3 %,17,New Balance Arena - Bergamo,24950,-8280000.0,,,https://tmssl.akamaized.net//images/wappen/head/800.png?lm=1438547428,,atalanta-bergamo,Atalanta Bergamasca Calcio S.p.a.,2025-serie-a,2025,serie-a,Serie A,Italy,€5.33bn,first_tier,5330000000.0,58.3
club,/as-rom/startseite/verein/12,"{'type': 'competition', 'country_id': '75', 'country_name': 'Italy', 'country_code': 'IT1', 'total_clubs': '20', 'total_players': '535', 'average_age': '26.8', 'foreigner_percentage': '68.4 %', 'average_market_value': None, 'total_value': '€5.33bn', 'competition_type': 'first_tier', 'competition_name': 'Serie A', 'href': '/serie-a/startseite/wettbewerb/IT1', 'seasoned_href': 'https://www.transfermarkt.co.uk/serie-a/startseite/wettbewerb/IT1/plus/0?saison_id=2025'}",,27,26.2,19,70.4 %,13,Olimpico di Roma,70634,-24450000.0,,,https://tmssl.akamaized.net//images/wappen/head/12.png?lm=1751979202,,as-rom,Associazione Sportiva Roma,2025-serie-a,2025,serie-a,Serie A,Italy,€5.33bn,first_tier,5330000000.0,70.4
club,/inter-mailand/startseite/verein/46,"{'type': 'competition', 'country_id': '75', 'country_name': 'Italy', 'country_code': 'IT1', 'total_clubs': '20', 'total_players': '535', 'average_age': '26.8', 'foreigner_percentage': '68.4 %', 'average_market_value': None, 'total_value': '€5.33bn', 'competition_type': 'first_tier', 'competition_name': 'Serie A', 'href': '/serie-a/startseite/wettbewerb/IT1', 'seasoned_href': 'https://www.transfermarkt.co.uk/serie-a/startseite/wettbewerb/IT1/plus/0?saison_id=2025'}",,24,29.4,16,66.7 %,14,Giuseppe Meazza,75923,-48350000.0,,,https://tmssl.akamaized.net//images/wappen/head/46.png?lm=1618900989,,inter-mailand,Football Club Internazionale Milano S.p.A.,2025-serie-a,2025,serie-a,Serie A,Italy,€5.33bn,first_tier,5330000000.0,66.7
club,/ac-mailand/startseite/verein/5,"{'type': 'competition', 'country_id': '75', 'country_name': 'Italy', 'country_code': 'IT1', 'total_clubs': '20', 'total_players': '535', 'average_age': '26.8', 'foreigner_percentage': '68.4 %', 'average_market_value': None, 'total_value': '€5.33bn', 'competition_type': 'first_tier', 'competition_name': 'Serie A', 'href': '/serie-a/startseite/wettbewerb/IT1', 'seasoned_href': 'https://www.transfermarkt.co.uk/serie-a/startseite/wettbewerb/IT1/plus/0?saison_id=2025'}",,23,27.3,18,78.3 %,18,Giuseppe Meazza,75923,6000000.0,,,https://tmssl.akamaized.net//images/wappen/head/5.png?lm=1605166627,,ac-mailand,Associazione Calcio Milan,2025-serie-a,2025,serie-a,Serie A,Italy,€5.33bn,first_tier,5330000000.0,78.3
club,/juventus-turin/startseite/verein/506,"{'type': 'competition', 'country_id': '75', 'country_name': 'Italy', 'country_code': 'IT1', 'total_clubs': '20', 'total_players': '535', 'average_age': '26.8', 'foreigner_percentage': '68.4 %', 'average_market_value': None, 'total_value': '€5.33bn', 'competition_type': 'first_tier', 'competition_name': 'Serie A', 'href': '/serie-a/startseite/wettbewerb/IT1', 'seasoned_href': 'https://www.transfermarkt.co.uk/serie-a/startseite/wettbewerb/IT1/plus/0?saison_id=2025'}",,25,27.4,18,72.0 %,19,Allianz Stadium,41507,-49750000.0,,,https://tmssl.akamaized.net//images/wappen/head/506.png?lm=1626441487,,juventus-turin,Juventus Football Club,2025-serie-a,2025,serie-a,Serie A,Italy,€5.33bn,first_tier,5330000000.0,72.0
club,/lazio-rom/startseite/verein/398,"{'type': 'competition', 'country_id': '75', 'country_name': 'Italy', 'country_code': 'IT1', 'total_clubs': '20', 'total_players': '535', 'average_age': '26.8', 'foreigner_percentage': '68.4 %', 'average_market_value': None, 'total_value': '€5.33bn', 'competition_type': 'first_tier', 'competition_name': 'Serie A', 'href': '/serie-a/startseite/wettbewerb/IT1', 'seasoned_href': 'https://www.transfermarkt.co.uk/serie-a/startseite/wettbewerb/IT1/plus/0?saison_id=2025'}",,28,27.7,17,60.7 %,11,Olimpico di Roma,70634,12550000.0,,,https://tmssl.akamaized.net//images/wappen/head/398.png?lm=1601537785,,lazio-rom,Società Sportiva Lazio S.p.A.,2025-serie-a,2025,serie-a,Serie A,Italy,€5.33bn,first_tier,5330000000.0,60.7
club,/fc-bologna/startseite/verein/1025,"{'type': 'competition', 'country_id': '75', 'country_name': 'Italy', 'country_code': 'IT1', 'total_clubs': '20', 'total_players': '535', 'average_age': '26.8', 'foreigner_percentage': '68.4 %', 'average_market_value': None, 'total_value': '€5.33bn', 'competition_type': 'first_tier', 'competition_name': 'Serie A', 'href': '/serie-a/startseite/wettbewerb/IT1', 'seasoned_href': 'https://www.transfermarkt.co.uk/serie-a/startseite/wettbewerb/IT1/plus/0?saison_id=2025'}",,27,27.3,17,63.0 %,11,Stadio Renato Dall’Ara,36462,27700000.0,,,https://tmssl.akamaized.net//images/wappen/head/1025.png?lm=1626441324,,fc-bologna,Bologna Football Club 1909,2025-serie-a,2025,serie-a,Serie A,Italy,€5.33bn,first_tier,5330000000.0,63.0
club,/ssc-neapel/startseite/verein/6195,"{'type': 'competition', 'country_id': '75', 'country_name': 'Italy', 'country_code': 'IT1', 'total_clubs': '20', 'total_players': '535', 'average_age': '26.8', 'foreigner_percentage': '68.4 %', 'average_market_value': None, 'total_value': '€5.33bn', 'competition_type': 'first_tier', 'competition_name': 'Serie A', 'href': '/serie-a/startseite/wettbewerb/IT1', 'seasoned_href': 'https://www.transfermarkt.co.uk/serie-a/startseite/wettbewerb/IT1/plus/0?saison_id=2025'}",,26,28.7,17,65.4 %,16,Diego Armando Maradona,54726,-15350000.0,,,https://tmssl.akamaized.net//images/wappen/head/6195.png?lm=1753167643,,ssc-neapel,Società Sportiva Calcio Napoli,2025-serie-a,2025,serie-a,Serie A,Italy,€5.33bn,first_tier,5330000000.0,65.4
club,/us-sassuolo/startseite/verein/6574,"{'type': 'competition', 'country_id': '75', 'country_name': 'Italy', 'country_code': 'IT1', 'total_clubs': '20', 'total_players': '535', 'average_age': '26.8', 'foreigner_percentage': '68.4 %', 'average_market_value': None, 'total_value': '€5.33bn', 'competition_type': 'first_tier', 'competition_name': 'Serie A', 'href': '/serie-a/startseite/wettbewerb/IT1', 'seasoned_href': 'https://www.transfermarkt.co.uk/serie-a/startseite/wettbewerb/IT1/plus/0?saison_id=2025'}",,29,26.0,17,58.6 %,12,Mapei Stadium - Città del Tricolore,21584,-34680000.0,,,https://tmssl.akamaized.net//images/wappen/head/6574.png?lm=1755894334,,us-sassuolo,Unione Sportiva Sassuolo Calcio,2025-serie-a,2025,serie-a,Serie A,Italy,€5.33bn,first_tier,5330000000.0,58.6
club,/ac-florenz/startseite/verein/430,"{'type': 'competition', 'country_id': '75', 'country_name': 'Italy', 'country_code': 'IT1', 'total_clubs': '20', 'total_players': '535', 'average_age': '26.8', 'foreigner_percentage': '68.4 %', 'average_market_value': None, 'total_value': '€5.33bn', 'competition_type': 'first_tier', 'competition_name': 'Serie A', 'href': '/serie-a/startseite/wettbewerb/IT1', 'seasoned_href': 'https://www.transfermarkt.co.uk/serie-a/startseite/wettbewerb/IT1/plus/0?saison_id=2025'}",,27,26.0,11,40.7 %,11,Artemio Franchi,43147,-29210000.0,,,https://tmssl.akamaized.net//images/wappen/head/430.png?lm=1722844765,,ac-florenz,Associazione Calcio Fiorentina,2025-serie-a,2025,serie-a,Serie A,Italy,€5.33bn,first_tier,5330000000.0,40.7
club,/como-1907/startseite/verein/1047,"{'type': 'competition', 'country_id': '75', 'country_name': 'Italy', 'country_code': 'IT1', 'total_clubs': '20', 'total_players': '535', 'average_age': '26.8', 'foreigner_percentage': '68.4 %', 'average_market_value': None, 'total_value': '€5.33bn', 'competition_type': 'first_tier', 'competition_name': 'Serie A', 'href': '/serie-a/startseite/wettbewerb/IT1', 'seasoned_href': 'https://www.transfermarkt.co.uk/serie-a/startseite/wettbewerb/IT1/plus/0?saison_id=2025'}",,27,26.3,25,92.6 %,10,Giuseppe Sinigaglia,12039,-110510000.0,,,https://tmssl.akamaized.net//images/wappen/head/1047.png?lm=1565704078,,como-1907,Calcio Como,2025-serie-a,2025,serie-a,Serie A,Italy,€5.33bn,first_tier,5330000000.0,92.6
club,/genua-cfc/startseite/verein/252,"{'type': 'competition', 'country_id': '75', 'country_name': 'Italy', 'country_code': 'IT1', 'total_clubs': '20', 'total_players': '535', 'average_age': '26.8', 'foreigner_percentage': '68.4 %', 'average_market_value': None, 'total_value': '€5.33bn', 'competition_type': 'first_tier', 'competition_name': 'Serie A', 'href': '/serie-a/startseite/wettbewerb/IT1', 'seasoned_href': 'https://www.transfermarkt.co.uk/serie-a/startseite/wettbewerb/IT1/plus/0?saison_id=2025'}",,26,26.7,18,69.2 %,7,Luigi Ferraris,34901,47930000.0,,,https://tmssl.akamaized.net//images/wappen/head/252.png?lm=1655305880,,genua-cfc,Genoa Cricket and Football Club,2025-serie-a,2025,serie-a,Serie A,Italy,€5.33bn,first_tier,5330000000.0,69.2
club,/cagliari-calcio/startseite/verein/1390,"{'type': 'competition', 'country_id': '75', 'country_name': 'Italy', 'country_code': 'IT1', 'total_clubs': '20', 'total_players': '535', 'average_age': '26.8', 'foreigner_percentage': '68.4 %', 'average_market_value': None, 'total_value': '€5.33bn', 'competition_type': 'first_tier', 'competition_name': 'Serie A', 'href': '/serie-a/startseite/wettbewerb/IT1', 'seasoned_href': 'https://www.transfermarkt.co.uk/serie-a/startseite/wettbewerb/IT1/plus/0?saison_id=2025'}",,28,25.3,13,46.4 %,8,Unipol Domus,16416,800000.0,,,https://tmssl.akamaized.net//images/wappen/head/1390.png?lm=1626441409,,cagliari-calcio,Cagliari Calcio,2025-serie-a,2025,serie-a,Serie A,Italy,€5.33bn,first_tier,5330000000.0,46.4
club,/parma-calcio-1913/startseite/verein/130,"{'type': 'competition', 'country_id': '75', 'country_name': 'Italy', 'country_code': 'IT1', 'total_clubs': '20', 'total_players': '535', 'average_age': '26.8', 'foreigner_percentage': '68.4 %', 'average_market_value': None, 'total_value': '€5.33bn', 'competition_type': 'first_tier', 'competition_name': 'Serie A', 'href': '/serie-a/startseite/wettbewerb/IT1', 'seasoned_href': 'https://www.transfermarkt.co.uk/serie-a/startseite/wettbewerb/IT1/plus/0?saison_id=2025'}",,25,24.6,19,76.0 %,2,Ennio Tardini,22352,37290000.0,,,https://tmssl.akamaized.net//images/wappen/head/130.png?lm=1530945992,,parma-calcio-1913,Parma Calcio 1913,2025-serie-a,2025,serie-a,Serie A,Italy,€5.33bn,first_tier,5330000000.0,76.0
club,/udinese-calcio/startseite/verein/410,"{'type': 'competition', 'country_id': '75', 'country_name': 'Italy', 'country_code': 'IT1', 'total_clubs': '20', 'total_players': '535', 'average_age': '26.8', 'foreigner_percentage': '68.4 %', 'average_market_value': None, 'total_value': '€5.33bn', 'competition_type': 'first_tier', 'competition_name': 'Serie A', 'href': '/serie-a/startseite/wettbewerb/IT1', 'seasoned_href': 'https://www.transfermarkt.co.uk/serie-a/startseite/wettbewerb/IT1/plus/0?saison_id=2025'}",,26,26.2,21,80.8 %,9,Bluenergy Stadium,25144,47650000.0,,,https://tmssl.akamaized.net//images/wappen/head/410.png?lm=1688982584,,udinese-calcio,Udinese Calcio,2025-serie-a,2025,serie-a,Serie A,Italy,€5.33bn,first_tier,5330000000.0,80.8
club,/ac-pisa-1909/startseite/verein/4172,"{'type': 'competition', 'country_id': '75', 'country_name': 'Italy', 'country_code': 'IT1', 'total_clubs': '20', 'total_players': '535', 'average_age': '26.8', 'foreigner_percentage': '68.4 %', 'average_market_value': None, 'total_value': '€5.33bn', 'competition_type': 'first_tier', 'competition_name': 'Serie A', 'href': '/serie-a/startseite/wettbewerb/IT1', 'seasoned_href': 'https://www.transfermarkt.co.uk/serie-a/startseite/wettbewerb/IT1/plus/0?saison_id=2025'}",,29,27.1,21,72.4 %,6,Cetilar® Arena,12508,-29900000.0,,,https://tmssl.akamaized.net//images/wappen/head/4172.png?lm=1693294828,,ac-pisa-1909,Pisa Sporting Club,2025-serie-a,2025,serie-a,Serie A,Italy,€5.33bn,first_tier,5330000000.0,72.4
club,/hellas-verona/startseite/verein/276,"{'type': 'competition', 'country_id': '75', 'country_name': 'Italy', 'country_code': 'IT1', 'total_clubs': '20', 'total_players': '535', 'average_age': '26.8', 'foreigner_percentage': '68.4 %', 'average_market_value': None, 'total_value': '€5.33bn', 'competition_type': 'first_tier', 'competition_name': 'Serie A', 'href': '/serie-a/startseite/wettbewerb/IT1', 'seasoned_href': 'https://www.transfermarkt.co.uk/serie-a/startseite/wettbewerb/IT1/plus/0?saison_id=2025'}",,30,26.0,26,86.7 %,9,Marcantonio Bentegodi,39211,7300000.0,,,https://tmssl.akamaized.net//images/wappen/head/276.png?lm=1617228746,,hellas-verona,Verona Hellas Football Club,2025-serie-a,2025,serie-a,Serie A,Italy,€5.33bn,first_tier,5330000000.0,86.7
club,/fc-turin/startseite/verein/416,"{'type': 'competition', 'country_id': '75', 'country_name': 'Italy', 'country_code': 'IT1', 'total_clubs': '20', 'total_players': '535', 'average_age': '26.8', 'foreigner_percentage': '68.4 %', 'average_market_value': None, 'total_value': '€5.33bn', 'competition_type': 'first_tier', 'competition_name': 'Serie A', 'href': '/serie-a/startseite/wettbewerb/IT1', 'seasoned_href': 'https://www.transfermarkt.co.uk/serie-a/startseite/wettbewerb/IT1/plus/0?saison_id=2025'}",,30,26.3,24,80.0 %,11,Olimpico Grande Torino,28177,21840000.0,,,https://tmssl.akamaized.net//images/wappen/head/416.png?lm=1438548174,,fc-turin,Torino Calcio,2025-serie-a,2025,serie-a,Serie A,Italy,€5.33bn,first_tier,5330000000.0,80.0
club,/us-lecce/startseite/verein/1005,"{'type': 'competition', 'country_id': '75', 'country_name': 'Italy', 'country_code': 'IT1', 'total_clubs': '20', 'total_players': '535', 'average_age': '26.8', 'foreigner_percentage': '68.4 %', 'average_market_value': None, 'total_value': '€5.33bn', 'competition_type': 'first_tier', 'competition_name': 'Serie A', 'href': '/serie-a/startseite/wettbewerb/IT1', 'seasoned_href': 'https://www.transfermarkt.co.uk/serie-a/startseite/wettbewerb/IT1/plus/0?saison_id=2025'}",,27,25.2,23,85.2 %,10,Ettore Giardiniero,31559,8620000.0,,,https://tmssl.akamaized.net//images/wappen/head/1005.png?lm=1689169528,,us-lecce,Unione Sportiva Lecce,2025-serie-a,2025,serie-a,Serie A,Italy,€5.33bn,first_tier,5330000000.0,85.2
club,/us-cremonese/startseite/verein/2239,"{'type': 'competition', 'country_id': '75', 'country_name': 'Italy', 'country_code': 'IT1', 'total_clubs': '20', 'total_players': '535', 'average_age': '26.8', 'foreigner_percentage': '68.4 %', 'average_market_value': None, 'total_value': '€5.33bn', 'competition_type': 'first_tier', 'competition_name': 'Serie A', 'href': '/serie-a/startseite/wettbewerb/IT1', 'seasoned_href': 'https://www.transfermarkt.co.uk/serie-a/startseite/wettbewerb/IT1/plus/0?saison_id=2025'}",,27,28.6,12,44.4 %,3,Giovanni Zini,16003,-17750000.0,,,https://tmssl.akamaized.net//images/wappen/head/2239.png?lm=1501770762,,us-cremonese,Unione Sportiva Cremonese S.p.A.,2025-serie-a,2025,serie-a,Serie A,Italy,€5.33bn,first_tier,5330000000.0,44.4
club,/borussia-monchengladbach/startseite/verein/18,"{'type': 'competition', 'country_id': '40', 'country_name': 'Germany', 'country_code': 'L1', 'total_clubs': '18', 'total_players': '515', 'average_age': '26.1', 'foreigner_percentage': '59.0 %', 'average_market_value': '\n', 'total_value': '€5.13bn', 'competition_type': 'first_tier', 'competition_name': 'Bundesliga', 'href': '/bundesliga/startseite/wettbewerb/L1', 'seasoned_href': 'https://www.transfermarkt.co.uk/bundesliga/startseite/wettbewerb/L1/plus/0?saison_id=2017'}",,28,26.1,15,53.6 %,9,Stadion im Borussia-Park,54042,10750000.0,Dieter Hecking,/dieter-hecking/profil/trainer/306,https://tmssl.akamaized.net//images/wappen/head/18.png?lm=1656585796,,borussia-monchengladbach,Borussia Mönchengladbach,2017-bundesliga,2017,bundesliga,Bundesliga,Germany,€5.13bn,first_tier,5130000000.0,53.6
club,/rasenballsport-leipzig/startseite/verein/23826,"{'type': 'competition', 'country_id': '40', 'country_name': 'Germany', 'country_code': 'L1', 'total_clubs': '18', 'total_players': '515', 'average_age': '26.1', 'foreigner_percentage': '59.0 %', 'average_market_value': '\n', 'total_value': '€5.13bn', 'competition_type': 'first_tier', 'competition_name': 'Bundesliga', 'href': '/bundesliga/startseite/wettbewerb/L1', 'seasoned_href': 'https://www.transfermarkt.co.uk/bundesliga/startseite/wettbewerb/L1/plus/0?saison_id=2017'}",,28,24.3,19,67.9 %,12,Red Bull Arena,47069,38050000.0,Ralph Hasenhüttl,/ralph-hasenhuttl/profil/trainer/2300,https://tmssl.akamaized.net//images/wappen/head/23826.png?lm=1619431624,,rasenballsport-leipzig,RB Leipzig,2017-bundesliga,2017,bundesliga,Bundesliga,Germany,€5.13bn,first_tier,5130000000.0,67.9
club,/tsg-1899-hoffenheim/startseite/verein/533,"{'type': 'competition', 'country_id': '40', 'country_name': 'Germany', 'country_code': 'L1', 'total_clubs': '18', 'total_players': '515', 'average_age': '26.1', 'foreigner_percentage': '59.0 %', 'average_market_value': '\n', 'total_value': '€5.13bn', 'competition_type': 'first_tier', 'competition_name': 'Bundesliga', 'href': '/bundesliga/startseite/wettbewerb/L1', 'seasoned_href': 'https://www.transfermarkt.co.uk/bundesliga/startseite/wettbewerb/L1/plus/0?saison_id=2017'}",,29,25.6,20,69.0 %,11,PreZero Arena,30150,1350000.0,Julian Nagelsmann,/julian-nagelsmann/profil/trainer/8402,https://tmssl.akamaized.net//images/wappen/head/533.png?lm=1675591766,,tsg-1899-hoffenheim,TSG 1899 Hoffenheim,2017-bundesliga,2017,bundesliga,Bundesliga,Germany,€5.13bn,first_tier,5130000000.0,69.0
club,/vfl-wolfsburg/startseite/verein/82,"{'type': 'competition', 'country_id': '40', 'country_name': 'Germany', 'country_code': 'L1', 'total_clubs': '18', 'total_players': '515', 'average_age': '26.1', 'foreigner_percentage': '59.0 %', 'average_market_value': '\n', 'total_value': '€5.13bn', 'competition_type': 'first_tier', 'competition_name': 'Bundesliga', 'href': '/bundesliga/startseite/wettbewerb/L1', 'seasoned_href': 'https://www.transfermarkt.co.uk/bundesliga/startseite/wettbewerb/L1/plus/0?saison_id=2017'}",,33,25.6,24,72.7 %,15,Volkswagen Arena,28917,-30980000.0,Andries Jonker,/andries-jonker/profil/trainer/1274,https://tmssl.akamaized.net//images/wappen/head/82.png?lm=1778348110,,vfl-wolfsburg,VfL Wolfsburg,2017-bundesliga,2017,bundesliga,Bundesliga,Germany,€5.13bn,first_tier,5130000000.0,72.7
club,/bayer-04-leverkusen/startseite/verein/15,"{'type': 'competition', 'country_id': '40', 'country_name': 'Germany', 'country_code': 'L1', 'total_clubs': '18', 'total_players': '515', 'average_age': '26.1', 'foreigner_percentage': '59.0 %', 'average_market_value': '\n', 'total_value': '€5.13bn', 'competition_type': 'first_tier', 'competition_name': 'Bundesliga', 'href': '/bundesliga/startseite/wettbewerb/L1', 'seasoned_href': 'https://www.transfermarkt.co.uk/bundesliga/startseite/wettbewerb/L1/plus/0?saison_id=2017'}",,27,26.7,21,77.8 %,12,BayArena,30210,31700000.0,Heiko Herrlich,/heiko-herrlich/profil/trainer/4044,https://tmssl.akamaized.net//images/wappen/head/15.png?lm=1710156317,,bayer-04-leverkusen,Bayer 04 Leverkusen,2017-bundesliga,2017,bundesliga,Bundesliga,Germany,€5.13bn,first_tier,5130000000.0,77.8
club,/fc-bayern-munchen/startseite/verein/27,"{'type': 'competition', 'country_id': '40', 'country_name': 'Germany', 'country_code': 'L1', 'total_clubs': '18', 'total_players': '515', 'average_age': '26.1', 'foreigner_percentage': '59.0 %', 'average_market_value': '\n', 'total_value': '€5.13bn', 'competition_type': 'first_tier', 'competition_name': 'Bundesliga', 'href': '/bundesliga/startseite/wettbewerb/L1', 'seasoned_href': 'https://www.transfermarkt.co.uk/bundesliga/startseite/wettbewerb/L1/plus/0?saison_id=2017'}",,25,27.1,13,52.0 %,20,Allianz Arena,75000,12900000.0,Carlo Ancelotti,/carlo-ancelotti/profil/trainer/523,https://tmssl.akamaized.net//images/wappen/head/27.png?lm=1729503608,,fc-bayern-munchen,Bayern Munich,2017-bundesliga,2017,bundesliga,Bundesliga,Germany,€5.13bn,first_tier,5130000000.0,52.0
club,/vfb-stuttgart/startseite/verein/79,"{'type': 'competition', 'country_id': '40', 'country_name': 'Germany', 'country_code': 'L1', 'total_clubs': '18', 'total_players': '515', 'average_age': '26.1', 'foreigner_percentage': '59.0 %', 'average_market_value': '\n', 'total_value': '€5.13bn', 'competition_type': 'first_tier', 'competition_name': 'Bundesliga', 'href': '/bundesliga/startseite/wettbewerb/L1', 'seasoned_href': 'https://www.transfermarkt.co.uk/bundesliga/startseite/wettbewerb/L1/plus/0?saison_id=2017'}",,30,25.0,14,46.7 %,14,MHPArena Stuttgart,60449,57050000.0,Hannes Wolf,/hannes-wolf/profil/trainer/16320,https://tmssl.akamaized.net//images/wappen/head/79.png?lm=1680587427,,vfb-stuttgart,VfB Stuttgart,2017-bundesliga,2017,bundesliga,Bundesliga,Germany,€5.13bn,first_tier,5130000000.0,46.7
club,/fc-schalke-04/startseite/verein/33,"{'type': 'competition', 'country_id': '40', 'country_name': 'Germany', 'country_code': 'L1', 'total_clubs': '18', 'total_players': '515', 'average_age': '26.1', 'foreigner_percentage': '59.0 %', 'average_market_value': '\n', 'total_value': '€5.13bn', 'competition_type': 'first_tier', 'competition_name': 'Bundesliga', 'href': '/bundesliga/startseite/wettbewerb/L1', 'seasoned_href': 'https://www.transfermarkt.co.uk/bundesliga/startseite/wettbewerb/L1/plus/0?saison_id=2017'}",,33,26.3,19,57.6 %,6,Veltins-Arena,62278,5350000.0,Domenico Tedesco,/domenico-tedesco/profil/trainer/30857,https://tmssl.akamaized.net//images/wappen/head/33.png?lm=1656580846,,fc-schalke-04,FC Schalke 04,2017-bundesliga,2017,bundesliga,Bundesliga,Germany,€5.13bn,first_tier,5130000000.0,57.6
club,/borussia-dortmund/startseite/verein/16,"{'type': 'competition', 'country_id': '40', 'country_name': 'Germany', 'country_code': 'L1', 'total_clubs': '18', 'total_players': '515', 'average_age': '26.1', 'foreigner_percentage': '59.0 %', 'average_market_value': '\n', 'total_value': '€5.13bn', 'competition_type': 'first_tier', 'competition_name': 'Bundesliga', 'href': '/bundesliga/startseite/wettbewerb/L1', 'seasoned_href': 'https://www.transfermarkt.co.uk/bundesliga/startseite/wettbewerb/L1/plus/0?saison_id=2017'}",,26,26.5,14,53.8 %,16,SIGNAL IDUNA PARK,81365,-23200000.0,Peter Bosz,/peter-bosz/profil/trainer/1269,https://tmssl.akamaized.net//images/wappen/head/16.png?lm=1396275280,,borussia-dortmund,Borussia Dortmund,2017-bundesliga,2017,bundesliga,Bundesliga,Germany,€5.13bn,first_tier,5130000000.0,53.8
club,/hertha-bsc/startseite/verein/44,"{'type': 'competition', 'country_id': '40', 'country_name': 'Germany', 'country_code': 'L1', 'total_clubs': '18', 'total_players': '515', 'average_age': '26.1', 'foreigner_percentage': '59.0 %', 'average_market_value': '\n', 'total_value': '€5.13bn', 'competition_type': 'first_tier', 'competition_name': 'Bundesliga', 'href': '/bundesliga/startseite/wettbewerb/L1', 'seasoned_href': 'https://www.transfermarkt.co.uk/bundesliga/startseite/wettbewerb/L1/plus/0?saison_id=2017'}",,30,26.1,8,26.7 %,1,Olympiastadion Berlin,74667,13550000.0,Pál Dárdai,/pal-dardai/profil/trainer/23118,https://tmssl.akamaized.net//images/wappen/head/44.png?lm=1656580875,,hertha-bsc,Hertha BSC,2017-bundesliga,2017,bundesliga,Bundesliga,Germany,€5.13bn,first_tier,5130000000.0,26.7
club,/eintracht-frankfurt/startseite/verein/24,"{'type': 'competition', 'country_id': '40', 'country_name': 'Germany', 'country_code': 'L1', 'total_clubs': '18', 'total_players': '515', 'average_age': '26.1', 'foreigner_percentage': '59.0 %', 'average_market_value': '\n', 'total_value': '€5.13bn', 'competition_type': 'first_tier', 'competition_name': 'Bundesliga', 'href': '/bundesliga/startseite/wettbewerb/L1', 'seasoned_href': 'https://www.transfermarkt.co.uk/bundesliga/startseite/wettbewerb/L1/plus/0?saison_id=2017'}",,29,25.7,19,65.5 %,14,Deutsche Bank Park,59500,53400000.0,Niko Kovac,/niko-kovac/profil/trainer/10463,https://tmssl.akamaized.net//images/wappen/head/24.png?lm=1700074979,,eintracht-frankfurt,Eintracht Frankfurt,2017-bundesliga,2017,bundesliga,Bundesliga,Germany,€5.13bn,first_tier,5130000000.0,65.5
club,/sv-werder-bremen/startseite/verein/86,"{'type': 'competition', 'country_id': '40', 'country_name': 'Germany', 'country_code': 'L1', 'total_clubs': '18', 'total_players': '515', 'average_age': '26.1', 'foreigner_percentage': '59.0 %', 'average_market_value': '\n', 'total_value': '€5.13bn', 'competition_type': 'first_tier', 'competition_name': 'Bundesliga', 'href': '/bundesliga/startseite/wettbewerb/L1', 'seasoned_href': 'https://www.transfermarkt.co.uk/bundesliga/startseite/wettbewerb/L1/plus/0?saison_id=2017'}",,30,25.5,18,60.0 %,9,Weserstadion,41800,-2150000.0,Alexander Nouri,/alexander-nouri/profil/trainer/21842,https://tmssl.akamaized.net//images/wappen/head/86.png?lm=1403082298,,sv-werder-bremen,SV Werder Bremen,2017-bundesliga,2017,bundesliga,Bundesliga,Germany,€5.13bn,first_tier,5130000000.0,60.0
club,/sc-freiburg/startseite/verein/60,"{'type': 'competition', 'country_id': '40', 'country_name': 'Germany', 'country_code': 'L1', 'total_clubs': '18', 'total_players': '515', 'average_age': '26.1', 'foreigner_percentage': '59.0 %', 'average_market_value': '\n', 'total_value': '€5.13bn', 'competition_type': 'first_tier', 'competition_name': 'Bundesliga', 'href': '/bundesliga/startseite/wettbewerb/L1', 'seasoned_href': 'https://www.transfermarkt.co.uk/bundesliga/startseite/wettbewerb/L1/plus/0?saison_id=2017'}",,25,28.2,9,36.0 %,5,Europa-Park Stadion,34700,-2650000.0,Christian Streich,/christian-streich/profil/trainer/2989,https://tmssl.akamaized.net//images/wappen/head/60.png?lm=1517249279,,sc-freiburg,SC Freiburg,2017-bundesliga,2017,bundesliga,Bundesliga,Germany,€5.13bn,first_tier,5130000000.0,36.0
club,/fc-augsburg/startseite/verein/167,"{'type': 'competition', 'country_id': '40', 'country_name': 'Germany', 'country_code': 'L1', 'total_clubs': '18', 'total_players': '515', 'average_age': '26.1', 'foreigner_percentage': '59.0 %', 'average_market_value': '\n', 'total_value': '€5.13bn', 'competition_type': 'first_tier', 'competition_name': 'Bundesliga', 'href': '/bundesliga/startseite/wettbewerb/L1', 'seasoned_href': 'https://www.transfermarkt.co.uk/bundesliga/startseite/wettbewerb/L1/plus/0?saison_id=2017'}",,29,25.7,19,65.5 %,8,WWK ARENA,30660,-8450000.0,Manuel Baum,/manuel-baum/profil/trainer/10070,https://tmssl.akamaized.net//images/wappen/head/167.png?lm=1656582897,,fc-augsburg,FC Augsburg,2017-bundesliga,2017,bundesliga,Bundesliga,Germany,€5.13bn,first_tier,5130000000.0,65.5
club,/1-fsv-mainz-05/startseite/verein/39,"{'type': 'competition', 'country_id': '40', 'country_name': 'Germany', 'country_code': 'L1', 'total_clubs': '18', 'total_players': '515', 'average_age': '26.1', 'foreigner_percentage': '59.0 %', 'average_market_value': '\n', 'total_value': '€5.13bn', 'competition_type': 'first_tier', 'competition_name': 'Bundesliga', 'href': '/bundesliga/startseite/wettbewerb/L1', 'seasoned_href': 'https://www.transfermarkt.co.uk/bundesliga/startseite/wettbewerb/L1/plus/0?saison_id=2017'}",,31,27.4,15,48.4 %,10,Mewa Arena,33305,5730000.0,Sandro Schwarz,/sandro-schwarz/profil/trainer/9570,https://tmssl.akamaized.net//images/wappen/head/39.png?lm=1564748880,,1-fsv-mainz-05,1.FSV Mainz 05,2017-bundesliga,2017,bundesliga,Bundesliga,Germany,€5.13bn,first_tier,5130000000.0,48.4
club,/1-fc-koln/startseite/verein/3,"{'type': 'competition', 'country_id': '40', 'country_name': 'Germany', 'country_code': 'L1', 'total_clubs': '18', 'total_players': '515', 'average_age': '26.1', 'foreigner_percentage': '59.0 %', 'average_market_value': '\n', 'total_value': '€5.13bn', 'competition_type': 'first_tier', 'competition_name': 'Bundesliga', 'href': '/bundesliga/startseite/wettbewerb/L1', 'seasoned_href': 'https://www.transfermarkt.co.uk/bundesliga/startseite/wettbewerb/L1/plus/0?saison_id=2017'}",,30,26.0,12,40.0 %,5,RheinEnergieSTADION,50000,-12130000.0,Peter Stöger,/peter-stoger/profil/trainer/1648,https://tmssl.akamaized.net//images/wappen/head/3.png?lm=1656580823,,1-fc-koln,1.FC Köln,2017-bundesliga,2017,bundesliga,Bundesliga,Germany,€5.13bn,first_tier,5130000000.0,40.0
club,/hannover-96/startseite/verein/42,"{'type': 'competition', 'country_id': '40', 'country_name': 'Germany', 'country_code': 'L1', 'total_clubs': '18', 'total_players': '515', 'average_age': '26.1', 'foreigner_percentage': '59.0 %', 'average_market_value': '\n', 'total_value': '€5.13bn', 'competition_type': 'first_tier', 'competition_name': 'Bundesliga', 'href': '/bundesliga/startseite/wettbewerb/L1', 'seasoned_href': 'https://www.transfermarkt.co.uk/bundesliga/startseite/wettbewerb/L1/plus/0?saison_id=2017'}",,30,25.0,16,53.3 %,8,Heinz-von-Heiden-Arena,49000,6680000.0,André Breitenreiter,/andre-breitenreiter/profil/trainer/17465,https://tmssl.akamaized.net//images/wappen/head/42.png?lm=1625590625,,hannover-96,Hannover 96,2017-bundesliga,2017,bundesliga,Bundesliga,Germany,€5.13bn,first_tier,5130000000.0,53.3
club,/hamburger-sv/startseite/verein/41,"{'type': 'competition', 'country_id': '40', 'country_name': 'Germany', 'country_code': 'L1', 'total_clubs': '18', 'total_players': '515', 'average_age': '26.1', 'foreigner_percentage': '59.0 %', 'average_market_value': '\n', 'total_value': '€5.13bn', 'competition_type': 'first_tier', 'competition_name': 'Bundesliga', 'href': '/bundesliga/startseite/wettbewerb/L1', 'seasoned_href': 'https://www.transfermarkt.co.uk/bundesliga/startseite/wettbewerb/L1/plus/0?saison_id=2017'}",,30,25.2,23,76.7 %,10,Volksparkstadion,57000,-8460000.0,Markus Gisdol,/markus-gisdol/profil/trainer/4849,https://tmssl.akamaized.net//images/wappen/head/41.png?lm=1597319274,,hamburger-sv,Hamburger SV,2017-bundesliga,2017,bundesliga,Bundesliga,Germany,€5.13bn,first_tier,5130000000.0,76.7
club,/kv-oostende/startseite/verein/2861,"{'type': 'competition', 'country_id': '19', 'country_name': 'Belgium', 'country_code': 'BE1', 'total_clubs': '16', 'total_players': '454', 'average_age': '24.7', 'foreigner_percentage': '62.6 %', 'average_market_value': None, 'total_value': '€1.13bn', 'competition_type': 'first_tier', 'competition_name': 'Jupiler Pro League', 'href': '/jupiler-pro-league/startseite/wettbewerb/BE1', 'seasoned_href': 'https://www.transfermarkt.co.uk/jupiler-pro-league/startseite/wettbewerb/BE1/plus/0?saison_id=2017'}",,0,0.0,,,0,Diaz Arena,8432,-0.0,Yves Vanderhaeghe,/yves-vanderhaeghe/profil/trainer/6744,https://tmssl.akamaized.net//images/wappen/head/2861.png?lm=1625231721,,kv-oostende,KV Oostende (-2024),2017-jupiler-pro-league,2017,jupiler-pro-league,Jupiler Pro League,Belgium,€1.13bn,first_tier,1130000000.0,0.0
club,/waasland-beveren/startseite/verein/28643,"{'type': 'competition', 'country_id': '19', 'country_name': 'Belgium', 'country_code': 'BE1', 'total_clubs': '16', 'total_players': '454', 'average_age': '24.7', 'foreigner_percentage': '62.6 %', 'average_market_value': None, 'total_value': '€1.13bn', 'competition_type': 'first_tier', 'competition_name': 'Jupiler Pro League', 'href': '/jupiler-pro-league/startseite/wettbewerb/BE1', 'seasoned_href': 'https://www.transfermarkt.co.uk/jupiler-pro-league/startseite/wettbewerb/BE1/plus/0?saison_id=2017'}",,25,25.8,12,48.0 %,2,Freethielstadion,8156,1440000.0,Philippe Clement,/philippe-clement/profil/trainer/26691,https://tmssl.akamaized.net//images/wappen/head/28643.png?lm=1656665372,,waasland-beveren,SK Beveren,2017-jupiler-pro-league,2017,jupiler-pro-league,Jupiler Pro League,Belgium,€1.13bn,first_tier,1130000000.0,48.0
club,/standard-luttich/startseite/verein/3057,"{'type': 'competition', 'country_id': '19', 'country_name': 'Belgium', 'country_code': 'BE1', 'total_clubs': '16', 'total_players': '454', 'average_age': '24.7', 'foreigner_percentage': '62.6 %', 'average_market_value': None, 'total_value': '€1.13bn', 'competition_type': 'first_tier', 'competition_name': 'Jupiler Pro League', 'href': '/jupiler-pro-league/startseite/wettbewerb/BE1', 'seasoned_href': 'https://www.transfermarkt.co.uk/jupiler-pro-league/startseite/wettbewerb/BE1/plus/0?saison_id=2017'}",,31,26.4,21,67.7 %,6,Maurice Dufrasne Stadion,27221,400000.0,Ricardo Sá Pinto,/ricardo-sa-pinto/profil/trainer/12110,https://tmssl.akamaized.net//images/wappen/head/3057.png?lm=1719832545,,standard-luttich,Standard Liège,2017-jupiler-pro-league,2017,jupiler-pro-league,Jupiler Pro League,Belgium,€1.13bn,first_tier,1130000000.0,67.7
club,/kaa-gent/startseite/verein/157,"{'type': 'competition', 'country_id': '19', 'country_name': 'Belgium', 'country_code': 'BE1', 'total_clubs': '16', 'total_players': '454', 'average_age': '24.7', 'foreigner_percentage': '62.6 %', 'average_market_value': None, 'total_value': '€1.13bn', 'competition_type': 'first_tier', 'competition_name': 'Jupiler Pro League', 'href': '/jupiler-pro-league/startseite/wettbewerb/BE1', 'seasoned_href': 'https://www.transfermarkt.co.uk/jupiler-pro-league/startseite/wettbewerb/BE1/plus/0?saison_id=2017'}",,30,24.2,18,60.0 %,6,Planet Group arena,20185,17850000.0,Hein Vanhaezebrouck,/hein-vanhaezebrouck/profil/trainer/14472,https://tmssl.akamaized.net//images/wappen/head/157.png?lm=1715694765,,kaa-gent,KAA Gent,2017-jupiler-pro-league,2017,jupiler-pro-league,Jupiler Pro League,Belgium,€1.13bn,first_tier,1130000000.0,60.0
club,/fc-brugge/startseite/verein/2282,"{'type': 'competition', 'country_id': '19', 'country_name': 'Belgium', 'country_code': 'BE1', 'total_clubs': '16', 'total_players': '454', 'average_age': '24.7', 'foreigner_percentage': '62.6 %', 'average_market_value': None, 'total_value': '€1.13bn', 'competition_type': 'first_tier', 'competition_name': 'Jupiler Pro League', 'href': '/jupiler-pro-league/startseite/wettbewerb/BE1', 'seasoned_href': 'https://www.transfermarkt.co.uk/jupiler-pro-league/startseite/wettbewerb/BE1/plus/0?saison_id=2017'}",,28,24.3,16,57.1 %,12,Jan Breydelstadion,29062,49000000.0,Dévy Rigaux,/devy-rigaux/profil/trainer/52056,https://tmssl.akamaized.net//images/wappen/head/2282.png?lm=1716279106,,fc-brugge,Club Brugge KV,2017-jupiler-pro-league,2017,jupiler-pro-league,Jupiler Pro League,Belgium,€1.13bn,first_tier,1130000000.0,57.1
club,/rsc-anderlecht/startseite/verein/58,"{'type': 'competition', 'country_id': '19', 'country_name': 'Belgium', 'country_code': 'BE1', 'total_clubs': '16', 'total_players': '454', 'average_age': '24.7', 'foreigner_percentage': '62.6 %', 'average_market_value': None, 'total_value': '€1.13bn', 'competition_type': 'first_tier', 'competition_name': 'Jupiler Pro League', 'href': '/jupiler-pro-league/startseite/wettbewerb/BE1', 'seasoned_href': 'https://www.transfermarkt.co.uk/jupiler-pro-league/startseite/wettbewerb/BE1/plus/0?saison_id=2017'}",,30,24.6,20,66.7 %,7,Lotto Park,21900,14190000.0,René Weiler,/rene-weiler/profil/trainer/5311,https://tmssl.akamaized.net//images/wappen/head/58.png?lm=1718695206,,rsc-anderlecht,RSC Anderlecht,2017-jupiler-pro-league,2017,jupiler-pro-league,Jupiler Pro League,Belgium,€1.13bn,first_tier,1130000000.0,66.7
club,/kv-mechelen/startseite/verein/354,"{'type': 'competition', 'country_id': '19', 'country_name': 'Belgium', 'country_code': 'BE1', 'total_clubs': '16', 'total_players': '454', 'average_age': '24.7', 'foreigner_percentage': '62.6 %', 'average_market_value': None, 'total_value': '€1.13bn', 'competition_type': 'first_tier', 'competition_name': 'Jupiler Pro League', 'href': '/jupiler-pro-league/startseite/wettbewerb/BE1', 'seasoned_href': 'https://www.transfermarkt.co.uk/jupiler-pro-league/startseite/wettbewerb/BE1/plus/0?saison_id=2017'}",,29,23.5,19,65.5 %,4,Achter de Kazerne,16672,5630000.0,Yannick Ferrera,/yannick-ferrera/profil/trainer/24916,https://tmssl.akamaized.net//images/wappen/head/354.png?lm=1693258903,,kv-mechelen,KV Mechelen,2017-jupiler-pro-league,2017,jupiler-pro-league,Jupiler Pro League,Belgium,€1.13bn,first_tier,1130000000.0,65.5
club,/sv-zulte-waregem/startseite/verein/3508,"{'type': 'competition', 'country_id': '19', 'country_name': 'Belgium', 'country_code': 'BE1', 'total_clubs': '16', 'total_players': '454', 'average_age': '24.7', 'foreigner_percentage': '62.6 %', 'average_market_value': None, 'total_value': '€1.13bn', 'competition_type': 'first_tier', 'competition_name': 'Jupiler Pro League', 'href': '/jupiler-pro-league/startseite/wettbewerb/BE1', 'seasoned_href': 'https://www.transfermarkt.co.uk/jupiler-pro-league/startseite/wettbewerb/BE1/plus/0?saison_id=2017'}",,31,24.4,17,54.8 %,1,Elindus Arena,12698,9670000.0,Francky Dury,/francky-dury/profil/trainer/1848,https://tmssl.akamaized.net//images/wappen/head/3508.png?lm=1420103130,,sv-zulte-waregem,Zulte Waregem,2017-jupiler-pro-league,2017,jupiler-pro-league,Jupiler Pro League,Belgium,€1.13bn,first_tier,1130000000.0,54.8
club,/rsc-charleroi/startseite/verein/172,"{'type': 'competition', 'country_id': '19', 'country_name': 'Belgium', 'country_code': 'BE1', 'total_clubs': '16', 'total_players': '454', 'average_age': '24.7', 'foreigner_percentage': '62.6 %', 'average_market_value': None, 'total_value': '€1.13bn', 'competition_type': 'first_tier', 'competition_name': 'Jupiler Pro League', 'href': '/jupiler-pro-league/startseite/wettbewerb/BE1', 'seasoned_href': 'https://www.transfermarkt.co.uk/jupiler-pro-league/startseite/wettbewerb/BE1/plus/0?saison_id=2017'}",,27,24.8,17,63.0 %,5,Stade du Pays de Charleroi,14968,12960000.0,Felice Mazzù,/felice-mazzu/profil/trainer/7843,https://tmssl.akamaized.net//images/wappen/head/172.png?lm=1448474590,,rsc-charleroi,Royal Charleroi SC,2017-jupiler-pro-league,2017,jupiler-pro-league,Jupiler Pro League,Belgium,€1.13bn,first_tier,1130000000.0,63.0
club,/ksc-lokeren/startseite/verein/498,"{'type': 'competition', 'country_id': '19', 'country_name': 'Belgium', 'country_code': 'BE1', 'total_clubs': '16', 'total_players': '454', 'average_age': '24.7', 'foreigner_percentage': '62.6 %', 'average_market_value': None, 'total_value': '€1.13bn', 'competition_type': 'first_tier', 'competition_name': 'Jupiler Pro League', 'href': '/jupiler-pro-league/startseite/wettbewerb/BE1', 'seasoned_href': 'https://www.transfermarkt.co.uk/jupiler-pro-league/startseite/wettbewerb/BE1/plus/0?saison_id=2017'}",,0,0.0,,,0,Daknamstadion,12000,-0.0,Rúnar Kristinsson,/runar-kristinsson/profil/trainer/9472,https://tmssl.akamaized.net//images/wappen/head/498.png?lm=1536867901,,ksc-lokeren,KSC Lokeren (-2020),2017-jupiler-pro-league,2017,jupiler-pro-league,Jupiler Pro League,Belgium,€1.13bn,first_tier,1130000000.0,0.0
club,/krc-genk/startseite/verein/1184,"{'type': 'competition', 'country_id': '19', 'country_name': 'Belgium', 'country_code': 'BE1', 'total_clubs': '16', 'total_players': '454', 'average_age': '24.7', 'foreigner_percentage': '62.6 %', 'average_market_value': None, 'total_value': '€1.13bn', 'competition_type': 'first_tier', 'competition_name': 'Jupiler Pro League', 'href': '/jupiler-pro-league/startseite/wettbewerb/BE1', 'seasoned_href': 'https://www.transfermarkt.co.uk/jupiler-pro-league/startseite/wettbewerb/BE1/plus/0?saison_id=2017'}",,27,23.8,14,51.9 %,9,Cegeka Arena,23718,41300000.0,Albert Stuivenberg,/albert-stuivenberg/profil/trainer/4084,https://tmssl.akamaized.net//images/wappen/head/1184.png?lm=1717666245,,krc-genk,KRC Genk,2017-jupiler-pro-league,2017,jupiler-pro-league,Jupiler Pro League,Belgium,€1.13bn,first_tier,1130000000.0,51.9
club,/royal-excel-mouscron/startseite/verein/29228,"{'type': 'competition', 'country_id': '19', 'country_name': 'Belgium', 'country_code': 'BE1', 'total_clubs': '16', 'total_players': '454', 'average_age': '24.7', 'foreigner_percentage': '62.6 %', 'average_market_value': None, 'total_value': '€1.13bn', 'competition_type': 'first_tier', 'competition_name': 'Jupiler Pro League', 'href': '/jupiler-pro-league/startseite/wettbewerb/BE1', 'seasoned_href': 'https://www.transfermarkt.co.uk/jupiler-pro-league/startseite/wettbewerb/BE1/plus/0?saison_id=2017'}",,0,0.0,,,0,Le Canonnier,10830,-0.0,Mircea Rednic,/mircea-rednic/profil/trainer/4796,https://tmssl.akamaized.net//images/wappen/head/29228.png?lm=1547241629,,royal-excel-mouscron,Royal Excel Mouscron (-2022),2017-jupiler-pro-league,2017,jupiler-pro-league,Jupiler Pro League,Belgium,€1.13bn,first_tier,1130000000.0,0.0
club,/kv-kortrijk/startseite/verein/601,"{'type': 'competition', 'country_id': '19', 'country_name': 'Belgium', 'country_code': 'BE1', 'total_clubs': '16', 'total_players': '454', 'average_age': '24.7', 'foreigner_percentage': '62.6 %', 'average_market_value': None, 'total_value': '€1.13bn', 'competition_type': 'first_tier', 'competition_name': 'Jupiler Pro League', 'href': '/jupiler-pro-league/startseite/wettbewerb/BE1', 'seasoned_href': 'https://www.transfermarkt.co.uk/jupiler-pro-league/startseite/wettbewerb/BE1/plus/0?saison_id=2017'}",,27,25.3,14,51.9 %,2,Guldensporenstadion,9399,4000000.0,Giannis Anastasiou,/giannis-anastasiou/profil/trainer/7073,https://tmssl.akamaized.net//images/wappen/head/601.png?lm=1534260191,,kv-kortrijk,KV Kortrijk,2017-jupiler-pro-league,2017,jupiler-pro-league,Jupiler Pro League,Belgium,€1.13bn,first_tier,1130000000.0,51.9
club,/royal-antwerpen-fc/startseite/verein/1096,"{'type': 'competition', 'country_id': '19', 'country_name': 'Belgium', 'country_code': 'BE1', 'total_clubs': '16', 'total_players': '454', 'average_age': '24.7', 'foreigner_percentage': '62.6 %', 'average_market_value': None, 'total_value': '€1.13bn', 'competition_type': 'first_tier', 'competition_name': 'Jupiler Pro League', 'href': '/jupiler-pro-league/startseite/wettbewerb/BE1', 'seasoned_href': 'https://www.transfermarkt.co.uk/jupiler-pro-league/startseite/wettbewerb/BE1/plus/0?saison_id=2017'}",,32,24.4,17,53.1 %,5,Bosuilstadion,21000,42750000.0,Ladislau Bölöni,/ladislau-boloni/profil/trainer/1227,https://tmssl.akamaized.net//images/wappen/head/1096.png?lm=1623758865,,royal-antwerpen-fc,Royal Antwerp FC,2017-jupiler-pro-league,2017,jupiler-pro-league,Jupiler Pro League,Belgium,€1.13bn,first_tier,1130000000.0,53.1
club,/vv-st-truiden/startseite/verein/475,"{'type': 'competition', 'country_id': '19', 'country_name': 'Belgium', 'country_code': 'BE1', 'total_clubs': '16', 'total_players': '454', 'average_age': '24.7', 'foreigner_percentage': '62.6 %', 'average_market_value': None, 'total_value': '€1.13bn', 'competition_type': 'first_tier', 'competition_name': 'Jupiler Pro League', 'href': '/jupiler-pro-league/startseite/wettbewerb/BE1', 'seasoned_href': 'https://www.transfermarkt.co.uk/jupiler-pro-league/startseite/wettbewerb/BE1/plus/0?saison_id=2017'}",,26,25.6,18,69.2 %,4,Daio Wasabi Stayen Stadium,11337,6200000.0,Tintín Márquez,/tintin-marquez/profil/trainer/5365,https://tmssl.akamaized.net//images/wappen/head/475.png?lm=1448474474,,vv-st-truiden,Sint-Truidense VV,2017-jupiler-pro-league,2017,jupiler-pro-league,Jupiler Pro League,Belgium,€1.13bn,first_tier,1130000000.0,69.2
club,/kas-eupen/startseite/verein/1245,"{'type': 'competition', 'country_id': '19', 'country_name': 'Belgium', 'country_code': 'BE1', 'total_clubs': '16', 'total_players': '454', 'average_age': '24.7', 'foreigner_percentage': '62.6 %', 'average_market_value': None, 'total_value': '€1.13bn', 'competition_type': 'first_tier', 'competition_name': 'Jupiler Pro League', 'href': '/jupiler-pro-league/startseite/wettbewerb/BE1', 'seasoned_href': 'https://www.transfermarkt.co.uk/jupiler-pro-league/startseite/wettbewerb/BE1/plus/0?saison_id=2017'}",,31,25.3,20,64.5 %,1,Kehrweg-Stadion,8363,-0.0,Jordi Condom,/jordi-condom/profil/trainer/24730,https://tmssl.akamaized.net//images/wappen/head/1245.png?lm=1464260524,,kas-eupen,KAS Eupen,2017-jupiler-pro-league,2017,jupiler-pro-league,Jupiler Pro League,Belgium,€1.13bn,first_tier,1130000000.0,64.5
club,/fc-valencia/startseite/verein/1049,"{'type': 'competition', 'country_id': '157', 'country_name': 'Spain', 'country_code': 'ES1', 'total_clubs': '20', 'total_players': '522', 'average_age': '27.5', 'foreigner_percentage': '43.7 %', 'average_market_value': None, 'total_value': '€5.44bn', 'competition_type': 'first_tier', 'competition_name': 'LaLiga', 'href': '/laliga/startseite/wettbewerb/ES1', 'seasoned_href': 'https://www.transfermarkt.co.uk/laliga/startseite/wettbewerb/ES1/plus/0?saison_id=2017'}",,27,28.3,14,51.9 %,4,Mestalla,49430,9630000.0,Marcelino,/marcelino/profil/trainer/5095,https://tmssl.akamaized.net//images/wappen/head/1049.png?lm=1406966320,,fc-valencia,Valencia CF,2017-laliga,2017,laliga,LaLiga,Spain,€5.44bn,first_tier,5440000000.0,51.9
club,/fc-sevilla/startseite/verein/368,"{'type': 'competition', 'country_id': '157', 'country_name': 'Spain', 'country_code': 'ES1', 'total_clubs': '20', 'total_players': '522', 'average_age': '27.5', 'foreigner_percentage': '43.7 %', 'average_market_value': None, 'total_value': '€5.44bn', 'competition_type': 'first_tier', 'competition_name': 'LaLiga', 'href': '/laliga/startseite/wettbewerb/ES1', 'seasoned_href': 'https://www.transfermarkt.co.uk/laliga/startseite/wettbewerb/ES1/plus/0?saison_id=2017'}",,28,28.1,17,60.7 %,8,Ramón Sánchez-Pizjuán,43883,54750000.0,Eduardo Berizzo,/eduardo-berizzo/profil/trainer/22079,https://tmssl.akamaized.net//images/wappen/head/368.png?lm=1730896593,,fc-sevilla,Sevilla FC,2017-laliga,2017,laliga,LaLiga,Spain,€5.44bn,first_tier,5440000000.0,60.7
club,/fc-villarreal/startseite/verein/1050,"{'type': 'competition', 'country_id': '157', 'country_name': 'Spain', 'country_code': 'ES1', 'total_clubs': '20', 'total_players': '522', 'average_age': '27.5', 'foreigner_percentage': '43.7 %', 'average_market_value': None, 'total_value': '€5.44bn', 'competition_type': 'first_tier', 'competition_name': 'LaLiga', 'href': '/laliga/startseite/wettbewerb/ES1', 'seasoned_href': 'https://www.transfermarkt.co.uk/laliga/startseite/wettbewerb/ES1/plus/0?saison_id=2017'}",,27,26.6,13,48.1 %,11,La Cerámica,23500,2500000.0,Fran Escribá,/fran-escriba/profil/trainer/2562,https://tmssl.akamaized.net//images/wappen/head/1050.png?lm=1408655310,,fc-villarreal,Villarreal CF,2017-laliga,2017,laliga,LaLiga,Spain,€5.44bn,first_tier,5440000000.0,48.1
club,/real-betis-sevilla/startseite/verein/150,"{'type': 'competition', 'country_id': '157', 'country_name': 'Spain', 'country_code': 'ES1', 'total_clubs': '20', 'total_players': '522', 'average_age': '27.5', 'foreigner_percentage': '43.7 %', 'average_market_value': None, 'total_value': '€5.44bn', 'competition_type': 'first_tier', 'competition_name': 'LaLiga', 'href': '/laliga/startseite/wettbewerb/ES1', 'seasoned_href': 'https://www.transfermarkt.co.uk/laliga/startseite/wettbewerb/ES1/plus/0?saison_id=2017'}",,27,29.3,13,48.1 %,9,La Cartuja,71374,-875000.0,Quique Setién,/quique-setien/profil/trainer/12440,https://tmssl.akamaized.net//images/wappen/head/150.png?lm=1663358526,,real-betis-sevilla,Real Betis Balompié,2017-laliga,2017,laliga,LaLiga,Spain,€5.44bn,first_tier,5440000000.0,48.1
club,/real-madrid/startseite/verein/418,"{'type': 'competition', 'country_id': '157', 'country_name': 'Spain', 'country_code': 'ES1', 'total_clubs': '20', 'total_players': '522', 'average_age': '27.5', 'foreigner_percentage': '43.7 %', 'average_market_value': None, 'total_value': '€5.44bn', 'competition_type': 'first_tier', 'competition_name': 'LaLiga', 'href': '/laliga/startseite/wettbewerb/ES1', 'seasoned_href': 'https://www.transfermarkt.co.uk/laliga/startseite/wettbewerb/ES1/plus/0?saison_id=2017'}",,29,25.8,17,58.6 %,17,Santiago Bernabéu,83186,-165500000.0,Zinédine Zidane,/zinedine-zidane/profil/trainer/21284,https://tmssl.akamaized.net//images/wappen/head/418.png?lm=1729684474,,real-madrid,Real Madrid,2017-laliga,2017,laliga,LaLiga,Spain,€5.44bn,first_tier,5440000000.0,58.6
club,/fc-barcelona/startseite/verein/131,"{'type': 'competition', 'country_id': '157', 'country_name': 'Spain', 'country_code': 'ES1', 'total_clubs': '20', 'total_players': '522', 'average_age': '27.5', 'foreigner_percentage': '43.7 %', 'average_market_value': None, 'total_value': '€5.44bn', 'competition_type': 'first_tier', 'competition_name': 'LaLiga', 'href': '/laliga/startseite/wettbewerb/ES1', 'seasoned_href': 'https://www.transfermarkt.co.uk/laliga/startseite/wettbewerb/ES1/plus/0?saison_id=2017'}",,25,25.6,11,44.0 %,19,Spotify Camp Nou,62657,3700000.0,Ernesto Valverde,/ernesto-valverde/profil/trainer/1559,https://tmssl.akamaized.net//images/wappen/head/131.png?lm=1406739548,,fc-barcelona,FC Barcelona,2017-laliga,2017,laliga,LaLiga,Spain,€5.44bn,first_tier,5440000000.0,44.0
club,/atletico-madrid/startseite/verein/13,"{'type': 'competition', 'country_id': '157', 'country_name': 'Spain', 'country_code': 'ES1', 'total_clubs': '20', 'total_players': '522', 'average_age': '27.5', 'foreigner_percentage': '43.7 %', 'average_market_value': None, 'total_value': '€5.44bn', 'competition_type': 'first_tier', 'competition_name': 'LaLiga', 'href': '/laliga/startseite/wettbewerb/ES1', 'seasoned_href': 'https://www.transfermarkt.co.uk/laliga/startseite/wettbewerb/ES1/plus/0?saison_id=2017'}",,23,27.8,16,69.6 %,18,Riyadh Air Metropolitano,70460,-85450000.0,Diego Simeone,/diego-simeone/profil/trainer/2868,https://tmssl.akamaized.net//images/wappen/head/13.png?lm=1719915566,,atletico-madrid,Atlético de Madrid,2017-laliga,2017,laliga,LaLiga,Spain,€5.44bn,first_tier,5440000000.0,69.6
club,/celta-vigo/startseite/verein/940,"{'type': 'competition', 'country_id': '157', 'country_name': 'Spain', 'country_code': 'ES1', 'total_clubs': '20', 'total_players': '522', 'average_age': '27.5', 'foreigner_percentage': '43.7 %', 'average_market_value': None, 'total_value': '€5.44bn', 'competition_type': 'first_tier', 'competition_name': 'LaLiga', 'href': '/laliga/startseite/wettbewerb/ES1', 'seasoned_href': 'https://www.transfermarkt.co.uk/laliga/startseite/wettbewerb/ES1/plus/0?saison_id=2017'}",,28,27.2,9,32.1 %,6,Abanca Balaídos,22803,41700000.0,Juan Carlos Unzué,/juan-carlos-unzue/profil/trainer/822,https://tmssl.akamaized.net//images/wappen/head/940.png?lm=1406966406,,celta-vigo,Celta de Vigo,2017-laliga,2017,laliga,LaLiga,Spain,€5.44bn,first_tier,5440000000.0,32.1
club,/espanyol-barcelona/startseite/verein/714,"{'type': 'competition', 'country_id': '157', 'country_name': 'Spain', 'country_code': 'ES1', 'total_clubs': '20', 'total_players': '522', 'average_age': '27.5', 'foreigner_percentage': '43.7 %', 'average_market_value': None, 'total_value': '€5.44bn', 'competition_type': 'first_tier', 'competition_name': 'LaLiga', 'href': '/laliga/startseite/wettbewerb/ES1', 'seasoned_href': 'https://www.transfermarkt.co.uk/laliga/startseite/wettbewerb/ES1/plus/0?saison_id=2017'}",,24,27.4,7,29.2 %,2,RCDE Stadium,37776,9800000.0,Quique Sánchez Flores,/quique-sanchez-flores/profil/trainer/1553,https://tmssl.akamaized.net//images/wappen/head/714.png?lm=1406966369,,espanyol-barcelona,RCD Espanyol Barcelona,2017-laliga,2017,laliga,LaLiga,Spain,€5.44bn,first_tier,5440000000.0,29.2
club,/athletic-bilbao/startseite/verein/621,"{'type': 'competition', 'country_id': '157', 'country_name': 'Spain', 'country_code': 'ES1', 'total_clubs': '20', 'total_players': '522', 'average_age': '27.5', 'foreigner_percentage': '43.7 %', 'average_market_value': None, 'total_value': '€5.44bn', 'competition_type': 'first_tier', 'competition_name': 'LaLiga', 'href': '/laliga/startseite/wettbewerb/ES1', 'seasoned_href': 'https://www.transfermarkt.co.uk/laliga/startseite/wettbewerb/ES1/plus/0?saison_id=2017'}",,28,27.3,3,10.7 %,6,San Mamés,53289,-17800000.0,Cuco Ziganda,/cuco-ziganda/profil/trainer/3270,https://tmssl.akamaized.net//images/wappen/head/621.png?lm=1695069038,,athletic-bilbao,Athletic Bilbao,2017-laliga,2017,laliga,LaLiga,Spain,€5.44bn,first_tier,5440000000.0,10.7
club,/fc-getafe/startseite/verein/3709,"{'type': 'competition', 'country_id': '157', 'country_name': 'Spain', 'country_code': 'ES1', 'total_clubs': '20', 'total_players': '522', 'average_age': '27.5', 'foreigner_percentage': '43.7 %', 'average_market_value': None, 'total_value': '€5.44bn', 'competition_type': 'first_tier', 'competition_name': 'LaLiga', 'href': '/laliga/startseite/wettbewerb/ES1', 'seasoned_href': 'https://www.transfermarkt.co.uk/laliga/startseite/wettbewerb/ES1/plus/0?saison_id=2017'}",,25,28.4,13,52.0 %,2,Coliseum,16800,10800000.0,José Bordalás,/jose-bordalas/profil/trainer/6440,https://tmssl.akamaized.net//images/wappen/head/3709.png?lm=1408655116,,fc-getafe,Getafe CF,2017-laliga,2017,laliga,LaLiga,Spain,€5.44bn,first_tier,5440000000.0,52.0
club,/real-sociedad-san-sebastian/startseite/verein/681,"{'type': 'competition', 'country_id': '157', 'country_name': 'Spain', 'country_code': 'ES1', 'total_clubs': '20', 'total_players': '522', 'average_age': '27.5', 'foreigner_percentage': '43.7 %', 'average_market_value': None, 'total_value': '€5.44bn', 'competition_type': 'first_tier', 'competition_name': 'LaLiga', 'href': '/laliga/startseite/wettbewerb/ES1', 'seasoned_href': 'https://www.transfermarkt.co.uk/laliga/startseite/wettbewerb/ES1/plus/0?saison_id=2017'}",,25,26.3,9,36.0 %,14,Anoeta,40000,63500000.0,Eusebio,/eusebio/profil/trainer/818,https://tmssl.akamaized.net//images/wappen/head/681.png?lm=1614795530,,real-sociedad-san-sebastian,Real Sociedad,2017-laliga,2017,laliga,LaLiga,Spain,€5.44bn,first_tier,5440000000.0,36.0
club,/sd-eibar/startseite/verein/1533,"{'type': 'competition', 'country_id': '157', 'country_name': 'Spain', 'country_code': 'ES1', 'total_clubs': '20', 'total_players': '522', 'average_age': '27.5', 'foreigner_percentage': '43.7 %', 'average_market_value': None, 'total_value': '€5.44bn', 'competition_type': 'first_tier', 'competition_name': 'LaLiga', 'href': '/laliga/startseite/wettbewerb/ES1', 'seasoned_href': 'https://www.transfermarkt.co.uk/laliga/startseite/wettbewerb/ES1/plus/0?saison_id=2017'}",,23,28.9,1,4.3 %,0,Ipurua,8164,800000.0,José Luis Mendilibar,/jose-luis-mendilibar/profil/trainer/2662,https://tmssl.akamaized.net//images/wappen/head/1533.png?lm=1722693682,,sd-eibar,SD Eibar,2017-laliga,2017,laliga,LaLiga,Spain,€5.44bn,first_tier,5440000000.0,4.3
club,/deportivo-alaves/startseite/verein/1108,"{'type': 'competition', 'country_id': '157', 'country_name': 'Spain', 'country_code': 'ES1', 'total_clubs': '20', 'total_players': '522', 'average_age': '27.5', 'foreigner_percentage': '43.7 %', 'average_market_value': None, 'total_value': '€5.44bn', 'competition_type': 'first_tier', 'competition_name': 'LaLiga', 'href': '/laliga/startseite/wettbewerb/ES1', 'seasoned_href': 'https://www.transfermarkt.co.uk/laliga/startseite/wettbewerb/ES1/plus/0?saison_id=2017'}",,24,28.2,10,41.7 %,3,Mendizorroza,19840,20880000.0,Luis Zubeldía,/luis-zubeldia/profil/trainer/6890,https://tmssl.akamaized.net//images/wappen/head/1108.png?lm=1596131395,,deportivo-alaves,Deportivo Alavés,2017-laliga,2017,laliga,LaLiga,Spain,€5.44bn,first_tier,5440000000.0,41.7
club,/ud-levante/startseite/verein/3368,"{'type': 'competition', 'country_id': '157', 'country_name': 'Spain', 'country_code': 'ES1', 'total_clubs': '20', 'total_players': '522', 'average_age': '27.5', 'foreigner_percentage': '43.7 %', 'average_market_value': None, 'total_value': '€5.44bn', 'competition_type': 'first_tier', 'competition_name': 'LaLiga', 'href': '/laliga/startseite/wettbewerb/ES1', 'seasoned_href': 'https://www.transfermarkt.co.uk/laliga/startseite/wettbewerb/ES1/plus/0?saison_id=2017'}",,27,25.9,8,29.6 %,4,Ciutat de València,26354,300000.0,Juan Muñiz,/juan-muniz/profil/trainer/5177,https://tmssl.akamaized.net//images/wappen/head/3368.png?lm=1408655062,,ud-levante,Levante UD,2017-laliga,2017,laliga,LaLiga,Spain,€5.44bn,first_tier,5440000000.0,29.6
club,/ud-las-palmas/startseite/verein/472,"{'type': 'competition', 'country_id': '157', 'country_name': 'Spain', 'country_code': 'ES1', 'total_clubs': '20', 'total_players': '522', 'average_age': '27.5', 'foreigner_percentage': '43.7 %', 'average_market_value': None, 'total_value': '€5.44bn', 'competition_type': 'first_tier', 'competition_name': 'LaLiga', 'href': '/laliga/startseite/wettbewerb/ES1', 'seasoned_href': 'https://www.transfermarkt.co.uk/laliga/startseite/wettbewerb/ES1/plus/0?saison_id=2017'}",,27,26.9,6,22.2 %,1,Estadio de Gran Canaria,32400,14060000.0,Manolo Márquez,/manolo-marquez/profil/trainer/23841,https://tmssl.akamaized.net//images/wappen/head/472.png?lm=1407484865,,ud-las-palmas,UD Las Palmas,2017-laliga,2017,laliga,LaLiga,Spain,€5.44bn,first_tier,5440000000.0,22.2
club,/cd-leganes/startseite/verein/1244,"{'type': 'competition', 'country_id': '157', 'country_name': 'Spain', 'country_code': 'ES1', 'total_clubs': '20', 'total_players': '522', 'average_age': '27.5', 'foreigner_percentage': '43.7 %', 'average_market_value': None, 'total_value': '€5.44bn', 'competition_type': 'first_tier', 'competition_name': 'LaLiga', 'href': '/laliga/startseite/wettbewerb/ES1', 'seasoned_href': 'https://www.transfermarkt.co.uk/laliga/startseite/wettbewerb/ES1/plus/0?saison_id=2017'}",,24,28.0,5,20.8 %,3,Ontime Butarque,14422,17050000.0,Asier Garitano,/asier-garitano/profil/trainer/7921,https://tmssl.akamaized.net//images/wappen/head/1244.png?lm=1764600019,,cd-leganes,CD Leganés,2017-laliga,2017,laliga,LaLiga,Spain,€5.44bn,first_tier,5440000000.0,20.8
club,/deportivo-la-coruna/startseite/verein/897,"{'type': 'competition', 'country_id': '157', 'country_name': 'Spain', 'country_code': 'ES1', 'total_clubs': '20', 'total_players': '522', 'average_age': '27.5', 'foreigner_percentage': '43.7 %', 'average_market_value': None, 'total_value': '€5.44bn', 'competition_type': 'first_tier', 'competition_name': 'LaLiga', 'href': '/laliga/startseite/wettbewerb/ES1', 'seasoned_href': 'https://www.transfermarkt.co.uk/laliga/startseite/wettbewerb/ES1/plus/0?saison_id=2017'}",,26,27.2,6,23.1 %,0,Abanca Riazor,32912,-1300000.0,Pepe Mel,/pepe-mel/profil/trainer/6722,https://tmssl.akamaized.net//images/wappen/head/897.png?lm=1764158791,,deportivo-la-coruna,Deportivo de La Coruña,2017-laliga,2017,laliga,LaLiga,Spain,€5.44bn,first_tier,5440000000.0,23.1
club,/fc-girona/startseite/verein/12321,"{'type': 'competition', 'country_id': '157', 'country_name': 'Spain', 'country_code': 'ES1', 'total_clubs': '20', 'total_players': '522', 'average_age': '27.5', 'foreigner_percentage': '43.7 %', 'average_market_value': None, 'total_value': '€5.44bn', 'competition_type': 'first_tier', 'competition_name': 'LaLiga', 'href': '/laliga/startseite/wettbewerb/ES1', 'seasoned_href': 'https://www.transfermarkt.co.uk/laliga/startseite/wettbewerb/ES1/plus/0?saison_id=2017'}",,27,28.8,14,51.9 %,5,Montilivi,14624,29150000.0,Pablo Machín,/pablo-machin/profil/trainer/6386,https://tmssl.akamaized.net//images/wappen/head/12321.png?lm=1730455718,,fc-girona,Girona FC,2017-laliga,2017,laliga,LaLiga,Spain,€5.44bn,first_tier,5440000000.0,51.9
club,/fc-malaga/startseite/verein/1084,"{'type': 'competition', 'country_id': '157', 'country_name': 'Spain', 'country_code': 'ES1', 'total_clubs': '20', 'total_players': '522', 'average_age': '27.5', 'foreigner_percentage': '43.7 %', 'average_market_value': None, 'total_value': '€5.44bn', 'competition_type': 'first_tier', 'competition_name': 'LaLiga', 'href': '/laliga/startseite/wettbewerb/ES1', 'seasoned_href': 'https://www.transfermarkt.co.uk/laliga/startseite/wettbewerb/ES1/plus/0?saison_id=2017'}",,29,26.3,3,10.3 %,0,La Rosaleda,30044,20000.0,Míchel,/michel/profil/trainer/9897,https://tmssl.akamaized.net//images/wappen/head/1084.png?lm=1749674822,,fc-malaga,Málaga CF,2017-laliga,2017,laliga,LaLiga,Spain,€5.44bn,first_tier,5440000000.0,10.3
club,/vitoria-setubal-fc/startseite/verein/1085,"{'type': 'competition', 'country_id': '136', 'country_name': 'Portugal', 'country_code': 'PO1', 'total_clubs': '18', 'total_players': '491', 'average_age': '25.7', 'foreigner_percentage': '70.1 %', 'average_market_value': None, 'total_value': '€2.03bn', 'competition_type': 'first_tier', 'competition_name': 'Liga Portugal', 'href': '/liga-portugal/startseite/wettbewerb/PO1', 'seasoned_href': 'https://www.transfermarkt.co.uk/liga-portugal/startseite/wettbewerb/PO1/plus/0?saison_id=2017'}",,15,27.5,1,6.7 %,0,Estádio do Bonfim,15497,-0.0,José Couceiro,/jose-couceiro/profil/trainer/1589,https://tmssl.akamaized.net//images/wappen/head/1085.png?lm=1547543194,,vitoria-setubal-fc,Vitória Setúbal FC,2017-liga-portugal,2017,liga-portugal,Liga Portugal,Portugal,€2.03bn,first_tier,2029999999.9999998,6.7
club,/portimonense-sc/startseite/verein/7378,"{'type': 'competition', 'country_id': '136', 'country_name': 'Portugal', 'country_code': 'PO1', 'total_clubs': '18', 'total_players': '491', 'average_age': '25.7', 'foreigner_percentage': '70.1 %', 'average_market_value': None, 'total_value': '€2.03bn', 'competition_type': 'first_tier', 'competition_name': 'Liga Portugal', 'href': '/liga-portugal/startseite/wettbewerb/PO1', 'seasoned_href': 'https://www.transfermarkt.co.uk/liga-portugal/startseite/wettbewerb/PO1/plus/0?saison_id=2017'}",,26,25.5,19,73.1 %,2,Estádio Municipal de Portimão,4961,2730000.0,Vítor Oliveira,/vitor-oliveira/profil/trainer/1593,https://tmssl.akamaized.net//images/wappen/head/7378.png?lm=1665922885,,portimonense-sc,Portimonense SAD,2017-liga-portugal,2017,liga-portugal,Liga Portugal,Portugal,€2.03bn,first_tier,2029999999.9999998,73.1
club,/rio-ave-fc/startseite/verein/2425,"{'type': 'competition', 'country_id': '136', 'country_name': 'Portugal', 'country_code': 'PO1', 'total_clubs': '18', 'total_players': '491', 'average_age': '25.7', 'foreigner_percentage': '70.1 %', 'average_market_value': None, 'total_value': '€2.03bn', 'competition_type': 'first_tier', 'competition_name': 'Liga Portugal', 'href': '/liga-portugal/startseite/wettbewerb/PO1', 'seasoned_href': 'https://www.transfermarkt.co.uk/liga-portugal/startseite/wettbewerb/PO1/plus/0?saison_id=2017'}",,28,24.9,25,89.3 %,4,Estádio do Rio Ave FC,5300,-1400000.0,Miguel Cardoso,/miguel-cardoso/profil/trainer/11664,https://tmssl.akamaized.net//images/wappen/head/2425.png?lm=1516613968,,rio-ave-fc,Rio Ave FC,2017-liga-portugal,2017,liga-portugal,Liga Portugal,Portugal,€2.03bn,first_tier,2029999999.9999998,89.3
club,/fc-porto/startseite/verein/720,"{'type': 'competition', 'country_id': '136', 'country_name': 'Portugal', 'country_code': 'PO1', 'total_clubs': '18', 'total_players': '491', 'average_age': '25.7', 'foreigner_percentage': '70.1 %', 'average_market_value': None, 'total_value': '€2.03bn', 'competition_type': 'first_tier', 'competition_name': 'Liga Portugal', 'href': '/liga-portugal/startseite/wettbewerb/PO1', 'seasoned_href': 'https://www.transfermarkt.co.uk/liga-portugal/startseite/wettbewerb/PO1/plus/0?saison_id=2017'}",,27,26.5,20,74.1 %,12,Estádio do Dragão,50033,-24490000.0,Sérgio Conceição,/sergio-conceicao/profil/trainer/22532,https://tmssl.akamaized.net//images/wappen/head/720.png?lm=1486310161,,fc-porto,FC Porto,2017-liga-portugal,2017,liga-portugal,Liga Portugal,Portugal,€2.03bn,first_tier,2029999999.9999998,74.1
club,/vitoria-guimaraes-sc/startseite/verein/2420,"{'type': 'competition', 'country_id': '136', 'country_name': 'Portugal', 'country_code': 'PO1', 'total_clubs': '18', 'total_players': '491', 'average_age': '25.7', 'foreigner_percentage': '70.1 %', 'average_market_value': None, 'total_value': '€2.03bn', 'competition_type': 'first_tier', 'competition_name': 'Liga Portugal', 'href': '/liga-portugal/startseite/wettbewerb/PO1', 'seasoned_href': 'https://www.transfermarkt.co.uk/liga-portugal/startseite/wettbewerb/PO1/plus/0?saison_id=2017'}",,26,24.8,14,53.8 %,3,Estádio D. Afonso Henriques,30029,4750000.0,Pedro Martins,/pedro-martins/profil/trainer/16027,https://tmssl.akamaized.net//images/wappen/head/2420.png?lm=1432894021,,vitoria-guimaraes-sc,Vitória Guimarães SC,2017-liga-portugal,2017,liga-portugal,Liga Portugal,Portugal,€2.03bn,first_tier,2029999999.9999998,53.8
club,/benfica-lissabon/startseite/verein/294,"{'type': 'competition', 'country_id': '136', 'country_name': 'Portugal', 'country_code': 'PO1', 'total_clubs': '18', 'total_players': '491', 'average_age': '25.7', 'foreigner_percentage': '70.1 %', 'average_market_value': None, 'total_value': '€2.03bn', 'competition_type': 'first_tier', 'competition_name': 'Liga Portugal', 'href': '/liga-portugal/startseite/wettbewerb/PO1', 'seasoned_href': 'https://www.transfermarkt.co.uk/liga-portugal/startseite/wettbewerb/PO1/plus/0?saison_id=2017'}",,28,24.9,16,57.1 %,17,Estádio da Luz,68100,-15200000.0,Rui Vitória,/rui-vitoria/profil/trainer/5638,https://tmssl.akamaized.net//images/wappen/head/294.png?lm=1535908439,,benfica-lissabon,SL Benfica,2017-liga-portugal,2017,liga-portugal,Liga Portugal,Portugal,€2.03bn,first_tier,2029999999.9999998,57.1
club,/sporting-lissabon/startseite/verein/336,"{'type': 'competition', 'country_id': '136', 'country_name': 'Portugal', 'country_code': 'PO1', 'total_clubs': '18', 'total_players': '491', 'average_age': '25.7', 'foreigner_percentage': '70.1 %', 'average_market_value': None, 'total_value': '€2.03bn', 'competition_type': 'first_tier', 'competition_name': 'Liga Portugal', 'href': '/liga-portugal/startseite/wettbewerb/PO1', 'seasoned_href': 'https://www.transfermarkt.co.uk/liga-portugal/startseite/wettbewerb/PO1/plus/0?saison_id=2017'}",,26,25.2,13,50.0 %,13,Estádio José Alvalade,52095,43500000.0,Jorge Jesus,/jorge-jesus/profil/trainer/2145,https://tmssl.akamaized.net//images/wappen/head/336.png?lm=1621513752,,sporting-lissabon,Sporting CP,2017-liga-portugal,2017,liga-portugal,Liga Portugal,Portugal,€2.03bn,first_tier,2029999999.9999998,50.0
club,/gd-chaves/startseite/verein/3325,"{'type': 'competition', 'country_id': '136', 'country_name': 'Portugal', 'country_code': 'PO1', 'total_clubs': '18', 'total_players': '491', 'average_age': '25.7', 'foreigner_percentage': '70.1 %', 'average_market_value': None, 'total_value': '€2.03bn', 'competition_type': 'first_tier', 'competition_name': 'Liga Portugal', 'href': '/liga-portugal/startseite/wettbewerb/PO1', 'seasoned_href': 'https://www.transfermarkt.co.uk/liga-portugal/startseite/wettbewerb/PO1/plus/0?saison_id=2017'}",,26,27.9,13,50.0 %,3,Estádio Municipal Eng.º Manuel Branco Teixeira,8400,-50000.0,Luís Castro,/luis-castro/profil/trainer/2063,https://tmssl.akamaized.net//images/wappen/head/3325.png?lm=1416392512,,gd-chaves,GD Chaves,2017-liga-portugal,2017,liga-portugal,Liga Portugal,Portugal,€2.03bn,first_tier,2029999999.9999998,50.0
club,/cd-tondela/startseite/verein/7179,"{'type': 'competition', 'country_id': '136', 'country_name': 'Portugal', 'country_code': 'PO1', 'total_clubs': '18', 'total_players': '491', 'average_age': '25.7', 'foreigner_percentage': '70.1 %', 'average_market_value': None, 'total_value': '€2.03bn', 'competition_type': 'first_tier', 'competition_name': 'Liga Portugal', 'href': '/liga-portugal/startseite/wettbewerb/PO1', 'seasoned_href': 'https://www.transfermarkt.co.uk/liga-portugal/startseite/wettbewerb/PO1/plus/0?saison_id=2017'}",,26,27.0,19,73.1 %,3,Estádio João Cardoso,5000,-1250000.0,Pepa,/pepa/profil/trainer/17520,https://tmssl.akamaized.net//images/wappen/head/7179.png?lm=1506427804,,cd-tondela,CD Tondela,2017-liga-portugal,2017,liga-portugal,Liga Portugal,Portugal,€2.03bn,first_tier,2029999999.9999998,73.1
club,/cd-feirense/startseite/verein/3349,"{'type': 'competition', 'country_id': '136', 'country_name': 'Portugal', 'country_code': 'PO1', 'total_clubs': '18', 'total_players': '491', 'average_age': '25.7', 'foreigner_percentage': '70.1 %', 'average_market_value': None, 'total_value': '€2.03bn', 'competition_type': 'first_tier', 'competition_name': 'Liga Portugal', 'href': '/liga-portugal/startseite/wettbewerb/PO1', 'seasoned_href': 'https://www.transfermarkt.co.uk/liga-portugal/startseite/wettbewerb/PO1/plus/0?saison_id=2017'}",,24,26.0,17,70.8 %,0,Estádio Marcolino de Castro,5401,-0.0,Nuno Manta Santos,/nuno-manta-santos/profil/trainer/50859,https://tmssl.akamaized.net//images/wappen/head/3349.png?lm=1469968627,,cd-feirense,CD Feirense,2017-liga-portugal,2017,liga-portugal,Liga Portugal,Portugal,€2.03bn,first_tier,2029999999.9999998,70.8
club,/moreirense-fc/startseite/verein/979,"{'type': 'competition', 'country_id': '136', 'country_name': 'Portugal', 'country_code': 'PO1', 'total_clubs': '18', 'total_players': '491', 'average_age': '25.7', 'foreigner_percentage': '70.1 %', 'average_market_value': None, 'total_value': '€2.03bn', 'competition_type': 'first_tier', 'competition_name': 'Liga Portugal', 'href': '/liga-portugal/startseite/wettbewerb/PO1', 'seasoned_href': 'https://www.transfermarkt.co.uk/liga-portugal/startseite/wettbewerb/PO1/plus/0?saison_id=2017'}",,26,24.7,15,57.7 %,1,Estádio C. J. de Almeida Freitas,6150,2500000.0,Manuel Machado,/manuel-machado/profil/trainer/1590,https://tmssl.akamaized.net//images/wappen/head/979.png?lm=1552324606,,moreirense-fc,Moreirense FC,2017-liga-portugal,2017,liga-portugal,Liga Portugal,Portugal,€2.03bn,first_tier,2029999999.9999998,57.7
club,/desportivo-aves/startseite/verein/3336,"{'type': 'competition', 'country_id': '136', 'country_name': 'Portugal', 'country_code': 'PO1', 'total_clubs': '18', 'total_players': '491', 'average_age': '25.7', 'foreigner_percentage': '70.1 %', 'average_market_value': None, 'total_value': '€2.03bn', 'competition_type': 'first_tier', 'competition_name': 'Liga Portugal', 'href': '/liga-portugal/startseite/wettbewerb/PO1', 'seasoned_href': 'https://www.transfermarkt.co.uk/liga-portugal/startseite/wettbewerb/PO1/plus/0?saison_id=2017'}",,0,0.0,,,0,Estádio do Clube Desportivo das Aves,6230,-0.0,Ricardo Soares,/ricardo-soares/profil/trainer/46997,https://tmssl.akamaized.net//images/wappen/head/3336.png?lm=1534502701,,desportivo-aves,Desportivo Aves (- 2020),2017-liga-portugal,2017,liga-portugal,Liga Portugal,Portugal,€2.03bn,first_tier,2029999999.9999998,0.0
club,/cs-maritimo/startseite/verein/1301,"{'type': 'competition', 'country_id': '136', 'country_name': 'Portugal', 'country_code': 'PO1', 'total_clubs': '18', 'total_players': '491', 'average_age': '25.7', 'foreigner_percentage': '70.1 %', 'average_market_value': None, 'total_value': '€2.03bn', 'competition_type': 'first_tier', 'competition_name': 'Liga Portugal', 'href': '/liga-portugal/startseite/wettbewerb/PO1', 'seasoned_href': 'https://www.transfermarkt.co.uk/liga-portugal/startseite/wettbewerb/PO1/plus/0?saison_id=2017'}",,26,26.3,13,50.0 %,1,Estádio do Marítimo,10600,900000.0,Daniel Ramos,/daniel-ramos/profil/trainer/7561,https://tmssl.akamaized.net//images/wappen/head/1301.png?lm=1656600130,,cs-maritimo,CS Marítimo,2017-liga-portugal,2017,liga-portugal,Liga Portugal,Portugal,€2.03bn,first_tier,2029999999.9999998,50.0
club,/fc-pacos-de-ferreira/startseite/verein/2995,"{'type': 'competition', 'country_id': '136', 'country_name': 'Portugal', 'country_code': 'PO1', 'total_clubs': '18', 'total_players': '491', 'average_age': '25.7', 'foreigner_percentage': '70.1 %', 'average_market_value': None, 'total_value': '€2.03bn', 'competition_type': 'first_tier', 'competition_name': 'Liga Portugal', 'href': '/liga-portugal/startseite/wettbewerb/PO1', 'seasoned_href': 'https://www.transfermarkt.co.uk/liga-portugal/startseite/wettbewerb/PO1/plus/0?saison_id=2017'}",,27,25.0,9,33.3 %,2,Estádio Capital do Móvel,9076,250000.0,Vasco Seabra,/vasco-seabra/profil/trainer/50474,https://tmssl.akamaized.net//images/wappen/head/2995.png?lm=1578477741,,fc-pacos-de-ferreira,FC Paços de Ferreira,2017-liga-portugal,2017,liga-portugal,Liga Portugal,Portugal,€2.03bn,first_tier,2029999999.9999998,33.3
club,/gd-estoril-praia/startseite/verein/1465,"{'type': 'competition', 'country_id': '136', 'country_name': 'Portugal', 'country_code': 'PO1', 'total_clubs': '18', 'total_players': '491', 'average_age': '25.7', 'foreigner_percentage': '70.1 %', 'average_market_value': None, 'total_value': '€2.03bn', 'competition_type': 'first_tier', 'competition_name': 'Liga Portugal', 'href': '/liga-portugal/startseite/wettbewerb/PO1', 'seasoned_href': 'https://www.transfermarkt.co.uk/liga-portugal/startseite/wettbewerb/PO1/plus/0?saison_id=2017'}",,24,26.4,14,58.3 %,6,Estádio António Coimbra da Mota,5094,2300000.0,Pedro Emanuel,/pedro-emanuel/profil/trainer/14217,https://tmssl.akamaized.net//images/wappen/head/1465.png?lm=1534340702,,gd-estoril-praia,GD Estoril Praia,2017-liga-portugal,2017,liga-portugal,Liga Portugal,Portugal,€2.03bn,first_tier,2029999999.9999998,58.3
club,/boavista-porto-fc/startseite/verein/2503,"{'type': 'competition', 'country_id': '136', 'country_name': 'Portugal', 'country_code': 'PO1', 'total_clubs': '18', 'total_players': '491', 'average_age': '25.7', 'foreigner_percentage': '70.1 %', 'average_market_value': None, 'total_value': '€2.03bn', 'competition_type': 'first_tier', 'competition_name': 'Liga Portugal', 'href': '/liga-portugal/startseite/wettbewerb/PO1', 'seasoned_href': 'https://www.transfermarkt.co.uk/liga-portugal/startseite/wettbewerb/PO1/plus/0?saison_id=2017'}",,3,20.4,0,%,0,Estádio do Bessa Século XXI,28263,100000.0,Miguel Leal,/miguel-leal/profil/trainer/27688,https://tmssl.akamaized.net//images/wappen/head/2503.png?lm=1480959207,,boavista-porto-fc,Boavista FC,2017-liga-portugal,2017,liga-portugal,Liga Portugal,Portugal,€2.03bn,first_tier,2029999999.9999998,0.0
club,/sc-braga/startseite/verein/1075,"{'type': 'competition', 'country_id': '136', 'country_name': 'Portugal', 'country_code': 'PO1', 'total_clubs': '18', 'total_players': '491', 'average_age': '25.7', 'foreigner_percentage': '70.1 %', 'average_market_value': None, 'total_value': '€2.03bn', 'competition_type': 'first_tier', 'competition_name': 'Liga Portugal', 'href': '/liga-portugal/startseite/wettbewerb/PO1', 'seasoned_href': 'https://www.transfermarkt.co.uk/liga-portugal/startseite/wettbewerb/PO1/plus/0?saison_id=2017'}",,29,25.4,18,62.1 %,9,Estádio Municipal de Braga,30286,15240000.0,Abel Ferreira,/abel-ferreira/profil/trainer/23009,https://tmssl.akamaized.net//images/wappen/head/1075.png?lm=1432893871,,sc-braga,SC Braga,2017-liga-portugal,2017,liga-portugal,Liga Portugal,Portugal,€2.03bn,first_tier,2029999999.9999998,62.1
club,/cf-os-belenenses/startseite/verein/68608,"{'type': 'competition', 'country_id': '136', 'country_name': 'Portugal', 'country_code': 'PO1', 'total_clubs': '18', 'total_players': '491', 'average_age': '25.7', 'foreigner_percentage': '70.1 %', 'average_market_value': None, 'total_value': '€2.03bn', 'competition_type': 'first_tier', 'competition_name': 'Liga Portugal', 'href': '/liga-portugal/startseite/wettbewerb/PO1', 'seasoned_href': 'https://www.transfermarkt.co.uk/liga-portugal/startseite/wettbewerb/PO1/plus/0?saison_id=2017'}",,29,26.3,8,27.6 %,1,Estádio do Restelo,19856,-0.0,Domingos Paciência,/domingos-paciencia/profil/trainer/3259,https://tmssl.akamaized.net//images/wappen/head/68608.png?lm=1549897757,,cf-os-belenenses,CF Os Belenenses,2017-liga-portugal,2017,liga-portugal,Liga Portugal,Portugal,€2.03bn,first_tier,2029999999.9999998,27.6
club,/fc-paris-saint-germain/startseite/verein/583,"{'type': 'competition', 'country_id': '50', 'country_name': 'France', 'country_code': 'FR1', 'total_clubs': '18', 'total_players': '481', 'average_age': '25.8', 'foreigner_percentage': '63.2 %', 'average_market_value': None, 'total_value': '€4.70bn', 'competition_type': 'first_tier', 'competition_name': 'Ligue 1', 'href': '/ligue-1/startseite/wettbewerb/FR1', 'seasoned_href': 'https://www.transfermarkt.co.uk/ligue-1/startseite/wettbewerb/FR1/plus/0?saison_id=2017'}",,24,24.2,16,66.7 %,20,Parc des Princes,48583,-47200000.0,Unai Emery,/unai-emery/profil/trainer/5075,https://tmssl.akamaized.net//images/wappen/head/583.png?lm=1728026461,,fc-paris-saint-germain,Paris Saint-Germain,2017-ligue-1,2017,ligue-1,Ligue 1,France,€4.70bn,first_tier,4700000000.0,66.7
club,/fc-girondins-bordeaux/startseite/verein/40,"{'type': 'competition', 'country_id': '50', 'country_name': 'France', 'country_code': 'FR1', 'total_clubs': '18', 'total_players': '481', 'average_age': '25.8', 'foreigner_percentage': '63.2 %', 'average_market_value': None, 'total_value': '€4.70bn', 'competition_type': 'first_tier', 'competition_name': 'Ligue 1', 'href': '/ligue-1/startseite/wettbewerb/FR1', 'seasoned_href': 'https://www.transfermarkt.co.uk/ligue-1/startseite/wettbewerb/FR1/plus/0?saison_id=2017'}",,22,27.2,8,36.4 %,1,Stade Atlantique Bordeaux Métropole,42115,-0.0,Jocelyn Gourvennec,/jocelyn-gourvennec/profil/trainer/14011,https://tmssl.akamaized.net//images/wappen/head/40.png?lm=1627322046,,fc-girondins-bordeaux,FC Girondins Bordeaux,2017-ligue-1,2017,ligue-1,Ligue 1,France,€4.70bn,first_tier,4700000000.0,36.4
club,/as-monaco/startseite/verein/162,"{'type': 'competition', 'country_id': '50', 'country_name': 'France', 'country_code': 'FR1', 'total_clubs': '18', 'total_players': '481', 'average_age': '25.8', 'foreigner_percentage': '63.2 %', 'average_market_value': None, 'total_value': '€4.70bn', 'competition_type': 'first_tier', 'competition_name': 'Ligue 1', 'href': '/ligue-1/startseite/wettbewerb/FR1', 'seasoned_href': 'https://www.transfermarkt.co.uk/ligue-1/startseite/wettbewerb/FR1/plus/0?saison_id=2017'}",,28,26.0,28,100.0 %,12,Stade Louis-II,18525,135570000.0,Leonardo Jardim,/leonardo-jardim/profil/trainer/10682,https://tmssl.akamaized.net//images/wappen/head/162.png?lm=1654781919,,as-monaco,AS Monaco,2017-ligue-1,2017,ligue-1,Ligue 1,France,€4.70bn,first_tier,4700000000.0,100.0
club,/fc-stade-rennes/startseite/verein/273,"{'type': 'competition', 'country_id': '50', 'country_name': 'France', 'country_code': 'FR1', 'total_clubs': '18', 'total_players': '481', 'average_age': '25.8', 'foreigner_percentage': '63.2 %', 'average_market_value': None, 'total_value': '€4.70bn', 'competition_type': 'first_tier', 'competition_name': 'Ligue 1', 'href': '/ligue-1/startseite/wettbewerb/FR1', 'seasoned_href': 'https://www.transfermarkt.co.uk/ligue-1/startseite/wettbewerb/FR1/plus/0?saison_id=2017'}",,23,25.6,10,43.5 %,11,Roazhon Park,29778,50150000.0,Christian Gourcuff,/christian-gourcuff/profil/trainer/1539,https://tmssl.akamaized.net//images/wappen/head/273.png?lm=1691503972,,fc-stade-rennes,Stade Rennais FC,2017-ligue-1,2017,ligue-1,Ligue 1,France,€4.70bn,first_tier,4700000000.0,43.5
club,/ogc-nizza/startseite/verein/417,"{'type': 'competition', 'country_id': '50', 'country_name': 'France', 'country_code': 'FR1', 'total_clubs': '18', 'total_players': '481', 'average_age': '25.8', 'foreigner_percentage': '63.2 %', 'average_market_value': None, 'total_value': '€4.70bn', 'competition_type': 'first_tier', 'competition_name': 'Ligue 1', 'href': '/ligue-1/startseite/wettbewerb/FR1', 'seasoned_href': 'https://www.transfermarkt.co.uk/ligue-1/startseite/wettbewerb/FR1/plus/0?saison_id=2017'}",,29,25.9,19,65.5 %,13,Allianz Riviera,36178,72820000.0,Lucien Favre,/lucien-favre/profil/trainer/535,https://tmssl.akamaized.net//images/wappen/head/417.png?lm=1408779490,,ogc-nizza,OGC Nice,2017-ligue-1,2017,ligue-1,Ligue 1,France,€4.70bn,first_tier,4700000000.0,65.5
club,/olympique-marseille/startseite/verein/244,"{'type': 'competition', 'country_id': '50', 'country_name': 'France', 'country_code': 'FR1', 'total_clubs': '18', 'total_players': '481', 'average_age': '25.8', 'foreigner_percentage': '63.2 %', 'average_market_value': None, 'total_value': '€4.70bn', 'competition_type': 'first_tier', 'competition_name': 'Ligue 1', 'href': '/ligue-1/startseite/wettbewerb/FR1', 'seasoned_href': 'https://www.transfermarkt.co.uk/ligue-1/startseite/wettbewerb/FR1/plus/0?saison_id=2017'}",,25,27.0,24,96.0 %,14,Orange Vélodrome,67394,20350000.0,Rudi Garcia,/rudi-garcia/profil/trainer/1537,https://tmssl.akamaized.net//images/wappen/head/244.png?lm=1775675175,,olympique-marseille,Olympique Marseille,2017-ligue-1,2017,ligue-1,Ligue 1,France,€4.70bn,first_tier,4700000000.0,96.0
club,/fc-nantes/startseite/verein/995,"{'type': 'competition', 'country_id': '50', 'country_name': 'France', 'country_code': 'FR1', 'total_clubs': '18', 'total_players': '481', 'average_age': '25.8', 'foreigner_percentage': '63.2 %', 'average_market_value': None, 'total_value': '€4.70bn', 'competition_type': 'first_tier', 'competition_name': 'Ligue 1', 'href': '/ligue-1/startseite/wettbewerb/FR1', 'seasoned_href': 'https://www.transfermarkt.co.uk/ligue-1/startseite/wettbewerb/FR1/plus/0?saison_id=2017'}",,29,27.0,16,55.2 %,8,Stade de la Beaujoire,35322,32000000.0,Claudio Ranieri,/claudio-ranieri/profil/trainer/456,https://tmssl.akamaized.net//images/wappen/head/995.png?lm=1581355747,,fc-nantes,FC Nantes,2017-ligue-1,2017,ligue-1,Ligue 1,France,€4.70bn,first_tier,4700000000.0,55.2
club,/montpellier-hsc/startseite/verein/969,"{'type': 'competition', 'country_id': '50', 'country_name': 'France', 'country_code': 'FR1', 'total_clubs': '18', 'total_players': '481', 'average_age': '25.8', 'foreigner_percentage': '63.2 %', 'average_market_value': None, 'total_value': '€4.70bn', 'competition_type': 'first_tier', 'competition_name': 'Ligue 1', 'href': '/ligue-1/startseite/wettbewerb/FR1', 'seasoned_href': 'https://www.transfermarkt.co.uk/ligue-1/startseite/wettbewerb/FR1/plus/0?saison_id=2017'}",,23,24.5,10,43.5 %,2,Stade de la Mosson,22000,6550000.0,Michel Der Zakarian,/michel-der-zakarian/profil/trainer/4002,https://tmssl.akamaized.net//images/wappen/head/969.png?lm=1748640687,,montpellier-hsc,Montpellier HSC,2017-ligue-1,2017,ligue-1,Ligue 1,France,€4.70bn,first_tier,4700000000.0,43.5
club,/losc-lille/startseite/verein/1082,"{'type': 'competition', 'country_id': '50', 'country_name': 'France', 'country_code': 'FR1', 'total_clubs': '18', 'total_players': '481', 'average_age': '25.8', 'foreigner_percentage': '63.2 %', 'average_market_value': None, 'total_value': '€4.70bn', 'competition_type': 'first_tier', 'competition_name': 'Ligue 1', 'href': '/ligue-1/startseite/wettbewerb/FR1', 'seasoned_href': 'https://www.transfermarkt.co.uk/ligue-1/startseite/wettbewerb/FR1/plus/0?saison_id=2017'}",,28,26.5,19,67.9 %,12,Decathlon Arena-Stade Pierre-Mauroy,50186,61600000.0,Marcelo Bielsa,/marcelo-bielsa/profil/trainer/2553,https://tmssl.akamaized.net//images/wappen/head/1082.png?lm=1529521041,,losc-lille,LOSC Lille,2017-ligue-1,2017,ligue-1,Ligue 1,France,€4.70bn,first_tier,4700000000.0,67.9
club,/amiens-sc/startseite/verein/1416,"{'type': 'competition', 'country_id': '50', 'country_name': 'France', 'country_code': 'FR1', 'total_clubs': '18', 'total_players': '481', 'average_age': '25.8', 'foreigner_percentage': '63.2 %', 'average_market_value': None, 'total_value': '€4.70bn', 'competition_type': 'first_tier', 'competition_name': 'Ligue 1', 'href': '/ligue-1/startseite/wettbewerb/FR1', 'seasoned_href': 'https://www.transfermarkt.co.uk/ligue-1/startseite/wettbewerb/FR1/plus/0?saison_id=2017'}",,28,24.9,13,46.4 %,4,Stade Crédit Agricole la Licorne,12999,500000.0,Christophe Pélissier,/christophe-pelissier/profil/trainer/24802,https://tmssl.akamaized.net//images/wappen/head/1416.png?lm=1688037499,,amiens-sc,Amiens SC,2017-ligue-1,2017,ligue-1,Ligue 1,France,€4.70bn,first_tier,4700000000.0,46.4
club,/ea-guingamp/startseite/verein/855,"{'type': 'competition', 'country_id': '50', 'country_name': 'France', 'country_code': 'FR1', 'total_clubs': '18', 'total_players': '481', 'average_age': '25.8', 'foreigner_percentage': '63.2 %', 'average_market_value': None, 'total_value': '€4.70bn', 'competition_type': 'first_tier', 'competition_name': 'Ligue 1', 'href': '/ligue-1/startseite/wettbewerb/FR1', 'seasoned_href': 'https://www.transfermarkt.co.uk/ligue-1/startseite/wettbewerb/FR1/plus/0?saison_id=2017'}",,25,26.2,10,40.0 %,5,Stade de Roudourou,18462,5930000.0,Antoine Kombouaré,/antoine-kombouare/profil/trainer/1224,https://tmssl.akamaized.net//images/wappen/head/855.png?lm=1669659728,,ea-guingamp,EA Guingamp,2017-ligue-1,2017,ligue-1,Ligue 1,France,€4.70bn,first_tier,4700000000.0,40.0
club,/dijon-fco/startseite/verein/2969,"{'type': 'competition', 'country_id': '50', 'country_name': 'France', 'country_code': 'FR1', 'total_clubs': '18', 'total_players': '481', 'average_age': '25.8', 'foreigner_percentage': '63.2 %', 'average_market_value': None, 'total_value': '€4.70bn', 'competition_type': 'first_tier', 'competition_name': 'Ligue 1', 'href': '/ligue-1/startseite/wettbewerb/FR1', 'seasoned_href': 'https://www.transfermarkt.co.uk/ligue-1/startseite/wettbewerb/FR1/plus/0?saison_id=2017'}",,23,27.5,5,21.7 %,0,Stade Gaston-Gérard,16098,100000.0,Olivier Dall'Oglio,/olivier-dalloglio/profil/trainer/14547,https://tmssl.akamaized.net//images/wappen/head/2969.png?lm=1711120027,,dijon-fco,Dijon FCO,2017-ligue-1,2017,ligue-1,Ligue 1,France,€4.70bn,first_tier,4700000000.0,21.7
club,/fc-toulouse/startseite/verein/415,"{'type': 'competition', 'country_id': '50', 'country_name': 'France', 'country_code': 'FR1', 'total_clubs': '18', 'total_players': '481', 'average_age': '25.8', 'foreigner_percentage': '63.2 %', 'average_market_value': None, 'total_value': '€4.70bn', 'competition_type': 'first_tier', 'competition_name': 'Ligue 1', 'href': '/ligue-1/startseite/wettbewerb/FR1', 'seasoned_href': 'https://www.transfermarkt.co.uk/ligue-1/startseite/wettbewerb/FR1/plus/0?saison_id=2017'}",,24,24.2,17,70.8 %,7,Stadium Municipal,33150,31350000.0,Pascal Dupraz,/pascal-dupraz/profil/trainer/8872,https://tmssl.akamaized.net//images/wappen/head/415.png?lm=1740065124,,fc-toulouse,FC Toulouse,2017-ligue-1,2017,ligue-1,Ligue 1,France,€4.70bn,first_tier,4700000000.0,70.8
club,/sm-caen/startseite/verein/1162,"{'type': 'competition', 'country_id': '50', 'country_name': 'France', 'country_code': 'FR1', 'total_clubs': '18', 'total_players': '481', 'average_age': '25.8', 'foreigner_percentage': '63.2 %', 'average_market_value': None, 'total_value': '€4.70bn', 'competition_type': 'first_tier', 'competition_name': 'Ligue 1', 'href': '/ligue-1/startseite/wettbewerb/FR1', 'seasoned_href': 'https://www.transfermarkt.co.uk/ligue-1/startseite/wettbewerb/FR1/plus/0?saison_id=2017'}",,26,26.5,13,50.0 %,1,Stade Michel-d'Ornano,20500,1800000.0,Patrice Garande,/patrice-garande/profil/trainer/5747,https://tmssl.akamaized.net//images/wappen/head/1162.png?lm=1692825012,,sm-caen,SM Caen,2017-ligue-1,2017,ligue-1,Ligue 1,France,€4.70bn,first_tier,4700000000.0,50.0
club,/sco-angers/startseite/verein/1420,"{'type': 'competition', 'country_id': '50', 'country_name': 'France', 'country_code': 'FR1', 'total_clubs': '18', 'total_players': '481', 'average_age': '25.8', 'foreigner_percentage': '63.2 %', 'average_market_value': None, 'total_value': '€4.70bn', 'competition_type': 'first_tier', 'competition_name': 'Ligue 1', 'href': '/ligue-1/startseite/wettbewerb/FR1', 'seasoned_href': 'https://www.transfermarkt.co.uk/ligue-1/startseite/wettbewerb/FR1/plus/0?saison_id=2017'}",,24,26.0,14,58.3 %,7,Stade Raymond-Kopa,19350,20250000.0,Stéphane Moulin,/stephane-moulin/profil/trainer/19460,https://tmssl.akamaized.net//images/wappen/head/1420.png?lm=1687525425,,sco-angers,Angers SCO,2017-ligue-1,2017,ligue-1,Ligue 1,France,€4.70bn,first_tier,4700000000.0,58.3
club,/es-troyes-ac/startseite/verein/1095,"{'type': 'competition', 'country_id': '50', 'country_name': 'France', 'country_code': 'FR1', 'total_clubs': '18', 'total_players': '481', 'average_age': '25.8', 'foreigner_percentage': '63.2 %', 'average_market_value': None, 'total_value': '€4.70bn', 'competition_type': 'first_tier', 'competition_name': 'Ligue 1', 'href': '/ligue-1/startseite/wettbewerb/FR1', 'seasoned_href': 'https://www.transfermarkt.co.uk/ligue-1/startseite/wettbewerb/FR1/plus/0?saison_id=2017'}",,29,25.4,9,31.0 %,4,Stade de l'Aube,20460,21900000.0,Jean-Louis Garcia,/jean-louis-garcia/profil/trainer/5063,https://tmssl.akamaized.net//images/wappen/head/1095.png?lm=1599945497,,es-troyes-ac,ESTAC Troyes,2017-ligue-1,2017,ligue-1,Ligue 1,France,€4.70bn,first_tier,4700000000.0,31.0
club,/rc-strassburg-alsace/startseite/verein/667,"{'type': 'competition', 'country_id': '50', 'country_name': 'France', 'country_code': 'FR1', 'total_clubs': '18', 'total_players': '481', 'average_age': '25.8', 'foreigner_percentage': '63.2 %', 'average_market_value': None, 'total_value': '€4.70bn', 'competition_type': 'first_tier', 'competition_name': 'Ligue 1', 'href': '/ligue-1/startseite/wettbewerb/FR1', 'seasoned_href': 'https://www.transfermarkt.co.uk/ligue-1/startseite/wettbewerb/FR1/plus/0?saison_id=2017'}",,26,22.9,22,84.6 %,12,Stade de la Meinau,32000,-26300000.0,Thierry Laurey,/thierry-laurey/profil/trainer/7232,https://tmssl.akamaized.net//images/wappen/head/667.png?lm=1664991833,,rc-strassburg-alsace,RC Strasbourg Alsace,2017-ligue-1,2017,ligue-1,Ligue 1,France,€4.70bn,first_tier,4700000000.0,84.6
club,/as-saint-etienne/startseite/verein/618,"{'type': 'competition', 'country_id': '50', 'country_name': 'France', 'country_code': 'FR1', 'total_clubs': '18', 'total_players': '481', 'average_age': '25.8', 'foreigner_percentage': '63.2 %', 'average_market_value': None, 'total_value': '€4.70bn', 'competition_type': 'first_tier', 'competition_name': 'Ligue 1', 'href': '/ligue-1/startseite/wettbewerb/FR1', 'seasoned_href': 'https://www.transfermarkt.co.uk/ligue-1/startseite/wettbewerb/FR1/plus/0?saison_id=2017'}",,29,24.3,16,55.2 %,8,Stade Geoffroy-Guichard,41965,-22050000.0,Óscar García,/oscar-garcia/profil/trainer/16362,https://tmssl.akamaized.net//images/wappen/head/618.png?lm=1658260152,,as-saint-etienne,AS Saint-Étienne,2017-ligue-1,2017,ligue-1,Ligue 1,France,€4.70bn,first_tier,4700000000.0,55.2
club,/fc-metz/startseite/verein/347,"{'type': 'competition', 'country_id': '50', 'country_name': 'France', 'country_code': 'FR1', 'total_clubs': '18', 'total_players': '481', 'average_age': '25.8', 'foreigner_percentage': '63.2 %', 'average_market_value': None, 'total_value': '€4.70bn', 'competition_type': 'first_tier', 'competition_name': 'Ligue 1', 'href': '/ligue-1/startseite/wettbewerb/FR1', 'seasoned_href': 'https://www.transfermarkt.co.uk/ligue-1/startseite/wettbewerb/FR1/plus/0?saison_id=2017'}",,27,25.9,19,70.4 %,9,Stade Saint-Symphorien,28786,29850000.0,Philippe Hinschberger,/philippe-hinschberger/profil/trainer/1541,https://tmssl.akamaized.net//images/wappen/head/347.png?lm=1625391843,,fc-metz,FC Metz,2017-ligue-1,2017,ligue-1,Ligue 1,France,€4.70bn,first_tier,4700000000.0,70.4
club,/olympique-lyon/startseite/verein/1041,"{'type': 'competition', 'country_id': '50', 'country_name': 'France', 'country_code': 'FR1', 'total_clubs': '18', 'total_players': '481', 'average_age': '25.8', 'foreigner_percentage': '63.2 %', 'average_market_value': None, 'total_value': '€4.70bn', 'competition_type': 'first_tier', 'competition_name': 'Ligue 1', 'href': '/ligue-1/startseite/wettbewerb/FR1', 'seasoned_href': 'https://www.transfermarkt.co.uk/ligue-1/startseite/wettbewerb/FR1/plus/0?saison_id=2017'}",,29,25.6,23,79.3 %,12,Groupama Stadium,59186,62110000.0,Bruno Genesio,/bruno-genesio/profil/trainer/5036,https://tmssl.akamaized.net//images/wappen/head/1041.png?lm=1656668172,,olympique-lyon,Olympique Lyon,2017-ligue-1,2017,ligue-1,Ligue 1,France,€4.70bn,first_tier,4700000000.0,79.3
club,/west-ham-united/startseite/verein/379,"{'type': 'competition', 'country_id': '189', 'country_name': 'England', 'country_code': 'GB1', 'total_clubs': '20', 'total_players': '555', 'average_age': '26.5', 'foreigner_percentage': '70.6 %', 'average_market_value': None, 'total_value': '€12.47bn', 'competition_type': 'first_tier', 'competition_name': 'Premier League', 'href': '/premier-league/startseite/wettbewerb/GB1', 'seasoned_href': 'https://www.transfermarkt.co.uk/premier-league/startseite/wettbewerb/GB1/plus/0?saison_id=2017'}",,23,27.1,17,73.9 %,9,London Stadium,62500,-53100000.0,Slaven Bilic,/slaven-bilic/profil/trainer/3598,https://tmssl.akamaized.net//images/wappen/head/379.png?lm=1464675260,,west-ham-united,West Ham United,2017-premier-league,2017,premier-league,Premier League,England,€12.47bn,first_tier,12470000000.0,73.9
club,/fc-arsenal/startseite/verein/11,"{'type': 'competition', 'country_id': '189', 'country_name': 'England', 'country_code': 'GB1', 'total_clubs': '20', 'total_players': '555', 'average_age': '26.5', 'foreigner_percentage': '70.6 %', 'average_market_value': None, 'total_value': '€12.47bn', 'competition_type': 'first_tier', 'competition_name': 'Premier League', 'href': '/premier-league/startseite/wettbewerb/GB1', 'seasoned_href': 'https://www.transfermarkt.co.uk/premier-league/startseite/wettbewerb/GB1/plus/0?saison_id=2017'}",,24,26.6,17,70.8 %,20,Emirates Stadium,60704,-280730000.0,Arsène Wenger,/arsene-wenger/profil/trainer/280,https://tmssl.akamaized.net//images/wappen/head/11.png?lm=1489787850,,fc-arsenal,Arsenal FC,2017-premier-league,2017,premier-league,Premier League,England,€12.47bn,first_tier,12470000000.0,70.8
club,/tottenham-hotspur/startseite/verein/148,"{'type': 'competition', 'country_id': '189', 'country_name': 'England', 'country_code': 'GB1', 'total_clubs': '20', 'total_players': '555', 'average_age': '26.5', 'foreigner_percentage': '70.6 %', 'average_market_value': None, 'total_value': '€12.47bn', 'competition_type': 'first_tier', 'competition_name': 'Premier League', 'href': '/premier-league/startseite/wettbewerb/GB1', 'seasoned_href': 'https://www.transfermarkt.co.uk/premier-league/startseite/wettbewerb/GB1/plus/0?saison_id=2017'}",,30,25.7,22,73.3 %,19,Tottenham Hotspur Stadium,62850,-182900000.0,Mauricio Pochettino,/mauricio-pochettino/profil/trainer/9044,https://tmssl.akamaized.net//images/wappen/head/148.png?lm=1732011953,,tottenham-hotspur,Tottenham Hotspur,2017-premier-league,2017,premier-league,Premier League,England,€12.47bn,first_tier,12470000000.0,73.3
club,/leicester-city/startseite/verein/1003,"{'type': 'competition', 'country_id': '189', 'country_name': 'England', 'country_code': 'GB1', 'total_clubs': '20', 'total_players': '555', 'average_age': '26.5', 'foreigner_percentage': '70.6 %', 'average_market_value': None, 'total_value': '€12.47bn', 'competition_type': 'first_tier', 'competition_name': 'Premier League', 'href': '/premier-league/startseite/wettbewerb/GB1', 'seasoned_href': 'https://www.transfermarkt.co.uk/premier-league/startseite/wettbewerb/GB1/plus/0?saison_id=2017'}",,27,26.3,15,55.6 %,7,King Power Stadium,32259,57300000.0,Craig Shakespeare,/craig-shakespeare/profil/trainer/5993,https://tmssl.akamaized.net//images/wappen/head/1003.png?lm=1472229265,,leicester-city,Leicester City,2017-premier-league,2017,premier-league,Premier League,England,€12.47bn,first_tier,12470000000.0,55.6
club,/manchester-united/startseite/verein/985,"{'type': 'competition', 'country_id': '189', 'country_name': 'England', 'country_code': 'GB1', 'total_clubs': '20', 'total_players': '555', 'average_age': '26.5', 'foreigner_percentage': '70.6 %', 'average_market_value': None, 'total_value': '€12.47bn', 'competition_type': 'first_tier', 'competition_name': 'Premier League', 'href': '/premier-league/startseite/wettbewerb/GB1', 'seasoned_href': 'https://www.transfermarkt.co.uk/premier-league/startseite/wettbewerb/GB1/plus/0?saison_id=2017'}",,25,26.5,18,72.0 %,16,Old Trafford,74879,-172500000.0,José Mourinho,/jose-mourinho/profil/trainer/781,https://tmssl.akamaized.net//images/wappen/head/985.png?lm=1457975903,,manchester-united,Manchester United,2017-premier-league,2017,premier-league,Premier League,England,€12.47bn,first_tier,12470000000.0,72.0
club,/manchester-city/startseite/verein/281,"{'type': 'competition', 'country_id': '189', 'country_name': 'England', 'country_code': 'GB1', 'total_clubs': '20', 'total_players': '555', 'average_age': '26.5', 'foreigner_percentage': '70.6 %', 'average_market_value': None, 'total_value': '€12.47bn', 'competition_type': 'first_tier', 'competition_name': 'Premier League', 'href': '/premier-league/startseite/wettbewerb/GB1', 'seasoned_href': 'https://www.transfermarkt.co.uk/premier-league/startseite/wettbewerb/GB1/plus/0?saison_id=2017'}",,28,26.4,19,67.9 %,22,Etihad Stadium,61000,-194520000.0,Pep Guardiola,/pep-guardiola/profil/trainer/5672,https://tmssl.akamaized.net//images/wappen/head/281.png?lm=1467356331,,manchester-city,Manchester City,2017-premier-league,2017,premier-league,Premier League,England,€12.47bn,first_tier,12470000000.0,67.9
club,/fc-southampton/startseite/verein/180,"{'type': 'competition', 'country_id': '189', 'country_name': 'England', 'country_code': 'GB1', 'total_clubs': '20', 'total_players': '555', 'average_age': '26.5', 'foreigner_percentage': '70.6 %', 'average_market_value': None, 'total_value': '€12.47bn', 'competition_type': 'first_tier', 'competition_name': 'Premier League', 'href': '/premier-league/startseite/wettbewerb/GB1', 'seasoned_href': 'https://www.transfermarkt.co.uk/premier-league/startseite/wettbewerb/GB1/plus/0?saison_id=2017'}",,31,26.7,19,61.3 %,9,St Mary's Stadium,32384,87060000.0,Mauricio Pellegrino,/mauricio-pellegrino/profil/trainer/7827,https://tmssl.akamaized.net//images/wappen/head/180.png?lm=1444560086,,fc-southampton,Southampton FC,2017-premier-league,2017,premier-league,Premier League,England,€12.47bn,first_tier,12470000000.0,61.3
club,/fc-everton/startseite/verein/29,"{'type': 'competition', 'country_id': '189', 'country_name': 'England', 'country_code': 'GB1', 'total_clubs': '20', 'total_players': '555', 'average_age': '26.5', 'foreigner_percentage': '70.6 %', 'average_market_value': None, 'total_value': '€12.47bn', 'competition_type': 'first_tier', 'competition_name': 'Premier League', 'href': '/premier-league/startseite/wettbewerb/GB1', 'seasoned_href': 'https://www.transfermarkt.co.uk/premier-league/startseite/wettbewerb/GB1/plus/0?saison_id=2017'}",,26,26.8,13,50.0 %,11,Hill Dickinson Stadium,52769,-117150000.0,Ronald Koeman,/ronald-koeman/profil/trainer/439,https://tmssl.akamaized.net//images/wappen/head/29.png?lm=1445949846,,fc-everton,Everton FC,2017-premier-league,2017,premier-league,Premier League,England,€12.47bn,first_tier,12470000000.0,50.0
club,/fc-chelsea/startseite/verein/631,"{'type': 'competition', 'country_id': '189', 'country_name': 'England', 'country_code': 'GB1', 'total_clubs': '20', 'total_players': '555', 'average_age': '26.5', 'foreigner_percentage': '70.6 %', 'average_market_value': None, 'total_value': '€12.47bn', 'competition_type': 'first_tier', 'competition_name': 'Premier League', 'href': '/premier-league/startseite/wettbewerb/GB1', 'seasoned_href': 'https://www.transfermarkt.co.uk/premier-league/startseite/wettbewerb/GB1/plus/0?saison_id=2017'}",,30,23.7,21,70.0 %,14,Stamford Bridge,41631,98000.0,Antonio Conte,/antonio-conte/profil/trainer/3517,https://tmssl.akamaized.net//images/wappen/head/631.png?lm=1682435911,,fc-chelsea,Chelsea FC,2017-premier-league,2017,premier-league,Premier League,England,€12.47bn,first_tier,12470000000.0,70.0
club,/crystal-palace/startseite/verein/873,"{'type': 'competition', 'country_id': '189', 'country_name': 'England', 'country_code': 'GB1', 'total_clubs': '20', 'total_players': '555', 'average_age': '26.5', 'foreigner_percentage': '70.6 %', 'average_market_value': None, 'total_value': '€12.47bn', 'competition_type': 'first_tier', 'competition_name': 'Premier League', 'href': '/premier-league/startseite/wettbewerb/GB1', 'seasoned_href': 'https://www.transfermarkt.co.uk/premier-league/startseite/wettbewerb/GB1/plus/0?saison_id=2017'}",,30,26.3,20,66.7 %,20,Selhurst Park,25486,-47850000.0,Frank de Boer,/frank-de-boer/profil/trainer/8371,https://tmssl.akamaized.net//images/wappen/head/873.png?lm=1457723287,,crystal-palace,Crystal Palace,2017-premier-league,2017,premier-league,Premier League,England,€12.47bn,first_tier,12470000000.0,66.7
club,/afc-bournemouth/startseite/verein/989,"{'type': 'competition', 'country_id': '189', 'country_name': 'England', 'country_code': 'GB1', 'total_clubs': '20', 'total_players': '555', 'average_age': '26.5', 'foreigner_percentage': '70.6 %', 'average_market_value': None, 'total_value': '€12.47bn', 'competition_type': 'first_tier', 'competition_name': 'Premier League', 'href': '/premier-league/startseite/wettbewerb/GB1', 'seasoned_href': 'https://www.transfermarkt.co.uk/premier-league/startseite/wettbewerb/GB1/plus/0?saison_id=2017'}",,26,25.7,20,76.9 %,13,Vitality Stadium,11307,129310000.0,Eddie Howe,/eddie-howe/profil/trainer/10976,https://tmssl.akamaized.net//images/wappen/head/989.png?lm=1457991811,,afc-bournemouth,AFC Bournemouth,2017-premier-league,2017,premier-league,Premier League,England,€12.47bn,first_tier,12470000000.0,76.9
club,/newcastle-united/startseite/verein/762,"{'type': 'competition', 'country_id': '189', 'country_name': 'England', 'country_code': 'GB1', 'total_clubs': '20', 'total_players': '555', 'average_age': '26.5', 'foreigner_percentage': '70.6 %', 'average_market_value': None, 'total_value': '€12.47bn', 'competition_type': 'first_tier', 'competition_name': 'Premier League', 'href': '/premier-league/startseite/wettbewerb/GB1', 'seasoned_href': 'https://www.transfermarkt.co.uk/premier-league/startseite/wettbewerb/GB1/plus/0?saison_id=2017'}",,29,28.1,13,44.8 %,16,St James' Park,52258,-102850000.0,Rafael Benítez,/rafael-benitez/profil/trainer/1522,https://tmssl.akamaized.net//images/wappen/head/762.png?lm=1472921161,,newcastle-united,Newcastle United,2017-premier-league,2017,premier-league,Premier League,England,€12.47bn,first_tier,12470000000.0,44.8
club,/stoke-city/startseite/verein/512,"{'type': 'competition', 'country_id': '189', 'country_name': 'England', 'country_code': 'GB1', 'total_clubs': '20', 'total_players': '555', 'average_age': '26.5', 'foreigner_percentage': '70.6 %', 'average_market_value': None, 'total_value': '€12.47bn', 'competition_type': 'first_tier', 'competition_name': 'Premier League', 'href': '/premier-league/startseite/wettbewerb/GB1', 'seasoned_href': 'https://www.transfermarkt.co.uk/premier-league/startseite/wettbewerb/GB1/plus/0?saison_id=2017'}",,27,26.5,15,55.6 %,8,bet365 Stadium,30089,-5750000.0,Mark Hughes,/mark-hughes/profil/trainer/1646,https://tmssl.akamaized.net//images/wappen/head/512.png?lm=1472243727,,stoke-city,Stoke City,2017-premier-league,2017,premier-league,Premier League,England,€12.47bn,first_tier,12470000000.0,55.6
club,/brighton-amp-hove-albion/startseite/verein/1237,"{'type': 'competition', 'country_id': '189', 'country_name': 'England', 'country_code': 'GB1', 'total_clubs': '20', 'total_players': '555', 'average_age': '26.5', 'foreigner_percentage': '70.6 %', 'average_market_value': None, 'total_value': '€12.47bn', 'competition_type': 'first_tier', 'competition_name': 'Premier League', 'href': '/premier-league/startseite/wettbewerb/GB1', 'seasoned_href': 'https://www.transfermarkt.co.uk/premier-league/startseite/wettbewerb/GB1/plus/0?saison_id=2017'}",,33,26.6,22,66.7 %,17,AMEX Stadium,31876,63150000.0,Chris Hughton,/chris-hughton/profil/trainer/2654,https://tmssl.akamaized.net//images/wappen/head/1237.png?lm=1492718902,,brighton-amp-hove-albion,Brighton & Hove Albion,2017-premier-league,2017,premier-league,Premier League,England,€12.47bn,first_tier,12470000000.0,66.7
club,/west-bromwich-albion/startseite/verein/984,"{'type': 'competition', 'country_id': '189', 'country_name': 'England', 'country_code': 'GB1', 'total_clubs': '20', 'total_players': '555', 'average_age': '26.5', 'foreigner_percentage': '70.6 %', 'average_market_value': None, 'total_value': '€12.47bn', 'competition_type': 'first_tier', 'competition_name': 'Premier League', 'href': '/premier-league/startseite/wettbewerb/GB1', 'seasoned_href': 'https://www.transfermarkt.co.uk/premier-league/startseite/wettbewerb/GB1/plus/0?saison_id=2017'}",,24,26.4,15,62.5 %,10,The Hawthorns,26850,8700000.0,Tony Pulis,/tony-pulis/profil/trainer/617,https://tmssl.akamaized.net//images/wappen/head/984.png?lm=1457991758,,west-bromwich-albion,West Bromwich Albion,2017-premier-league,2017,premier-league,Premier League,England,€12.47bn,first_tier,12470000000.0,62.5
club,/fc-watford/startseite/verein/1010,"{'type': 'competition', 'country_id': '189', 'country_name': 'England', 'country_code': 'GB1', 'total_clubs': '20', 'total_players': '555', 'average_age': '26.5', 'foreigner_percentage': '70.6 %', 'average_market_value': None, 'total_value': '€12.47bn', 'competition_type': 'first_tier', 'competition_name': 'Premier League', 'href': '/premier-league/startseite/wettbewerb/GB1', 'seasoned_href': 'https://www.transfermarkt.co.uk/premier-league/startseite/wettbewerb/GB1/plus/0?saison_id=2017'}",,29,24.6,23,79.3 %,12,Vicarage Road,21577,6070000.0,Marco Silva,/marco-silva/profil/trainer/19631,https://tmssl.akamaized.net//images/wappen/head/1010.png?lm=1468103673,,fc-watford,Watford FC,2017-premier-league,2017,premier-league,Premier League,England,€12.47bn,first_tier,12470000000.0,79.3
club,/fc-burnley/startseite/verein/1132,"{'type': 'competition', 'country_id': '189', 'country_name': 'England', 'country_code': 'GB1', 'total_clubs': '20', 'total_players': '555', 'average_age': '26.5', 'foreigner_percentage': '70.6 %', 'average_market_value': None, 'total_value': '€12.47bn', 'competition_type': 'first_tier', 'competition_name': 'Premier League', 'href': '/premier-league/startseite/wettbewerb/GB1', 'seasoned_href': 'https://www.transfermarkt.co.uk/premier-league/startseite/wettbewerb/GB1/plus/0?saison_id=2017'}",,31,27.7,22,71.0 %,11,Turf Moor,21994,-96500000.0,Sean Dyche,/sean-dyche/profil/trainer/15856,https://tmssl.akamaized.net//images/wappen/head/1132.png?lm=1686818840,,fc-burnley,Burnley FC,2017-premier-league,2017,premier-league,Premier League,England,€12.47bn,first_tier,12470000000.0,71.0
club,/swansea-city/startseite/verein/2288,"{'type': 'competition', 'country_id': '189', 'country_name': 'England', 'country_code': 'GB1', 'total_clubs': '20', 'total_players': '555', 'average_age': '26.5', 'foreigner_percentage': '70.6 %', 'average_market_value': None, 'total_value': '€12.47bn', 'competition_type': 'first_tier', 'competition_name': 'Premier League', 'href': '/premier-league/startseite/wettbewerb/GB1', 'seasoned_href': 'https://www.transfermarkt.co.uk/premier-league/startseite/wettbewerb/GB1/plus/0?saison_id=2017'}",,27,26.5,22,81.5 %,11,Swansea.com Stadium,21088,-14750000.0,Paul Clement,/paul-clement/profil/trainer/7269,https://tmssl.akamaized.net//images/wappen/head/2288.png?lm=1752825825,,swansea-city,Swansea City,2017-premier-league,2017,premier-league,Premier League,England,€12.47bn,first_tier,12470000000.0,81.5
club,/huddersfield-town/startseite/verein/1110,"{'type': 'competition', 'country_id': '189', 'country_name': 'England', 'country_code': 'GB1', 'total_clubs': '20', 'total_players': '555', 'average_age': '26.5', 'foreigner_percentage': '70.6 %', 'average_market_value': None, 'total_value': '€12.47bn', 'competition_type': 'first_tier', 'competition_name': 'Premier League', 'href': '/premier-league/startseite/wettbewerb/GB1', 'seasoned_href': 'https://www.transfermarkt.co.uk/premier-league/startseite/wettbewerb/GB1/plus/0?saison_id=2017'}",,27,27.9,12,44.4 %,3,Accu Stadium,24500,-2850000.0,David Wagner,/david-wagner/profil/trainer/6092,https://tmssl.akamaized.net//images/wappen/head/1110.png?lm=1567439677,,huddersfield-town,Huddersfield Town,2017-premier-league,2017,premier-league,Premier League,England,€12.47bn,first_tier,12470000000.0,44.4
club,/fc-liverpool/startseite/verein/31,"{'type': 'competition', 'country_id': '189', 'country_name': 'England', 'country_code': 'GB1', 'total_clubs': '20', 'total_players': '555', 'average_age': '26.5', 'foreigner_percentage': '70.6 %', 'average_market_value': None, 'total_value': '€12.47bn', 'competition_type': 'first_tier', 'competition_name': 'Premier League', 'href': '/premier-league/startseite/wettbewerb/GB1', 'seasoned_href': 'https://www.transfermarkt.co.uk/premier-league/startseite/wettbewerb/GB1/plus/0?saison_id=2017'}",,28,26.2,21,75.0 %,17,Anfield,61276,-261850000.0,Jürgen Klopp,/jurgen-klopp/profil/trainer/118,https://tmssl.akamaized.net//images/wappen/head/31.png?lm=1727873452,,fc-liverpool,Liverpool FC,2017-premier-league,2017,premier-league,Premier League,England,€12.47bn,first_tier,12470000000.0,75.0
club,/inter-mailand/startseite/verein/46,"{'type': 'competition', 'country_id': '75', 'country_name': 'Italy', 'country_code': 'IT1', 'total_clubs': '20', 'total_players': '536', 'average_age': '26.9', 'foreigner_percentage': '68.7 %', 'average_market_value': None, 'total_value': '€5.28bn', 'competition_type': 'first_tier', 'competition_name': 'Serie A', 'href': '/serie-a/startseite/wettbewerb/IT1', 'seasoned_href': 'https://www.transfermarkt.co.uk/serie-a/startseite/wettbewerb/IT1/plus/0?saison_id=2017'}",,24,29.5,16,66.7 %,15,Giuseppe Meazza,75923,-48350000.0,Luciano Spalletti,/luciano-spalletti/profil/trainer/517,https://tmssl.akamaized.net//images/wappen/head/46.png?lm=1618900989,,inter-mailand,Inter Milan,2017-serie-a,2017,serie-a,Serie A,Italy,€5.28bn,first_tier,5280000000.0,66.7
club,/sampdoria-genua/startseite/verein/1038,"{'type': 'competition', 'country_id': '75', 'country_name': 'Italy', 'country_code': 'IT1', 'total_clubs': '20', 'total_players': '536', 'average_age': '26.9', 'foreigner_percentage': '68.7 %', 'average_market_value': None, 'total_value': '€5.28bn', 'competition_type': 'first_tier', 'competition_name': 'Serie A', 'href': '/serie-a/startseite/wettbewerb/IT1', 'seasoned_href': 'https://www.transfermarkt.co.uk/serie-a/startseite/wettbewerb/IT1/plus/0?saison_id=2017'}",,30,27.2,8,26.7 %,3,Luigi Ferraris,33205,-11730000.0,Marco Giampaolo,/marco-giampaolo/profil/trainer/3257,https://tmssl.akamaized.net//images/wappen/head/1038.png?lm=1520934353,,sampdoria-genua,UC Sampdoria,2017-serie-a,2017,serie-a,Serie A,Italy,€5.28bn,first_tier,5280000000.0,26.7
club,/lazio-rom/startseite/verein/398,"{'type': 'competition', 'country_id': '75', 'country_name': 'Italy', 'country_code': 'IT1', 'total_clubs': '20', 'total_players': '536', 'average_age': '26.9', 'foreigner_percentage': '68.7 %', 'average_market_value': None, 'total_value': '€5.28bn', 'competition_type': 'first_tier', 'competition_name': 'Serie A', 'href': '/serie-a/startseite/wettbewerb/IT1', 'seasoned_href': 'https://www.transfermarkt.co.uk/serie-a/startseite/wettbewerb/IT1/plus/0?saison_id=2017'}",,28,27.8,17,60.7 %,11,Olimpico di Roma,70634,13550000.0,Simone Inzaghi,/simone-inzaghi/profil/trainer/21624,https://tmssl.akamaized.net//images/wappen/head/398.png?lm=1601537785,,lazio-rom,SS Lazio,2017-serie-a,2017,serie-a,Serie A,Italy,€5.28bn,first_tier,5280000000.0,60.7
club,/ac-mailand/startseite/verein/5,"{'type': 'competition', 'country_id': '75', 'country_name': 'Italy', 'country_code': 'IT1', 'total_clubs': '20', 'total_players': '536', 'average_age': '26.9', 'foreigner_percentage': '68.7 %', 'average_market_value': None, 'total_value': '€5.28bn', 'competition_type': 'first_tier', 'competition_name': 'Serie A', 'href': '/serie-a/startseite/wettbewerb/IT1', 'seasoned_href': 'https://www.transfermarkt.co.uk/serie-a/startseite/wettbewerb/IT1/plus/0?saison_id=2017'}",,23,27.4,18,78.3 %,19,Giuseppe Meazza,75923,6000000.0,Vincenzo Montella,/vincenzo-montella/profil/trainer/11795,https://tmssl.akamaized.net//images/wappen/head/5.png?lm=1605166627,,ac-mailand,AC Milan,2017-serie-a,2017,serie-a,Serie A,Italy,€5.28bn,first_tier,5280000000.0,78.3
club,/ssc-neapel/startseite/verein/6195,"{'type': 'competition', 'country_id': '75', 'country_name': 'Italy', 'country_code': 'IT1', 'total_clubs': '20', 'total_players': '536', 'average_age': '26.9', 'foreigner_percentage': '68.7 %', 'average_market_value': None, 'total_value': '€5.28bn', 'competition_type': 'first_tier', 'competition_name': 'Serie A', 'href': '/serie-a/startseite/wettbewerb/IT1', 'seasoned_href': 'https://www.transfermarkt.co.uk/serie-a/startseite/wettbewerb/IT1/plus/0?saison_id=2017'}",,26,28.8,17,65.4 %,16,Diego Armando Maradona,54726,-15350000.0,Maurizio Sarri,/maurizio-sarri/profil/trainer/10073,https://tmssl.akamaized.net//images/wappen/head/6195.png?lm=1753167643,,ssc-neapel,SSC Napoli,2017-serie-a,2017,serie-a,Serie A,Italy,€5.28bn,first_tier,5280000000.0,65.4
club,/juventus-turin/startseite/verein/506,"{'type': 'competition', 'country_id': '75', 'country_name': 'Italy', 'country_code': 'IT1', 'total_clubs': '20', 'total_players': '536', 'average_age': '26.9', 'foreigner_percentage': '68.7 %', 'average_market_value': None, 'total_value': '€5.28bn', 'competition_type': 'first_tier', 'competition_name': 'Serie A', 'href': '/serie-a/startseite/wettbewerb/IT1', 'seasoned_href': 'https://www.transfermarkt.co.uk/serie-a/startseite/wettbewerb/IT1/plus/0?saison_id=2017'}",,25,27.5,18,72.0 %,18,Allianz Stadium,41507,-48750000.0,Massimiliano Allegri,/massimiliano-allegri/profil/trainer/7671,https://tmssl.akamaized.net//images/wappen/head/506.png?lm=1626441487,,juventus-turin,Juventus FC,2017-serie-a,2017,serie-a,Serie A,Italy,€5.28bn,first_tier,5280000000.0,72.0
club,/atalanta-bergamo/startseite/verein/800,"{'type': 'competition', 'country_id': '75', 'country_name': 'Italy', 'country_code': 'IT1', 'total_clubs': '20', 'total_players': '536', 'average_age': '26.9', 'foreigner_percentage': '68.7 %', 'average_market_value': None, 'total_value': '€5.28bn', 'competition_type': 'first_tier', 'competition_name': 'Serie A', 'href': '/serie-a/startseite/wettbewerb/IT1', 'seasoned_href': 'https://www.transfermarkt.co.uk/serie-a/startseite/wettbewerb/IT1/plus/0?saison_id=2017'}",,24,27.5,14,58.3 %,18,New Balance Arena - Bergamo,24950,-8280000.0,Gian Piero Gasperini,/gian-piero-gasperini/profil/trainer/3436,https://tmssl.akamaized.net//images/wappen/head/800.png?lm=1780904763,,atalanta-bergamo,Atalanta BC,2017-serie-a,2017,serie-a,Serie A,Italy,€5.28bn,first_tier,5280000000.0,58.3
club,/as-rom/startseite/verein/12,"{'type': 'competition', 'country_id': '75', 'country_name': 'Italy', 'country_code': 'IT1', 'total_clubs': '20', 'total_players': '536', 'average_age': '26.9', 'foreigner_percentage': '68.7 %', 'average_market_value': None, 'total_value': '€5.28bn', 'competition_type': 'first_tier', 'competition_name': 'Serie A', 'href': '/serie-a/startseite/wettbewerb/IT1', 'seasoned_href': 'https://www.transfermarkt.co.uk/serie-a/startseite/wettbewerb/IT1/plus/0?saison_id=2017'}",,27,26.3,19,70.4 %,13,Olimpico di Roma,70634,-24450000.0,Eusebio Di Francesco,/eusebio-di-francesco/profil/trainer/12924,https://tmssl.akamaized.net//images/wappen/head/12.png?lm=1751979202,,as-rom,AS Roma,2017-serie-a,2017,serie-a,Serie A,Italy,€5.28bn,first_tier,5280000000.0,70.4
club,/ac-florenz/startseite/verein/430,"{'type': 'competition', 'country_id': '75', 'country_name': 'Italy', 'country_code': 'IT1', 'total_clubs': '20', 'total_players': '536', 'average_age': '26.9', 'foreigner_percentage': '68.7 %', 'average_market_value': None, 'total_value': '€5.28bn', 'competition_type': 'first_tier', 'competition_name': 'Serie A', 'href': '/serie-a/startseite/wettbewerb/IT1', 'seasoned_href': 'https://www.transfermarkt.co.uk/serie-a/startseite/wettbewerb/IT1/plus/0?saison_id=2017'}",,27,26.1,11,40.7 %,9,Artemio Franchi,43147,-29210000.0,Stefano Pioli,/stefano-pioli/profil/trainer/2135,https://tmssl.akamaized.net//images/wappen/head/430.png?lm=1722844765,,ac-florenz,ACF Fiorentina,2017-serie-a,2017,serie-a,Serie A,Italy,€5.28bn,first_tier,5280000000.0,40.7
club,/fc-turin/startseite/verein/416,"{'type': 'competition', 'country_id': '75', 'country_name': 'Italy', 'country_code': 'IT1', 'total_clubs': '20', 'total_players': '536', 'average_age': '26.9', 'foreigner_percentage': '68.7 %', 'average_market_value': None, 'total_value': '€5.28bn', 'competition_type': 'first_tier', 'competition_name': 'Serie A', 'href': '/serie-a/startseite/wettbewerb/IT1', 'seasoned_href': 'https://www.transfermarkt.co.uk/serie-a/startseite/wettbewerb/IT1/plus/0?saison_id=2017'}",,30,26.4,24,80.0 %,10,Olimpico Grande Torino,28177,21840000.0,Sinisa Mihajlovic,/sinisa-mihajlovic/profil/trainer/3896,https://tmssl.akamaized.net//images/wappen/head/416.png?lm=1438548174,,fc-turin,Torino FC,2017-serie-a,2017,serie-a,Serie A,Italy,€5.28bn,first_tier,5280000000.0,80.0
club,/genua-cfc/startseite/verein/252,"{'type': 'competition', 'country_id': '75', 'country_name': 'Italy', 'country_code': 'IT1', 'total_clubs': '20', 'total_players': '536', 'average_age': '26.9', 'foreigner_percentage': '68.7 %', 'average_market_value': None, 'total_value': '€5.28bn', 'competition_type': 'first_tier', 'competition_name': 'Serie A', 'href': '/serie-a/startseite/wettbewerb/IT1', 'seasoned_href': 'https://www.transfermarkt.co.uk/serie-a/startseite/wettbewerb/IT1/plus/0?saison_id=2017'}",,26,26.8,18,69.2 %,8,Luigi Ferraris,34901,47930000.0,Ivan Juric,/ivan-juric/profil/trainer/16508,https://tmssl.akamaized.net//images/wappen/head/252.png?lm=1655305880,,genua-cfc,Genoa CFC,2017-serie-a,2017,serie-a,Serie A,Italy,€5.28bn,first_tier,5280000000.0,69.2
club,/us-sassuolo/startseite/verein/6574,"{'type': 'competition', 'country_id': '75', 'country_name': 'Italy', 'country_code': 'IT1', 'total_clubs': '20', 'total_players': '536', 'average_age': '26.9', 'foreigner_percentage': '68.7 %', 'average_market_value': None, 'total_value': '€5.28bn', 'competition_type': 'first_tier', 'competition_name': 'Serie A', 'href': '/serie-a/startseite/wettbewerb/IT1', 'seasoned_href': 'https://www.transfermarkt.co.uk/serie-a/startseite/wettbewerb/IT1/plus/0?saison_id=2017'}",,29,26.1,18,62.1 %,12,Mapei Stadium - Città del Tricolore,21584,-34630000.0,Cristian Bucchi,/cristian-bucchi/profil/trainer/25228,https://tmssl.akamaized.net//images/wappen/head/6574.png?lm=1755894334,,us-sassuolo,US Sassuolo,2017-serie-a,2017,serie-a,Serie A,Italy,€5.28bn,first_tier,5280000000.0,62.1
club,/spal/startseite/verein/2722,"{'type': 'competition', 'country_id': '75', 'country_name': 'Italy', 'country_code': 'IT1', 'total_clubs': '20', 'total_players': '536', 'average_age': '26.9', 'foreigner_percentage': '68.7 %', 'average_market_value': None, 'total_value': '€5.28bn', 'competition_type': 'first_tier', 'competition_name': 'Serie A', 'href': '/serie-a/startseite/wettbewerb/IT1', 'seasoned_href': 'https://www.transfermarkt.co.uk/serie-a/startseite/wettbewerb/IT1/plus/0?saison_id=2017'}",,0,0.0,,,0,Paolo Mazza,16134,-0.0,Leonardo Semplici,/leonardo-semplici/profil/trainer/14546,https://tmssl.akamaized.net//images/wappen/head/2722.png?lm=1626441491,,spal,SPAL,2017-serie-a,2017,serie-a,Serie A,Italy,€5.28bn,first_tier,5280000000.0,0.0
club,/benevento-calcio/startseite/verein/4171,"{'type': 'competition', 'country_id': '75', 'country_name': 'Italy', 'country_code': 'IT1', 'total_clubs': '20', 'total_players': '536', 'average_age': '26.9', 'foreigner_percentage': '68.7 %', 'average_market_value': None, 'total_value': '€5.28bn', 'competition_type': 'first_tier', 'competition_name': 'Serie A', 'href': '/serie-a/startseite/wettbewerb/IT1', 'seasoned_href': 'https://www.transfermarkt.co.uk/serie-a/startseite/wettbewerb/IT1/plus/0?saison_id=2017'}",,27,26.9,1,3.7 %,0,Ciro Vigorito,16867,-1070000.0,Marco Baroni,/marco-baroni/profil/trainer/12015,https://tmssl.akamaized.net//images/wappen/head/4171.png?lm=1434444046,,benevento-calcio,Benevento Calcio,2017-serie-a,2017,serie-a,Serie A,Italy,€5.28bn,first_tier,5280000000.0,3.7
club,/fc-bologna/startseite/verein/1025,"{'type': 'competition', 'country_id': '75', 'country_name': 'Italy', 'country_code': 'IT1', 'total_clubs': '20', 'total_players': '536', 'average_age': '26.9', 'foreigner_percentage': '68.7 %', 'average_market_value': None, 'total_value': '€5.28bn', 'competition_type': 'first_tier', 'competition_name': 'Serie A', 'href': '/serie-a/startseite/wettbewerb/IT1', 'seasoned_href': 'https://www.transfermarkt.co.uk/serie-a/startseite/wettbewerb/IT1/plus/0?saison_id=2017'}",,27,27.4,17,63.0 %,11,Stadio Renato Dall’Ara,36462,27700000.0,Roberto Donadoni,/roberto-donadoni/profil/trainer/2047,https://tmssl.akamaized.net//images/wappen/head/1025.png?lm=1626441324,,fc-bologna,Bologna FC 1909,2017-serie-a,2017,serie-a,Serie A,Italy,€5.28bn,first_tier,5280000000.0,63.0
club,/cagliari-calcio/startseite/verein/1390,"{'type': 'competition', 'country_id': '75', 'country_name': 'Italy', 'country_code': 'IT1', 'total_clubs': '20', 'total_players': '536', 'average_age': '26.9', 'foreigner_percentage': '68.7 %', 'average_market_value': None, 'total_value': '€5.28bn', 'competition_type': 'first_tier', 'competition_name': 'Serie A', 'href': '/serie-a/startseite/wettbewerb/IT1', 'seasoned_href': 'https://www.transfermarkt.co.uk/serie-a/startseite/wettbewerb/IT1/plus/0?saison_id=2017'}",,29,25.6,14,48.3 %,6,Unipol Domus,16416,800000.0,Massimo Rastelli,/massimo-rastelli/profil/trainer/16377,https://tmssl.akamaized.net//images/wappen/head/1390.png?lm=1626441409,,cagliari-calcio,Cagliari Calcio,2017-serie-a,2017,serie-a,Serie A,Italy,€5.28bn,first_tier,5280000000.0,48.3
club,/chievo-verona/startseite/verein/862,"{'type': 'competition', 'country_id': '75', 'country_name': 'Italy', 'country_code': 'IT1', 'total_clubs': '20', 'total_players': '536', 'average_age': '26.9', 'foreigner_percentage': '68.7 %', 'average_market_value': None, 'total_value': '€5.28bn', 'competition_type': 'first_tier', 'competition_name': 'Serie A', 'href': '/serie-a/startseite/wettbewerb/IT1', 'seasoned_href': 'https://www.transfermarkt.co.uk/serie-a/startseite/wettbewerb/IT1/plus/0?saison_id=2017'}",,29,25.8,5,17.2 %,0,Comunale Di Sona,500,-0.0,Rolando Maran,/rolando-maran/profil/trainer/3018,https://tmssl.akamaized.net//images/wappen/head/862.png?lm=1730983190,,chievo-verona,Chievo Verona,2017-serie-a,2017,serie-a,Serie A,Italy,€5.28bn,first_tier,5280000000.0,17.2
club,/udinese-calcio/startseite/verein/410,"{'type': 'competition', 'country_id': '75', 'country_name': 'Italy', 'country_code': 'IT1', 'total_clubs': '20', 'total_players': '536', 'average_age': '26.9', 'foreigner_percentage': '68.7 %', 'average_market_value': None, 'total_value': '€5.28bn', 'competition_type': 'first_tier', 'competition_name': 'Serie A', 'href': '/serie-a/startseite/wettbewerb/IT1', 'seasoned_href': 'https://www.transfermarkt.co.uk/serie-a/startseite/wettbewerb/IT1/plus/0?saison_id=2017'}",,26,26.3,21,80.8 %,8,Bluenergy Stadium,25144,47650000.0,Luigi Delneri,/luigi-delneri/profil/trainer/528,https://tmssl.akamaized.net//images/wappen/head/410.png?lm=1688982584,,udinese-calcio,Udinese Calcio,2017-serie-a,2017,serie-a,Serie A,Italy,€5.28bn,first_tier,5280000000.0,80.8
club,/fc-crotone/startseite/verein/4083,"{'type': 'competition', 'country_id': '75', 'country_name': 'Italy', 'country_code': 'IT1', 'total_clubs': '20', 'total_players': '536', 'average_age': '26.9', 'foreigner_percentage': '68.7 %', 'average_market_value': None, 'total_value': '€5.28bn', 'competition_type': 'first_tier', 'competition_name': 'Serie A', 'href': '/serie-a/startseite/wettbewerb/IT1', 'seasoned_href': 'https://www.transfermarkt.co.uk/serie-a/startseite/wettbewerb/IT1/plus/0?saison_id=2017'}",,26,26.4,1,3.8 %,0,Ezio Scida,11780,500000.0,Davide Nicola,/davide-nicola/profil/trainer/14892,https://tmssl.akamaized.net//images/wappen/head/4083.png?lm=1520933356,,fc-crotone,FC Crotone,2017-serie-a,2017,serie-a,Serie A,Italy,€5.28bn,first_tier,5280000000.0,3.8
club,/hellas-verona/startseite/verein/276,"{'type': 'competition', 'country_id': '75', 'country_name': 'Italy', 'country_code': 'IT1', 'total_clubs': '20', 'total_players': '536', 'average_age': '26.9', 'foreigner_percentage': '68.7 %', 'average_market_value': None, 'total_value': '€5.28bn', 'competition_type': 'first_tier', 'competition_name': 'Serie A', 'href': '/serie-a/startseite/wettbewerb/IT1', 'seasoned_href': 'https://www.transfermarkt.co.uk/serie-a/startseite/wettbewerb/IT1/plus/0?saison_id=2017'}",,30,26.0,26,86.7 %,9,Marcantonio Bentegodi,39211,7300000.0,Fabio Pecchia,/fabio-pecchia/profil/trainer/19635,https://tmssl.akamaized.net//images/wappen/head/276.png?lm=1617228746,,hellas-verona,Hellas Verona,2017-serie-a,2017,serie-a,Serie A,Italy,€5.28bn,first_tier,5280000000.0,86.7
club,/tsg-1899-hoffenheim/startseite/verein/533,"{'type': 'competition', 'country_id': '40', 'country_name': 'Germany', 'country_code': 'L1', 'total_clubs': '18', 'total_players': '515', 'average_age': '26.1', 'foreigner_percentage': '59.0 %', 'average_market_value': '\n', 'total_value': '€5.13bn', 'competition_type': 'first_tier', 'competition_name': 'Bundesliga', 'href': '/bundesliga/startseite/wettbewerb/L1', 'seasoned_href': 'https://www.transfermarkt.co.uk/bundesliga/startseite/wettbewerb/L1/plus/0?saison_id=2018'}",,29,25.6,20,69.0 %,11,PreZero Arena,30150,1350000.0,Julian Nagelsmann,/julian-nagelsmann/profil/trainer/8402,https://tmssl.akamaized.net//images/wappen/head/533.png?lm=1675591766,,tsg-1899-hoffenheim,TSG 1899 Hoffenheim,2018-bundesliga,2018,bundesliga,Bundesliga,Germany,€5.13bn,first_tier,5130000000.0,69.0
club,/rasenballsport-leipzig/startseite/verein/23826,"{'type': 'competition', 'country_id': '40', 'country_name': 'Germany', 'country_code': 'L1', 'total_clubs': '18', 'total_players': '515', 'average_age': '26.1', 'foreigner_percentage': '59.0 %', 'average_market_value': '\n', 'total_value': '€5.13bn', 'competition_type': 'first_tier', 'competition_name': 'Bundesliga', 'href': '/bundesliga/startseite/wettbewerb/L1', 'seasoned_href': 'https://www.transfermarkt.co.uk/bundesliga/startseite/wettbewerb/L1/plus/0?saison_id=2018'}",,28,24.3,19,67.9 %,12,Red Bull Arena,47069,38050000.0,Ralf Rangnick,/ralf-rangnick/profil/trainer/196,https://tmssl.akamaized.net//images/wappen/head/23826.png?lm=1619431624,,rasenballsport-leipzig,RB Leipzig,2018-bundesliga,2018,bundesliga,Bundesliga,Germany,€5.13bn,first_tier,5130000000.0,67.9
club,/borussia-dortmund/startseite/verein/16,"{'type': 'competition', 'country_id': '40', 'country_name': 'Germany', 'country_code': 'L1', 'total_clubs': '18', 'total_players': '515', 'average_age': '26.1', 'foreigner_percentage': '59.0 %', 'average_market_value': '\n', 'total_value': '€5.13bn', 'competition_type': 'first_tier', 'competition_name': 'Bundesliga', 'href': '/bundesliga/startseite/wettbewerb/L1', 'seasoned_href': 'https://www.transfermarkt.co.uk/bundesliga/startseite/wettbewerb/L1/plus/0?saison_id=2018'}",,26,26.5,14,53.8 %,16,SIGNAL IDUNA PARK,81365,-23200000.0,Lucien Favre,/lucien-favre/profil/trainer/535,https://tmssl.akamaized.net//images/wappen/head/16.png?lm=1396275280,,borussia-dortmund,Borussia Dortmund,2018-bundesliga,2018,bundesliga,Bundesliga,Germany,€5.13bn,first_tier,5130000000.0,53.8
club,/fc-schalke-04/startseite/verein/33,"{'type': 'competition', 'country_id': '40', 'country_name': 'Germany', 'country_code': 'L1', 'total_clubs': '18', 'total_players': '515', 'average_age': '26.1', 'foreigner_percentage': '59.0 %', 'average_market_value': '\n', 'total_value': '€5.13bn', 'competition_type': 'first_tier', 'competition_name': 'Bundesliga', 'href': '/bundesliga/startseite/wettbewerb/L1', 'seasoned_href': 'https://www.transfermarkt.co.uk/bundesliga/startseite/wettbewerb/L1/plus/0?saison_id=2018'}",,33,26.3,19,57.6 %,6,Veltins-Arena,62278,5350000.0,Domenico Tedesco,/domenico-tedesco/profil/trainer/30857,https://tmssl.akamaized.net//images/wappen/head/33.png?lm=1656580846,,fc-schalke-04,FC Schalke 04,2018-bundesliga,2018,bundesliga,Bundesliga,Germany,€5.13bn,first_tier,5130000000.0,57.6
club,/bayer-04-leverkusen/startseite/verein/15,"{'type': 'competition', 'country_id': '40', 'country_name': 'Germany', 'country_code': 'L1', 'total_clubs': '18', 'total_players': '515', 'average_age': '26.1', 'foreigner_percentage': '59.0 %', 'average_market_value': '\n', 'total_value': '€5.13bn', 'competition_type': 'first_tier', 'competition_name': 'Bundesliga', 'href': '/bundesliga/startseite/wettbewerb/L1', 'seasoned_href': 'https://www.transfermarkt.co.uk/bundesliga/startseite/wettbewerb/L1/plus/0?saison_id=2018'}",,27,26.7,21,77.8 %,12,BayArena,30210,31700000.0,Heiko Herrlich,/heiko-herrlich/profil/trainer/4044,https://tmssl.akamaized.net//images/wappen/head/15.png?lm=1710156317,,bayer-04-leverkusen,Bayer 04 Leverkusen,2018-bundesliga,2018,bundesliga,Bundesliga,Germany,€5.13bn,first_tier,5130000000.0,77.8
club,/hertha-bsc/startseite/verein/44,"{'type': 'competition', 'country_id': '40', 'country_name': 'Germany', 'country_code': 'L1', 'total_clubs': '18', 'total_players': '515', 'average_age': '26.1', 'foreigner_percentage': '59.0 %', 'average_market_value': '\n', 'total_value': '€5.13bn', 'competition_type': 'first_tier', 'competition_name': 'Bundesliga', 'href': '/bundesliga/startseite/wettbewerb/L1', 'seasoned_href': 'https://www.transfermarkt.co.uk/bundesliga/startseite/wettbewerb/L1/plus/0?saison_id=2018'}",,30,26.1,8,26.7 %,1,Olympiastadion Berlin,74667,13550000.0,Pál Dárdai,/pal-dardai/profil/trainer/23118,https://tmssl.akamaized.net//images/wappen/head/44.png?lm=1656580875,,hertha-bsc,Hertha BSC,2018-bundesliga,2018,bundesliga,Bundesliga,Germany,€5.13bn,first_tier,5130000000.0,26.7
club,/eintracht-frankfurt/startseite/verein/24,"{'type': 'competition', 'country_id': '40', 'country_name': 'Germany', 'country_code': 'L1', 'total_clubs': '18', 'total_players': '515', 'average_age': '26.1', 'foreigner_percentage': '59.0 %', 'average_market_value': '\n', 'total_value': '€5.13bn', 'competition_type': 'first_tier', 'competition_name': 'Bundesliga', 'href': '/bundesliga/startseite/wettbewerb/L1', 'seasoned_href': 'https://www.transfermarkt.co.uk/bundesliga/startseite/wettbewerb/L1/plus/0?saison_id=2018'}",,29,25.7,19,65.5 %,14,Deutsche Bank Park,59500,53400000.0,Adi Hütter,/adi-hutter/profil/trainer/5018,https://tmssl.akamaized.net//images/wappen/head/24.png?lm=1700074979,,eintracht-frankfurt,Eintracht Frankfurt,2018-bundesliga,2018,bundesliga,Bundesliga,Germany,€5.13bn,first_tier,5130000000.0,65.5
club,/vfl-wolfsburg/startseite/verein/82,"{'type': 'competition', 'country_id': '40', 'country_name': 'Germany', 'country_code': 'L1', 'total_clubs': '18', 'total_players': '515', 'average_age': '26.1', 'foreigner_percentage': '59.0 %', 'average_market_value': '\n', 'total_value': '€5.13bn', 'competition_type': 'first_tier', 'competition_name': 'Bundesliga', 'href': '/bundesliga/startseite/wettbewerb/L1', 'seasoned_href': 'https://www.transfermarkt.co.uk/bundesliga/startseite/wettbewerb/L1/plus/0?saison_id=2018'}",,33,25.6,24,72.7 %,15,Volkswagen Arena,28917,-30980000.0,Bruno Labbadia,/bruno-labbadia/profil/trainer/588,https://tmssl.akamaized.net//images/wappen/head/82.png?lm=1778348110,,vfl-wolfsburg,VfL Wolfsburg,2018-bundesliga,2018,bundesliga,Bundesliga,Germany,€5.13bn,first_tier,5130000000.0,72.7
club,/fc-bayern-munchen/startseite/verein/27,"{'type': 'competition', 'country_id': '40', 'country_name': 'Germany', 'country_code': 'L1', 'total_clubs': '18', 'total_players': '515', 'average_age': '26.1', 'foreigner_percentage': '59.0 %', 'average_market_value': '\n', 'total_value': '€5.13bn', 'competition_type': 'first_tier', 'competition_name': 'Bundesliga', 'href': '/bundesliga/startseite/wettbewerb/L1', 'seasoned_href': 'https://www.transfermarkt.co.uk/bundesliga/startseite/wettbewerb/L1/plus/0?saison_id=2018'}",,25,27.1,13,52.0 %,20,Allianz Arena,75000,12900000.0,Niko Kovac,/niko-kovac/profil/trainer/10463,https://tmssl.akamaized.net//images/wappen/head/27.png?lm=1729503608,,fc-bayern-munchen,Bayern Munich,2018-bundesliga,2018,bundesliga,Bundesliga,Germany,€5.13bn,first_tier,5130000000.0,52.0
club,/sv-werder-bremen/startseite/verein/86,"{'type': 'competition', 'country_id': '40', 'country_name': 'Germany', 'country_code': 'L1', 'total_clubs': '18', 'total_players': '515', 'average_age': '26.1', 'foreigner_percentage': '59.0 %', 'average_market_value': '\n', 'total_value': '€5.13bn', 'competition_type': 'first_tier', 'competition_name': 'Bundesliga', 'href': '/bundesliga/startseite/wettbewerb/L1', 'seasoned_href': 'https://www.transfermarkt.co.uk/bundesliga/startseite/wettbewerb/L1/plus/0?saison_id=2018'}",,30,25.5,18,60.0 %,9,Weserstadion,41800,-2150000.0,Florian Kohfeldt,/florian-kohfeldt/profil/trainer/16013,https://tmssl.akamaized.net//images/wappen/head/86.png?lm=1403082298,,sv-werder-bremen,SV Werder Bremen,2018-bundesliga,2018,bundesliga,Bundesliga,Germany,€5.13bn,first_tier,5130000000.0,60.0
club,/borussia-monchengladbach/startseite/verein/18,"{'type': 'competition', 'country_id': '40', 'country_name': 'Germany', 'country_code': 'L1', 'total_clubs': '18', 'total_players': '515', 'average_age': '26.1', 'foreigner_percentage': '59.0 %', 'average_market_value': '\n', 'total_value': '€5.13bn', 'competition_type': 'first_tier', 'competition_name': 'Bundesliga', 'href': '/bundesliga/startseite/wettbewerb/L1', 'seasoned_href': 'https://www.transfermarkt.co.uk/bundesliga/startseite/wettbewerb/L1/plus/0?saison_id=2018'}",,28,26.1,15,53.6 %,9,Stadion im Borussia-Park,54042,10750000.0,Dieter Hecking,/dieter-hecking/profil/trainer/306,https://tmssl.akamaized.net//images/wappen/head/18.png?lm=1656585796,,borussia-monchengladbach,Borussia Mönchengladbach,2018-bundesliga,2018,bundesliga,Bundesliga,Germany,€5.13bn,first_tier,5130000000.0,53.6
club,/1-fsv-mainz-05/startseite/verein/39,"{'type': 'competition', 'country_id': '40', 'country_name': 'Germany', 'country_code': 'L1', 'total_clubs': '18', 'total_players': '515', 'average_age': '26.1', 'foreigner_percentage': '59.0 %', 'average_market_value': '\n', 'total_value': '€5.13bn', 'competition_type': 'first_tier', 'competition_name': 'Bundesliga', 'href': '/bundesliga/startseite/wettbewerb/L1', 'seasoned_href': 'https://www.transfermarkt.co.uk/bundesliga/startseite/wettbewerb/L1/plus/0?saison_id=2018'}",,31,27.4,15,48.4 %,10,Mewa Arena,33305,5730000.0,Sandro Schwarz,/sandro-schwarz/profil/trainer/9570,https://tmssl.akamaized.net//images/wappen/head/39.png?lm=1564748880,,1-fsv-mainz-05,1.FSV Mainz 05,2018-bundesliga,2018,bundesliga,Bundesliga,Germany,€5.13bn,first_tier,5130000000.0,48.4
club,/hannover-96/startseite/verein/42,"{'type': 'competition', 'country_id': '40', 'country_name': 'Germany', 'country_code': 'L1', 'total_clubs': '18', 'total_players': '515', 'average_age': '26.1', 'foreigner_percentage': '59.0 %', 'average_market_value': '\n', 'total_value': '€5.13bn', 'competition_type': 'first_tier', 'competition_name': 'Bundesliga', 'href': '/bundesliga/startseite/wettbewerb/L1', 'seasoned_href': 'https://www.transfermarkt.co.uk/bundesliga/startseite/wettbewerb/L1/plus/0?saison_id=2018'}",,30,25.0,16,53.3 %,8,Heinz-von-Heiden-Arena,49000,6680000.0,André Breitenreiter,/andre-breitenreiter/profil/trainer/17465,https://tmssl.akamaized.net//images/wappen/head/42.png?lm=1625590625,,hannover-96,Hannover 96,2018-bundesliga,2018,bundesliga,Bundesliga,Germany,€5.13bn,first_tier,5130000000.0,53.3
club,/fortuna-dusseldorf/startseite/verein/38,"{'type': 'competition', 'country_id': '40', 'country_name': 'Germany', 'country_code': 'L1', 'total_clubs': '18', 'total_players': '515', 'average_age': '26.1', 'foreigner_percentage': '59.0 %', 'average_market_value': '\n', 'total_value': '€5.13bn', 'competition_type': 'first_tier', 'competition_name': 'Bundesliga', 'href': '/bundesliga/startseite/wettbewerb/L1', 'seasoned_href': 'https://www.transfermarkt.co.uk/bundesliga/startseite/wettbewerb/L1/plus/0?saison_id=2018'}",,31,25.6,13,41.9 %,5,MERKUR SPIEL-ARENA,54600,5180000.0,Friedhelm Funkel,/friedhelm-funkel/profil/trainer/72,https://tmssl.akamaized.net//images/wappen/head/38.png?lm=1405514004,,fortuna-dusseldorf,Fortuna Düsseldorf,2018-bundesliga,2018,bundesliga,Bundesliga,Germany,€5.13bn,first_tier,5130000000.0,41.9
club,/1-fc-nurnberg/startseite/verein/4,"{'type': 'competition', 'country_id': '40', 'country_name': 'Germany', 'country_code': 'L1', 'total_clubs': '18', 'total_players': '515', 'average_age': '26.1', 'foreigner_percentage': '59.0 %', 'average_market_value': '\n', 'total_value': '€5.13bn', 'competition_type': 'first_tier', 'competition_name': 'Bundesliga', 'href': '/bundesliga/startseite/wettbewerb/L1', 'seasoned_href': 'https://www.transfermarkt.co.uk/bundesliga/startseite/wettbewerb/L1/plus/0?saison_id=2018'}",,30,23.6,16,53.3 %,4,Max-Morlock-Stadion,50000,10400000.0,Michael Köllner,/michael-kollner/profil/trainer/31636,https://tmssl.akamaized.net//images/wappen/head/4.png?lm=1525459914,,1-fc-nurnberg,1.FC Nuremberg,2018-bundesliga,2018,bundesliga,Bundesliga,Germany,€5.13bn,first_tier,5130000000.0,53.3
club,/sc-freiburg/startseite/verein/60,"{'type': 'competition', 'country_id': '40', 'country_name': 'Germany', 'country_code': 'L1', 'total_clubs': '18', 'total_players': '515', 'average_age': '26.1', 'foreigner_percentage': '59.0 %', 'average_market_value': '\n', 'total_value': '€5.13bn', 'competition_type': 'first_tier', 'competition_name': 'Bundesliga', 'href': '/bundesliga/startseite/wettbewerb/L1', 'seasoned_href': 'https://www.transfermarkt.co.uk/bundesliga/startseite/wettbewerb/L1/plus/0?saison_id=2018'}",,25,28.2,9,36.0 %,5,Europa-Park Stadion,34700,-2650000.0,Christian Streich,/christian-streich/profil/trainer/2989,https://tmssl.akamaized.net//images/wappen/head/60.png?lm=1517249279,,sc-freiburg,SC Freiburg,2018-bundesliga,2018,bundesliga,Bundesliga,Germany,€5.13bn,first_tier,5130000000.0,36.0
club,/vfb-stuttgart/startseite/verein/79,"{'type': 'competition', 'country_id': '40', 'country_name': 'Germany', 'country_code': 'L1', 'total_clubs': '18', 'total_players': '515', 'average_age': '26.1', 'foreigner_percentage': '59.0 %', 'average_market_value': '\n', 'total_value': '€5.13bn', 'competition_type': 'first_tier', 'competition_name': 'Bundesliga', 'href': '/bundesliga/startseite/wettbewerb/L1', 'seasoned_href': 'https://www.transfermarkt.co.uk/bundesliga/startseite/wettbewerb/L1/plus/0?saison_id=2018'}",,30,25.0,14,46.7 %,14,MHPArena Stuttgart,60449,57050000.0,Tayfun Korkut,/tayfun-korkut/profil/trainer/12668,https://tmssl.akamaized.net//images/wappen/head/79.png?lm=1680587427,,vfb-stuttgart,VfB Stuttgart,2018-bundesliga,2018,bundesliga,Bundesliga,Germany,€5.13bn,first_tier,5130000000.0,46.7
club,/fc-augsburg/startseite/verein/167,"{'type': 'competition', 'country_id': '40', 'country_name': 'Germany', 'country_code': 'L1', 'total_clubs': '18', 'total_players': '515', 'average_age': '26.1', 'foreigner_percentage': '59.0 %', 'average_market_value': '\n', 'total_value': '€5.13bn', 'competition_type': 'first_tier', 'competition_name': 'Bundesliga', 'href': '/bundesliga/startseite/wettbewerb/L1', 'seasoned_href': 'https://www.transfermarkt.co.uk/bundesliga/startseite/wettbewerb/L1/plus/0?saison_id=2018'}",,29,25.7,19,65.5 %,8,WWK ARENA,30660,-8450000.0,Manuel Baum,/manuel-baum/profil/trainer/10070,https://tmssl.akamaized.net//images/wappen/head/167.png?lm=1656582897,,fc-augsburg,FC Augsburg,2018-bundesliga,2018,bundesliga,Bundesliga,Germany,€5.13bn,first_tier,5130000000.0,65.5
club,/rsc-charleroi/startseite/verein/172,"{'type': 'competition', 'country_id': '19', 'country_name': 'Belgium', 'country_code': 'BE1', 'total_clubs': '16', 'total_players': '454', 'average_age': '24.7', 'foreigner_percentage': '62.6 %', 'average_market_value': None, 'total_value': '€1.13bn', 'competition_type': 'first_tier', 'competition_name': 'Jupiler Pro League', 'href': '/jupiler-pro-league/startseite/wettbewerb/BE1', 'seasoned_href': 'https://www.transfermarkt.co.uk/jupiler-pro-league/startseite/wettbewerb/BE1/plus/0?saison_id=2018'}",,27,24.8,17,63.0 %,5,Stade du Pays de Charleroi,14968,12960000.0,Felice Mazzù,/felice-mazzu/profil/trainer/7843,https://tmssl.akamaized.net//images/wappen/head/172.png?lm=1448474590,,rsc-charleroi,Royal Charleroi SC,2018-jupiler-pro-league,2018,jupiler-pro-league,Jupiler Pro League,Belgium,€1.13bn,first_tier,1130000000.0,63.0
club,/standard-luttich/startseite/verein/3057,"{'type': 'competition', 'country_id': '19', 'country_name': 'Belgium', 'country_code': 'BE1', 'total_clubs': '16', 'total_players': '454', 'average_age': '24.7', 'foreigner_percentage': '62.6 %', 'average_market_value': None, 'total_value': '€1.13bn', 'competition_type': 'first_tier', 'competition_name': 'Jupiler Pro League', 'href': '/jupiler-pro-league/startseite/wettbewerb/BE1', 'seasoned_href': 'https://www.transfermarkt.co.uk/jupiler-pro-league/startseite/wettbewerb/BE1/plus/0?saison_id=2018'}",,31,26.4,21,67.7 %,6,Maurice Dufrasne Stadion,27221,400000.0,Michel Preud'homme,/michel-preudhomme/profil/trainer/3729,https://tmssl.akamaized.net//images/wappen/head/3057.png?lm=1719832545,,standard-luttich,Standard Liège,2018-jupiler-pro-league,2018,jupiler-pro-league,Jupiler Pro League,Belgium,€1.13bn,first_tier,1130000000.0,67.7
club,/krc-genk/startseite/verein/1184,"{'type': 'competition', 'country_id': '19', 'country_name': 'Belgium', 'country_code': 'BE1', 'total_clubs': '16', 'total_players': '454', 'average_age': '24.7', 'foreigner_percentage': '62.6 %', 'average_market_value': None, 'total_value': '€1.13bn', 'competition_type': 'first_tier', 'competition_name': 'Jupiler Pro League', 'href': '/jupiler-pro-league/startseite/wettbewerb/BE1', 'seasoned_href': 'https://www.transfermarkt.co.uk/jupiler-pro-league/startseite/wettbewerb/BE1/plus/0?saison_id=2018'}",,27,23.8,14,51.9 %,9,Cegeka Arena,23718,41300000.0,Philippe Clement,/philippe-clement/profil/trainer/26691,https://tmssl.akamaized.net//images/wappen/head/1184.png?lm=1717666245,,krc-genk,KRC Genk,2018-jupiler-pro-league,2018,jupiler-pro-league,Jupiler Pro League,Belgium,€1.13bn,first_tier,1130000000.0,51.9
club,/sv-zulte-waregem/startseite/verein/3508,"{'type': 'competition', 'country_id': '19', 'country_name': 'Belgium', 'country_code': 'BE1', 'total_clubs': '16', 'total_players': '454', 'average_age': '24.7', 'foreigner_percentage': '62.6 %', 'average_market_value': None, 'total_value': '€1.13bn', 'competition_type': 'first_tier', 'competition_name': 'Jupiler Pro League', 'href': '/jupiler-pro-league/startseite/wettbewerb/BE1', 'seasoned_href': 'https://www.transfermarkt.co.uk/jupiler-pro-league/startseite/wettbewerb/BE1/plus/0?saison_id=2018'}",,31,24.4,17,54.8 %,1,Elindus Arena,12698,9670000.0,Francky Dury,/francky-dury/profil/trainer/1848,https://tmssl.akamaized.net//images/wappen/head/3508.png?lm=1420103130,,sv-zulte-waregem,Zulte Waregem,2018-jupiler-pro-league,2018,jupiler-pro-league,Jupiler Pro League,Belgium,€1.13bn,first_tier,1130000000.0,54.8
club,/royal-antwerpen-fc/startseite/verein/1096,"{'type': 'competition', 'country_id': '19', 'country_name': 'Belgium', 'country_code': 'BE1', 'total_clubs': '16', 'total_players': '454', 'average_age': '24.7', 'foreigner_percentage': '62.6 %', 'average_market_value': None, 'total_value': '€1.13bn', 'competition_type': 'first_tier', 'competition_name': 'Jupiler Pro League', 'href': '/jupiler-pro-league/startseite/wettbewerb/BE1', 'seasoned_href': 'https://www.transfermarkt.co.uk/jupiler-pro-league/startseite/wettbewerb/BE1/plus/0?saison_id=2018'}",,32,24.4,17,53.1 %,5,Bosuilstadion,21000,42750000.0,Ladislau Bölöni,/ladislau-boloni/profil/trainer/1227,https://tmssl.akamaized.net//images/wappen/head/1096.png?lm=1623758865,,royal-antwerpen-fc,Royal Antwerp FC,2018-jupiler-pro-league,2018,jupiler-pro-league,Jupiler Pro League,Belgium,€1.13bn,first_tier,1130000000.0,53.1
club,/vv-st-truiden/startseite/verein/475,"{'type': 'competition', 'country_id': '19', 'country_name': 'Belgium', 'country_code': 'BE1', 'total_clubs': '16', 'total_players': '454', 'average_age': '24.7', 'foreigner_percentage': '62.6 %', 'average_market_value': None, 'total_value': '€1.13bn', 'competition_type': 'first_tier', 'competition_name': 'Jupiler Pro League', 'href': '/jupiler-pro-league/startseite/wettbewerb/BE1', 'seasoned_href': 'https://www.transfermarkt.co.uk/jupiler-pro-league/startseite/wettbewerb/BE1/plus/0?saison_id=2018'}",,26,25.6,18,69.2 %,4,Daio Wasabi Stayen Stadium,11337,6200000.0,Marc Brys,/marc-brys/profil/trainer/1010,https://tmssl.akamaized.net//images/wappen/head/475.png?lm=1448474474,,vv-st-truiden,Sint-Truidense VV,2018-jupiler-pro-league,2018,jupiler-pro-league,Jupiler Pro League,Belgium,€1.13bn,first_tier,1130000000.0,69.2
club,/kaa-gent/startseite/verein/157,"{'type': 'competition', 'country_id': '19', 'country_name': 'Belgium', 'country_code': 'BE1', 'total_clubs': '16', 'total_players': '454', 'average_age': '24.7', 'foreigner_percentage': '62.6 %', 'average_market_value': None, 'total_value': '€1.13bn', 'competition_type': 'first_tier', 'competition_name': 'Jupiler Pro League', 'href': '/jupiler-pro-league/startseite/wettbewerb/BE1', 'seasoned_href': 'https://www.transfermarkt.co.uk/jupiler-pro-league/startseite/wettbewerb/BE1/plus/0?saison_id=2018'}",,30,24.2,18,60.0 %,6,Planet Group arena,20185,17850000.0,Yves Vanderhaeghe,/yves-vanderhaeghe/profil/trainer/6744,https://tmssl.akamaized.net//images/wappen/head/157.png?lm=1715694765,,kaa-gent,KAA Gent,2018-jupiler-pro-league,2018,jupiler-pro-league,Jupiler Pro League,Belgium,€1.13bn,first_tier,1130000000.0,60.0
club,/fc-brugge/startseite/verein/2282,"{'type': 'competition', 'country_id': '19', 'country_name': 'Belgium', 'country_code': 'BE1', 'total_clubs': '16', 'total_players': '454', 'average_age': '24.7', 'foreigner_percentage': '62.6 %', 'average_market_value': None, 'total_value': '€1.13bn', 'competition_type': 'first_tier', 'competition_name': 'Jupiler Pro League', 'href': '/jupiler-pro-league/startseite/wettbewerb/BE1', 'seasoned_href': 'https://www.transfermarkt.co.uk/jupiler-pro-league/startseite/wettbewerb/BE1/plus/0?saison_id=2018'}",,28,24.3,16,57.1 %,12,Jan Breydelstadion,29062,49000000.0,Dévy Rigaux,/devy-rigaux/profil/trainer/52056,https://tmssl.akamaized.net//images/wappen/head/2282.png?lm=1716279106,,fc-brugge,Club Brugge KV,2018-jupiler-pro-league,2018,jupiler-pro-league,Jupiler Pro League,Belgium,€1.13bn,first_tier,1130000000.0,57.1
club,/kv-kortrijk/startseite/verein/601,"{'type': 'competition', 'country_id': '19', 'country_name': 'Belgium', 'country_code': 'BE1', 'total_clubs': '16', 'total_players': '454', 'average_age': '24.7', 'foreigner_percentage': '62.6 %', 'average_market_value': None, 'total_value': '€1.13bn', 'competition_type': 'first_tier', 'competition_name': 'Jupiler Pro League', 'href': '/jupiler-pro-league/startseite/wettbewerb/BE1', 'seasoned_href': 'https://www.transfermarkt.co.uk/jupiler-pro-league/startseite/wettbewerb/BE1/plus/0?saison_id=2018'}",,27,25.3,14,51.9 %,2,Guldensporenstadion,9399,4000000.0,Glen De Boeck,/glen-de-boeck/profil/trainer/2929,https://tmssl.akamaized.net//images/wappen/head/601.png?lm=1534260191,,kv-kortrijk,KV Kortrijk,2018-jupiler-pro-league,2018,jupiler-pro-league,Jupiler Pro League,Belgium,€1.13bn,first_tier,1130000000.0,51.9
club,/rsc-anderlecht/startseite/verein/58,"{'type': 'competition', 'country_id': '19', 'country_name': 'Belgium', 'country_code': 'BE1', 'total_clubs': '16', 'total_players': '454', 'average_age': '24.7', 'foreigner_percentage': '62.6 %', 'average_market_value': None, 'total_value': '€1.13bn', 'competition_type': 'first_tier', 'competition_name': 'Jupiler Pro League', 'href': '/jupiler-pro-league/startseite/wettbewerb/BE1', 'seasoned_href': 'https://www.transfermarkt.co.uk/jupiler-pro-league/startseite/wettbewerb/BE1/plus/0?saison_id=2018'}",,30,24.6,20,66.7 %,7,Lotto Park,21900,14190000.0,Hein Vanhaezebrouck,/hein-vanhaezebrouck/profil/trainer/14472,https://tmssl.akamaized.net//images/wappen/head/58.png?lm=1718695206,,rsc-anderlecht,RSC Anderlecht,2018-jupiler-pro-league,2018,jupiler-pro-league,Jupiler Pro League,Belgium,€1.13bn,first_tier,1130000000.0,66.7
club,/waasland-beveren/startseite/verein/28643,"{'type': 'competition', 'country_id': '19', 'country_name': 'Belgium', 'country_code': 'BE1', 'total_clubs': '16', 'total_players': '454', 'average_age': '24.7', 'foreigner_percentage': '62.6 %', 'average_market_value': None, 'total_value': '€1.13bn', 'competition_type': 'first_tier', 'competition_name': 'Jupiler Pro League', 'href': '/jupiler-pro-league/startseite/wettbewerb/BE1', 'seasoned_href': 'https://www.transfermarkt.co.uk/jupiler-pro-league/startseite/wettbewerb/BE1/plus/0?saison_id=2018'}",,25,25.8,12,48.0 %,2,Freethielstadion,8156,1440000.0,Yannick Ferrera,/yannick-ferrera/profil/trainer/24916,https://tmssl.akamaized.net//images/wappen/head/28643.png?lm=1656665372,,waasland-beveren,SK Beveren,2018-jupiler-pro-league,2018,jupiler-pro-league,Jupiler Pro League,Belgium,€1.13bn,first_tier,1130000000.0,48.0
club,/kv-oostende/startseite/verein/2861,"{'type': 'competition', 'country_id': '19', 'country_name': 'Belgium', 'country_code': 'BE1', 'total_clubs': '16', 'total_players': '454', 'average_age': '24.7', 'foreigner_percentage': '62.6 %', 'average_market_value': None, 'total_value': '€1.13bn', 'competition_type': 'first_tier', 'competition_name': 'Jupiler Pro League', 'href': '/jupiler-pro-league/startseite/wettbewerb/BE1', 'seasoned_href': 'https://www.transfermarkt.co.uk/jupiler-pro-league/startseite/wettbewerb/BE1/plus/0?saison_id=2018'}",,0,0.0,,,0,Diaz Arena,8432,-0.0,Gert Verheyen,/gert-verheyen/profil/trainer/3628,https://tmssl.akamaized.net//images/wappen/head/2861.png?lm=1625231721,,kv-oostende,KV Oostende (-2024),2018-jupiler-pro-league,2018,jupiler-pro-league,Jupiler Pro League,Belgium,€1.13bn,first_tier,1130000000.0,0.0
club,/cercle-brugge/startseite/verein/520,"{'type': 'competition', 'country_id': '19', 'country_name': 'Belgium', 'country_code': 'BE1', 'total_clubs': '16', 'total_players': '454', 'average_age': '24.7', 'foreigner_percentage': '62.6 %', 'average_market_value': None, 'total_value': '€1.13bn', 'competition_type': 'first_tier', 'competition_name': 'Jupiler Pro League', 'href': '/jupiler-pro-league/startseite/wettbewerb/BE1', 'seasoned_href': 'https://www.transfermarkt.co.uk/jupiler-pro-league/startseite/wettbewerb/BE1/plus/0?saison_id=2018'}",,26,23.4,18,69.2 %,2,Jan Breydelstadion,29062,10450000.0,Laurent Guyot,/laurent-guyot/profil/trainer/10371,https://tmssl.akamaized.net//images/wappen/head/520.png?lm=1713864588,,cercle-brugge,Cercle Brugge,2018-jupiler-pro-league,2018,jupiler-pro-league,Jupiler Pro League,Belgium,€1.13bn,first_tier,1130000000.0,69.2
club,/ksc-lokeren/startseite/verein/498,"{'type': 'competition', 'country_id': '19', 'country_name': 'Belgium', 'country_code': 'BE1', 'total_clubs': '16', 'total_players': '454', 'average_age': '24.7', 'foreigner_percentage': '62.6 %', 'average_market_value': None, 'total_value': '€1.13bn', 'competition_type': 'first_tier', 'competition_name': 'Jupiler Pro League', 'href': '/jupiler-pro-league/startseite/wettbewerb/BE1', 'seasoned_href': 'https://www.transfermarkt.co.uk/jupiler-pro-league/startseite/wettbewerb/BE1/plus/0?saison_id=2018'}",,0,0.0,,,0,Daknamstadion,12000,-0.0,Peter Maes,/peter-maes/profil/trainer/3249,https://tmssl.akamaized.net//images/wappen/head/498.png?lm=1536867901,,ksc-lokeren,KSC Lokeren (-2020),2018-jupiler-pro-league,2018,jupiler-pro-league,Jupiler Pro League,Belgium,€1.13bn,first_tier,1130000000.0,0.0
club,/royal-excel-mouscron/startseite/verein/29228,"{'type': 'competition', 'country_id': '19', 'country_name': 'Belgium', 'country_code': 'BE1', 'total_clubs': '16', 'total_players': '454', 'average_age': '24.7', 'foreigner_percentage': '62.6 %', 'average_market_value': None, 'total_value': '€1.13bn', 'competition_type': 'first_tier', 'competition_name': 'Jupiler Pro League', 'href': '/jupiler-pro-league/startseite/wettbewerb/BE1', 'seasoned_href': 'https://www.transfermarkt.co.uk/jupiler-pro-league/startseite/wettbewerb/BE1/plus/0?saison_id=2018'}",,0,0.0,,,0,Le Canonnier,10830,-0.0,Frank Defays,/frank-defays/profil/trainer/31048,https://tmssl.akamaized.net//images/wappen/head/29228.png?lm=1547241629,,royal-excel-mouscron,Royal Excel Mouscron (-2022),2018-jupiler-pro-league,2018,jupiler-pro-league,Jupiler Pro League,Belgium,€1.13bn,first_tier,1130000000.0,0.0
club,/kas-eupen/startseite/verein/1245,"{'type': 'competition', 'country_id': '19', 'country_name': 'Belgium', 'country_code': 'BE1', 'total_clubs': '16', 'total_players': '454', 'average_age': '24.7', 'foreigner_percentage': '62.6 %', 'average_market_value': None, 'total_value': '€1.13bn', 'competition_type': 'first_tier', 'competition_name': 'Jupiler Pro League', 'href': '/jupiler-pro-league/startseite/wettbewerb/BE1', 'seasoned_href': 'https://www.transfermarkt.co.uk/jupiler-pro-league/startseite/wettbewerb/BE1/plus/0?saison_id=2018'}",,31,25.3,20,64.5 %,1,Kehrweg-Stadion,8363,-0.0,Claude Makélélé,/claude-makelele/profil/trainer/22505,https://tmssl.akamaized.net//images/wappen/head/1245.png?lm=1464260524,,kas-eupen,KAS Eupen,2018-jupiler-pro-league,2018,jupiler-pro-league,Jupiler Pro League,Belgium,€1.13bn,first_tier,1130000000.0,64.5
club,/fc-villarreal/startseite/verein/1050,"{'type': 'competition', 'country_id': '157', 'country_name': 'Spain', 'country_code': 'ES1', 'total_clubs': '20', 'total_players': '522', 'average_age': '27.5', 'foreigner_percentage': '43.7 %', 'average_market_value': None, 'total_value': '€5.44bn', 'competition_type': 'first_tier', 'competition_name': 'LaLiga', 'href': '/laliga/startseite/wettbewerb/ES1', 'seasoned_href': 'https://www.transfermarkt.co.uk/laliga/startseite/wettbewerb/ES1/plus/0?saison_id=2018'}",,27,26.6,13,48.1 %,11,La Cerámica,23500,2500000.0,Javier Calleja,/javier-calleja/profil/trainer/42706,https://tmssl.akamaized.net//images/wappen/head/1050.png?lm=1408655310,,fc-villarreal,Villarreal CF,2018-laliga,2018,laliga,LaLiga,Spain,€5.44bn,first_tier,5440000000.0,48.1
club,/fc-valencia/startseite/verein/1049,"{'type': 'competition', 'country_id': '157', 'country_name': 'Spain', 'country_code': 'ES1', 'total_clubs': '20', 'total_players': '522', 'average_age': '27.5', 'foreigner_percentage': '43.7 %', 'average_market_value': None, 'total_value': '€5.44bn', 'competition_type': 'first_tier', 'competition_name': 'LaLiga', 'href': '/laliga/startseite/wettbewerb/ES1', 'seasoned_href': 'https://www.transfermarkt.co.uk/laliga/startseite/wettbewerb/ES1/plus/0?saison_id=2018'}",,27,28.3,14,51.9 %,4,Mestalla,49430,9630000.0,Marcelino,/marcelino/profil/trainer/5095,https://tmssl.akamaized.net//images/wappen/head/1049.png?lm=1406966320,,fc-valencia,Valencia CF,2018-laliga,2018,laliga,LaLiga,Spain,€5.44bn,first_tier,5440000000.0,51.9
club,/fc-sevilla/startseite/verein/368,"{'type': 'competition', 'country_id': '157', 'country_name': 'Spain', 'country_code': 'ES1', 'total_clubs': '20', 'total_players': '522', 'average_age': '27.5', 'foreigner_percentage': '43.7 %', 'average_market_value': None, 'total_value': '€5.44bn', 'competition_type': 'first_tier', 'competition_name': 'LaLiga', 'href': '/laliga/startseite/wettbewerb/ES1', 'seasoned_href': 'https://www.transfermarkt.co.uk/laliga/startseite/wettbewerb/ES1/plus/0?saison_id=2018'}",,28,28.1,17,60.7 %,8,Ramón Sánchez-Pizjuán,43883,54750000.0,Pablo Machín,/pablo-machin/profil/trainer/6386,https://tmssl.akamaized.net//images/wappen/head/368.png?lm=1730896593,,fc-sevilla,Sevilla FC,2018-laliga,2018,laliga,LaLiga,Spain,€5.44bn,first_tier,5440000000.0,60.7
club,/real-madrid/startseite/verein/418,"{'type': 'competition', 'country_id': '157', 'country_name': 'Spain', 'country_code': 'ES1', 'total_clubs': '20', 'total_players': '522', 'average_age': '27.5', 'foreigner_percentage': '43.7 %', 'average_market_value': None, 'total_value': '€5.44bn', 'competition_type': 'first_tier', 'competition_name': 'LaLiga', 'href': '/laliga/startseite/wettbewerb/ES1', 'seasoned_href': 'https://www.transfermarkt.co.uk/laliga/startseite/wettbewerb/ES1/plus/0?saison_id=2018'}",,29,25.8,17,58.6 %,17,Santiago Bernabéu,83186,-165500000.0,Julen Lopetegui,/julen-lopetegui/profil/trainer/6615,https://tmssl.akamaized.net//images/wappen/head/418.png?lm=1729684474,,real-madrid,Real Madrid,2018-laliga,2018,laliga,LaLiga,Spain,€5.44bn,first_tier,5440000000.0,58.6
club,/fc-barcelona/startseite/verein/131,"{'type': 'competition', 'country_id': '157', 'country_name': 'Spain', 'country_code': 'ES1', 'total_clubs': '20', 'total_players': '522', 'average_age': '27.5', 'foreigner_percentage': '43.7 %', 'average_market_value': None, 'total_value': '€5.44bn', 'competition_type': 'first_tier', 'competition_name': 'LaLiga', 'href': '/laliga/startseite/wettbewerb/ES1', 'seasoned_href': 'https://www.transfermarkt.co.uk/laliga/startseite/wettbewerb/ES1/plus/0?saison_id=2018'}",,25,25.6,11,44.0 %,19,Spotify Camp Nou,62657,3700000.0,Ernesto Valverde,/ernesto-valverde/profil/trainer/1559,https://tmssl.akamaized.net//images/wappen/head/131.png?lm=1406739548,,fc-barcelona,FC Barcelona,2018-laliga,2018,laliga,LaLiga,Spain,€5.44bn,first_tier,5440000000.0,44.0
club,/celta-vigo/startseite/verein/940,"{'type': 'competition', 'country_id': '157', 'country_name': 'Spain', 'country_code': 'ES1', 'total_clubs': '20', 'total_players': '522', 'average_age': '27.5', 'foreigner_percentage': '43.7 %', 'average_market_value': None, 'total_value': '€5.44bn', 'competition_type': 'first_tier', 'competition_name': 'LaLiga', 'href': '/laliga/startseite/wettbewerb/ES1', 'seasoned_href': 'https://www.transfermarkt.co.uk/laliga/startseite/wettbewerb/ES1/plus/0?saison_id=2018'}",,28,27.2,9,32.1 %,6,Abanca Balaídos,22803,41700000.0,Antonio Mohamed,/antonio-mohamed/profil/trainer/4882,https://tmssl.akamaized.net//images/wappen/head/940.png?lm=1406966406,,celta-vigo,Celta de Vigo,2018-laliga,2018,laliga,LaLiga,Spain,€5.44bn,first_tier,5440000000.0,32.1
club,/real-sociedad-san-sebastian/startseite/verein/681,"{'type': 'competition', 'country_id': '157', 'country_name': 'Spain', 'country_code': 'ES1', 'total_clubs': '20', 'total_players': '522', 'average_age': '27.5', 'foreigner_percentage': '43.7 %', 'average_market_value': None, 'total_value': '€5.44bn', 'competition_type': 'first_tier', 'competition_name': 'LaLiga', 'href': '/laliga/startseite/wettbewerb/ES1', 'seasoned_href': 'https://www.transfermarkt.co.uk/laliga/startseite/wettbewerb/ES1/plus/0?saison_id=2018'}",,25,26.3,9,36.0 %,14,Anoeta,40000,63500000.0,Asier Garitano,/asier-garitano/profil/trainer/7921,https://tmssl.akamaized.net//images/wappen/head/681.png?lm=1614795530,,real-sociedad-san-sebastian,Real Sociedad,2018-laliga,2018,laliga,LaLiga,Spain,€5.44bn,first_tier,5440000000.0,36.0
club,/athletic-bilbao/startseite/verein/621,"{'type': 'competition', 'country_id': '157', 'country_name': 'Spain', 'country_code': 'ES1', 'total_clubs': '20', 'total_players': '522', 'average_age': '27.5', 'foreigner_percentage': '43.7 %', 'average_market_value': None, 'total_value': '€5.44bn', 'competition_type': 'first_tier', 'competition_name': 'LaLiga', 'href': '/laliga/startseite/wettbewerb/ES1', 'seasoned_href': 'https://www.transfermarkt.co.uk/laliga/startseite/wettbewerb/ES1/plus/0?saison_id=2018'}",,28,27.3,3,10.7 %,6,San Mamés,53289,-17800000.0,Eduardo Berizzo,/eduardo-berizzo/profil/trainer/22079,https://tmssl.akamaized.net//images/wappen/head/621.png?lm=1695069038,,athletic-bilbao,Athletic Bilbao,2018-laliga,2018,laliga,LaLiga,Spain,€5.44bn,first_tier,5440000000.0,10.7
club,/atletico-madrid/startseite/verein/13,"{'type': 'competition', 'country_id': '157', 'country_name': 'Spain', 'country_code': 'ES1', 'total_clubs': '20', 'total_players': '522', 'average_age': '27.5', 'foreigner_percentage': '43.7 %', 'average_market_value': None, 'total_value': '€5.44bn', 'competition_type': 'first_tier', 'competition_name': 'LaLiga', 'href': '/laliga/startseite/wettbewerb/ES1', 'seasoned_href': 'https://www.transfermarkt.co.uk/laliga/startseite/wettbewerb/ES1/plus/0?saison_id=2018'}",,23,27.8,16,69.6 %,18,Riyadh Air Metropolitano,70460,-85450000.0,Diego Simeone,/diego-simeone/profil/trainer/2868,https://tmssl.akamaized.net//images/wappen/head/13.png?lm=1719915566,,atletico-madrid,Atlético de Madrid,2018-laliga,2018,laliga,LaLiga,Spain,€5.44bn,first_tier,5440000000.0,69.6
club,/real-betis-sevilla/startseite/verein/150,"{'type': 'competition', 'country_id': '157', 'country_name': 'Spain', 'country_code': 'ES1', 'total_clubs': '20', 'total_players': '522', 'average_age': '27.5', 'foreigner_percentage': '43.7 %', 'average_market_value': None, 'total_value': '€5.44bn', 'competition_type': 'first_tier', 'competition_name': 'LaLiga', 'href': '/laliga/startseite/wettbewerb/ES1', 'seasoned_href': 'https://www.transfermarkt.co.uk/laliga/startseite/wettbewerb/ES1/plus/0?saison_id=2018'}",,27,29.3,13,48.1 %,9,La Cartuja,71374,-875000.0,Quique Setién,/quique-setien/profil/trainer/12440,https://tmssl.akamaized.net//images/wappen/head/150.png?lm=1663358526,,real-betis-sevilla,Real Betis Balompié,2018-laliga,2018,laliga,LaLiga,Spain,€5.44bn,first_tier,5440000000.0,48.1
club,/fc-getafe/startseite/verein/3709,"{'type': 'competition', 'country_id': '157', 'country_name': 'Spain', 'country_code': 'ES1', 'total_clubs': '20', 'total_players': '522', 'average_age': '27.5', 'foreigner_percentage': '43.7 %', 'average_market_value': None, 'total_value': '€5.44bn', 'competition_type': 'first_tier', 'competition_name': 'LaLiga', 'href': '/laliga/startseite/wettbewerb/ES1', 'seasoned_href': 'https://www.transfermarkt.co.uk/laliga/startseite/wettbewerb/ES1/plus/0?saison_id=2018'}",,25,28.4,13,52.0 %,2,Coliseum,16800,10800000.0,José Bordalás,/jose-bordalas/profil/trainer/6440,https://tmssl.akamaized.net//images/wappen/head/3709.png?lm=1408655116,,fc-getafe,Getafe CF,2018-laliga,2018,laliga,LaLiga,Spain,€5.44bn,first_tier,5440000000.0,52.0
club,/espanyol-barcelona/startseite/verein/714,"{'type': 'competition', 'country_id': '157', 'country_name': 'Spain', 'country_code': 'ES1', 'total_clubs': '20', 'total_players': '522', 'average_age': '27.5', 'foreigner_percentage': '43.7 %', 'average_market_value': None, 'total_value': '€5.44bn', 'competition_type': 'first_tier', 'competition_name': 'LaLiga', 'href': '/laliga/startseite/wettbewerb/ES1', 'seasoned_href': 'https://www.transfermarkt.co.uk/laliga/startseite/wettbewerb/ES1/plus/0?saison_id=2018'}",,24,27.4,7,29.2 %,2,RCDE Stadium,37776,9800000.0,Rubi,/rubi/profil/trainer/24307,https://tmssl.akamaized.net//images/wappen/head/714.png?lm=1406966369,,espanyol-barcelona,RCD Espanyol Barcelona,2018-laliga,2018,laliga,LaLiga,Spain,€5.44bn,first_tier,5440000000.0,29.2
club,/ud-levante/startseite/verein/3368,"{'type': 'competition', 'country_id': '157', 'country_name': 'Spain', 'country_code': 'ES1', 'total_clubs': '20', 'total_players': '522', 'average_age': '27.5', 'foreigner_percentage': '43.7 %', 'average_market_value': None, 'total_value': '€5.44bn', 'competition_type': 'first_tier', 'competition_name': 'LaLiga', 'href': '/laliga/startseite/wettbewerb/ES1', 'seasoned_href': 'https://www.transfermarkt.co.uk/laliga/startseite/wettbewerb/ES1/plus/0?saison_id=2018'}",,27,25.9,8,29.6 %,4,Ciutat de València,26354,300000.0,Paco López,/paco-lopez/profil/trainer/8115,https://tmssl.akamaized.net//images/wappen/head/3368.png?lm=1408655062,,ud-levante,Levante UD,2018-laliga,2018,laliga,LaLiga,Spain,€5.44bn,first_tier,5440000000.0,29.6
club,/deportivo-alaves/startseite/verein/1108,"{'type': 'competition', 'country_id': '157', 'country_name': 'Spain', 'country_code': 'ES1', 'total_clubs': '20', 'total_players': '522', 'average_age': '27.5', 'foreigner_percentage': '43.7 %', 'average_market_value': None, 'total_value': '€5.44bn', 'competition_type': 'first_tier', 'competition_name': 'LaLiga', 'href': '/laliga/startseite/wettbewerb/ES1', 'seasoned_href': 'https://www.transfermarkt.co.uk/laliga/startseite/wettbewerb/ES1/plus/0?saison_id=2018'}",,24,28.2,10,41.7 %,3,Mendizorroza,19840,20880000.0,Abelardo,/abelardo/profil/trainer/6809,https://tmssl.akamaized.net//images/wappen/head/1108.png?lm=1596131395,,deportivo-alaves,Deportivo Alavés,2018-laliga,2018,laliga,LaLiga,Spain,€5.44bn,first_tier,5440000000.0,41.7
club,/cd-leganes/startseite/verein/1244,"{'type': 'competition', 'country_id': '157', 'country_name': 'Spain', 'country_code': 'ES1', 'total_clubs': '20', 'total_players': '522', 'average_age': '27.5', 'foreigner_percentage': '43.7 %', 'average_market_value': None, 'total_value': '€5.44bn', 'competition_type': 'first_tier', 'competition_name': 'LaLiga', 'href': '/laliga/startseite/wettbewerb/ES1', 'seasoned_href': 'https://www.transfermarkt.co.uk/laliga/startseite/wettbewerb/ES1/plus/0?saison_id=2018'}",,24,28.0,5,20.8 %,3,Ontime Butarque,14422,17050000.0,Mauricio Pellegrino,/mauricio-pellegrino/profil/trainer/7827,https://tmssl.akamaized.net//images/wappen/head/1244.png?lm=1764600019,,cd-leganes,CD Leganés,2018-laliga,2018,laliga,LaLiga,Spain,€5.44bn,first_tier,5440000000.0,20.8
club,/sd-huesca/startseite/verein/5358,"{'type': 'competition', 'country_id': '157', 'country_name': 'Spain', 'country_code': 'ES1', 'total_clubs': '20', 'total_players': '522', 'average_age': '27.5', 'foreigner_percentage': '43.7 %', 'average_market_value': None, 'total_value': '€5.44bn', 'competition_type': 'first_tier', 'competition_name': 'LaLiga', 'href': '/laliga/startseite/wettbewerb/ES1', 'seasoned_href': 'https://www.transfermarkt.co.uk/laliga/startseite/wettbewerb/ES1/plus/0?saison_id=2018'}",,27,28.3,4,14.8 %,1,El Alcoraz,9128,3000000.0,Leo Franco,/leo-franco/profil/trainer/60749,https://tmssl.akamaized.net//images/wappen/head/5358.png?lm=1726751837,,sd-huesca,SD Huesca,2018-laliga,2018,laliga,LaLiga,Spain,€5.44bn,first_tier,5440000000.0,14.8
club,/real-valladolid/startseite/verein/366,"{'type': 'competition', 'country_id': '157', 'country_name': 'Spain', 'country_code': 'ES1', 'total_clubs': '20', 'total_players': '522', 'average_age': '27.5', 'foreigner_percentage': '43.7 %', 'average_market_value': None, 'total_value': '€5.44bn', 'competition_type': 'first_tier', 'competition_name': 'LaLiga', 'href': '/laliga/startseite/wettbewerb/ES1', 'seasoned_href': 'https://www.transfermarkt.co.uk/laliga/startseite/wettbewerb/ES1/plus/0?saison_id=2018'}",,28,25.6,14,50.0 %,1,José Zorrilla,27618,11300000.0,Sergio González,/sergio-gonzalez/profil/trainer/33241,https://tmssl.akamaized.net//images/wappen/head/366.png?lm=1720163563,,real-valladolid,Real Valladolid CF,2018-laliga,2018,laliga,LaLiga,Spain,€5.44bn,first_tier,5440000000.0,50.0
club,/fc-girona/startseite/verein/12321,"{'type': 'competition', 'country_id': '157', 'country_name': 'Spain', 'country_code': 'ES1', 'total_clubs': '20', 'total_players': '522', 'average_age': '27.5', 'foreigner_percentage': '43.7 %', 'average_market_value': None, 'total_value': '€5.44bn', 'competition_type': 'first_tier', 'competition_name': 'LaLiga', 'href': '/laliga/startseite/wettbewerb/ES1', 'seasoned_href': 'https://www.transfermarkt.co.uk/laliga/startseite/wettbewerb/ES1/plus/0?saison_id=2018'}",,27,28.8,14,51.9 %,5,Montilivi,14624,29150000.0,Eusebio,/eusebio/profil/trainer/818,https://tmssl.akamaized.net//images/wappen/head/12321.png?lm=1730455718,,fc-girona,Girona FC,2018-laliga,2018,laliga,LaLiga,Spain,€5.44bn,first_tier,5440000000.0,51.9
club,/sd-eibar/startseite/verein/1533,"{'type': 'competition', 'country_id': '157', 'country_name': 'Spain', 'country_code': 'ES1', 'total_clubs': '20', 'total_players': '522', 'average_age': '27.5', 'foreigner_percentage': '43.7 %', 'average_market_value': None, 'total_value': '€5.44bn', 'competition_type': 'first_tier', 'competition_name': 'LaLiga', 'href': '/laliga/startseite/wettbewerb/ES1', 'seasoned_href': 'https://www.transfermarkt.co.uk/laliga/startseite/wettbewerb/ES1/plus/0?saison_id=2018'}",,23,28.9,1,4.3 %,0,Ipurua,8164,800000.0,José Luis Mendilibar,/jose-luis-mendilibar/profil/trainer/2662,https://tmssl.akamaized.net//images/wappen/head/1533.png?lm=1722693682,,sd-eibar,SD Eibar,2018-laliga,2018,laliga,LaLiga,Spain,€5.44bn,first_tier,5440000000.0,4.3
club,/rayo-vallecano/startseite/verein/367,"{'type': 'competition', 'country_id': '157', 'country_name': 'Spain', 'country_code': 'ES1', 'total_clubs': '20', 'total_players': '522', 'average_age': '27.5', 'foreigner_percentage': '43.7 %', 'average_market_value': None, 'total_value': '€5.44bn', 'competition_type': 'first_tier', 'competition_name': 'LaLiga', 'href': '/laliga/startseite/wettbewerb/ES1', 'seasoned_href': 'https://www.transfermarkt.co.uk/laliga/startseite/wettbewerb/ES1/plus/0?saison_id=2018'}",,27,28.9,14,51.9 %,8,Estadio de Vallecas,14708,-7100000.0,Míchel,/michel/profil/trainer/33636,https://tmssl.akamaized.net//images/wappen/head/367.png?lm=1653488445,,rayo-vallecano,Rayo Vallecano,2018-laliga,2018,laliga,LaLiga,Spain,€5.44bn,first_tier,5440000000.0,51.9
club,/sc-braga/startseite/verein/1075,"{'type': 'competition', 'country_id': '136', 'country_name': 'Portugal', 'country_code': 'PO1', 'total_clubs': '18', 'total_players': '491', 'average_age': '25.7', 'foreigner_percentage': '70.1 %', 'average_market_value': None, 'total_value': '€2.03bn', 'competition_type': 'first_tier', 'competition_name': 'Liga Portugal', 'href': '/liga-portugal/startseite/wettbewerb/PO1', 'seasoned_href': 'https://www.transfermarkt.co.uk/liga-portugal/startseite/wettbewerb/PO1/plus/0?saison_id=2018'}",,29,25.4,18,62.1 %,9,Estádio Municipal de Braga,30286,15240000.0,Abel Ferreira,/abel-ferreira/profil/trainer/23009,https://tmssl.akamaized.net//images/wappen/head/1075.png?lm=1432893871,,sc-braga,SC Braga,2018-liga-portugal,2018,liga-portugal,Liga Portugal,Portugal,€2.03bn,first_tier,2029999999.9999998,62.1
club,/vitoria-guimaraes-sc/startseite/verein/2420,"{'type': 'competition', 'country_id': '136', 'country_name': 'Portugal', 'country_code': 'PO1', 'total_clubs': '18', 'total_players': '491', 'average_age': '25.7', 'foreigner_percentage': '70.1 %', 'average_market_value': None, 'total_value': '€2.03bn', 'competition_type': 'first_tier', 'competition_name': 'Liga Portugal', 'href': '/liga-portugal/startseite/wettbewerb/PO1', 'seasoned_href': 'https://www.transfermarkt.co.uk/liga-portugal/startseite/wettbewerb/PO1/plus/0?saison_id=2018'}",,26,24.8,14,53.8 %,3,Estádio D. Afonso Henriques,30029,4750000.0,Pedro Gonçalves,/pedro-goncalves/profil/trainer/136458,https://tmssl.akamaized.net//images/wappen/head/2420.png?lm=1432894021,,vitoria-guimaraes-sc,Vitória Guimarães SC,2018-liga-portugal,2018,liga-portugal,Liga Portugal,Portugal,€2.03bn,first_tier,2029999999.9999998,53.8
club,/gd-chaves/startseite/verein/3325,"{'type': 'competition', 'country_id': '136', 'country_name': 'Portugal', 'country_code': 'PO1', 'total_clubs': '18', 'total_players': '491', 'average_age': '25.7', 'foreigner_percentage': '70.1 %', 'average_market_value': None, 'total_value': '€2.03bn', 'competition_type': 'first_tier', 'competition_name': 'Liga Portugal', 'href': '/liga-portugal/startseite/wettbewerb/PO1', 'seasoned_href': 'https://www.transfermarkt.co.uk/liga-portugal/startseite/wettbewerb/PO1/plus/0?saison_id=2018'}",,26,27.9,13,50.0 %,3,Estádio Municipal Eng.º Manuel Branco Teixeira,8400,-50000.0,Daniel Ramos,/daniel-ramos/profil/trainer/7561,https://tmssl.akamaized.net//images/wappen/head/3325.png?lm=1416392512,,gd-chaves,GD Chaves,2018-liga-portugal,2018,liga-portugal,Liga Portugal,Portugal,€2.03bn,first_tier,2029999999.9999998,50.0
club,/fc-porto/startseite/verein/720,"{'type': 'competition', 'country_id': '136', 'country_name': 'Portugal', 'country_code': 'PO1', 'total_clubs': '18', 'total_players': '491', 'average_age': '25.7', 'foreigner_percentage': '70.1 %', 'average_market_value': None, 'total_value': '€2.03bn', 'competition_type': 'first_tier', 'competition_name': 'Liga Portugal', 'href': '/liga-portugal/startseite/wettbewerb/PO1', 'seasoned_href': 'https://www.transfermarkt.co.uk/liga-portugal/startseite/wettbewerb/PO1/plus/0?saison_id=2018'}",,27,26.5,20,74.1 %,12,Estádio do Dragão,50033,-24490000.0,Sérgio Conceição,/sergio-conceicao/profil/trainer/22532,https://tmssl.akamaized.net//images/wappen/head/720.png?lm=1486310161,,fc-porto,FC Porto,2018-liga-portugal,2018,liga-portugal,Liga Portugal,Portugal,€2.03bn,first_tier,2029999999.9999998,74.1
club,/sporting-lissabon/startseite/verein/336,"{'type': 'competition', 'country_id': '136', 'country_name': 'Portugal', 'country_code': 'PO1', 'total_clubs': '18', 'total_players': '491', 'average_age': '25.7', 'foreigner_percentage': '70.1 %', 'average_market_value': None, 'total_value': '€2.03bn', 'competition_type': 'first_tier', 'competition_name': 'Liga Portugal', 'href': '/liga-portugal/startseite/wettbewerb/PO1', 'seasoned_href': 'https://www.transfermarkt.co.uk/liga-portugal/startseite/wettbewerb/PO1/plus/0?saison_id=2018'}",,26,25.2,13,50.0 %,13,Estádio José Alvalade,52095,43500000.0,José Peseiro,/jose-peseiro/profil/trainer/1595,https://tmssl.akamaized.net//images/wappen/head/336.png?lm=1621513752,,sporting-lissabon,Sporting CP,2018-liga-portugal,2018,liga-portugal,Liga Portugal,Portugal,€2.03bn,first_tier,2029999999.9999998,50.0
club,/benfica-lissabon/startseite/verein/294,"{'type': 'competition', 'country_id': '136', 'country_name': 'Portugal', 'country_code': 'PO1', 'total_clubs': '18', 'total_players': '491', 'average_age': '25.7', 'foreigner_percentage': '70.1 %', 'average_market_value': None, 'total_value': '€2.03bn', 'competition_type': 'first_tier', 'competition_name': 'Liga Portugal', 'href': '/liga-portugal/startseite/wettbewerb/PO1', 'seasoned_href': 'https://www.transfermarkt.co.uk/liga-portugal/startseite/wettbewerb/PO1/plus/0?saison_id=2018'}",,28,24.9,16,57.1 %,17,Estádio da Luz,68100,-15200000.0,Rui Vitória,/rui-vitoria/profil/trainer/5638,https://tmssl.akamaized.net//images/wappen/head/294.png?lm=1535908439,,benfica-lissabon,SL Benfica,2018-liga-portugal,2018,liga-portugal,Liga Portugal,Portugal,€2.03bn,first_tier,2029999999.9999998,57.1
club,/rio-ave-fc/startseite/verein/2425,"{'type': 'competition', 'country_id': '136', 'country_name': 'Portugal', 'country_code': 'PO1', 'total_clubs': '18', 'total_players': '491', 'average_age': '25.7', 'foreigner_percentage': '70.1 %', 'average_market_value': None, 'total_value': '€2.03bn', 'competition_type': 'first_tier', 'competition_name': 'Liga Portugal', 'href': '/liga-portugal/startseite/wettbewerb/PO1', 'seasoned_href': 'https://www.transfermarkt.co.uk/liga-portugal/startseite/wettbewerb/PO1/plus/0?saison_id=2018'}",,28,24.9,25,89.3 %,4,Estádio do Rio Ave FC,5300,-1400000.0,José Gomes,/jose-gomes/profil/trainer/2462,https://tmssl.akamaized.net//images/wappen/head/2425.png?lm=1516613968,,rio-ave-fc,Rio Ave FC,2018-liga-portugal,2018,liga-portugal,Liga Portugal,Portugal,€2.03bn,first_tier,2029999999.9999998,89.3
club,/cd-santa-clara/startseite/verein/2423,"{'type': 'competition', 'country_id': '136', 'country_name': 'Portugal', 'country_code': 'PO1', 'total_clubs': '18', 'total_players': '491', 'average_age': '25.7', 'foreigner_percentage': '70.1 %', 'average_market_value': None, 'total_value': '€2.03bn', 'competition_type': 'first_tier', 'competition_name': 'Liga Portugal', 'href': '/liga-portugal/startseite/wettbewerb/PO1', 'seasoned_href': 'https://www.transfermarkt.co.uk/liga-portugal/startseite/wettbewerb/PO1/plus/0?saison_id=2018'}",,28,26.1,21,75.0 %,1,Estádio de São Miguel,12500,1570000.0,João Henriques,/joao-henriques/profil/trainer/55787,https://tmssl.akamaized.net//images/wappen/head/2423.png?lm=1718909294,,cd-santa-clara,CD Santa Clara,2018-liga-portugal,2018,liga-portugal,Liga Portugal,Portugal,€2.03bn,first_tier,2029999999.9999998,75.0
club,/portimonense-sc/startseite/verein/7378,"{'type': 'competition', 'country_id': '136', 'country_name': 'Portugal', 'country_code': 'PO1', 'total_clubs': '18', 'total_players': '491', 'average_age': '25.7', 'foreigner_percentage': '70.1 %', 'average_market_value': None, 'total_value': '€2.03bn', 'competition_type': 'first_tier', 'competition_name': 'Liga Portugal', 'href': '/liga-portugal/startseite/wettbewerb/PO1', 'seasoned_href': 'https://www.transfermarkt.co.uk/liga-portugal/startseite/wettbewerb/PO1/plus/0?saison_id=2018'}",,26,25.5,19,73.1 %,2,Estádio Municipal de Portimão,4961,2730000.0,António Folha,/antonio-folha/profil/trainer/29823,https://tmssl.akamaized.net//images/wappen/head/7378.png?lm=1665922885,,portimonense-sc,Portimonense SAD,2018-liga-portugal,2018,liga-portugal,Liga Portugal,Portugal,€2.03bn,first_tier,2029999999.9999998,73.1
club,/belenenses-sad/startseite/verein/2457,"{'type': 'competition', 'country_id': '136', 'country_name': 'Portugal', 'country_code': 'PO1', 'total_clubs': '18', 'total_players': '491', 'average_age': '25.7', 'foreigner_percentage': '70.1 %', 'average_market_value': None, 'total_value': '€2.03bn', 'competition_type': 'first_tier', 'competition_name': 'Liga Portugal', 'href': '/liga-portugal/startseite/wettbewerb/PO1', 'seasoned_href': 'https://www.transfermarkt.co.uk/liga-portugal/startseite/wettbewerb/PO1/plus/0?saison_id=2018'}",,0,0.0,,,0,Campo da Boa Hora,3000,-0.0,Silas,/silas/profil/trainer/53761,https://tmssl.akamaized.net//images/wappen/head/2457.png?lm=1552479825,,belenenses-sad,B SAD (2018-2024),2018-liga-portugal,2018,liga-portugal,Liga Portugal,Portugal,€2.03bn,first_tier,2029999999.9999998,0.0
club,/boavista-porto-fc/startseite/verein/2503,"{'type': 'competition', 'country_id': '136', 'country_name': 'Portugal', 'country_code': 'PO1', 'total_clubs': '18', 'total_players': '491', 'average_age': '25.7', 'foreigner_percentage': '70.1 %', 'average_market_value': None, 'total_value': '€2.03bn', 'competition_type': 'first_tier', 'competition_name': 'Liga Portugal', 'href': '/liga-portugal/startseite/wettbewerb/PO1', 'seasoned_href': 'https://www.transfermarkt.co.uk/liga-portugal/startseite/wettbewerb/PO1/plus/0?saison_id=2018'}",,3,20.4,0,%,0,Estádio do Bessa Século XXI,28263,100000.0,Jorge Simão,/jorge-simao/profil/trainer/34559,https://tmssl.akamaized.net//images/wappen/head/2503.png?lm=1480959207,,boavista-porto-fc,Boavista FC,2018-liga-portugal,2018,liga-portugal,Liga Portugal,Portugal,€2.03bn,first_tier,2029999999.9999998,0.0
club,/moreirense-fc/startseite/verein/979,"{'type': 'competition', 'country_id': '136', 'country_name': 'Portugal', 'country_code': 'PO1', 'total_clubs': '18', 'total_players': '491', 'average_age': '25.7', 'foreigner_percentage': '70.1 %', 'average_market_value': None, 'total_value': '€2.03bn', 'competition_type': 'first_tier', 'competition_name': 'Liga Portugal', 'href': '/liga-portugal/startseite/wettbewerb/PO1', 'seasoned_href': 'https://www.transfermarkt.co.uk/liga-portugal/startseite/wettbewerb/PO1/plus/0?saison_id=2018'}",,26,24.7,15,57.7 %,1,Estádio C. J. de Almeida Freitas,6150,2500000.0,Ivo Vieira,/ivo-vieira/profil/trainer/2819,https://tmssl.akamaized.net//images/wappen/head/979.png?lm=1552324606,,moreirense-fc,Moreirense FC,2018-liga-portugal,2018,liga-portugal,Liga Portugal,Portugal,€2.03bn,first_tier,2029999999.9999998,57.7
club,/vitoria-setubal-fc/startseite/verein/1085,"{'type': 'competition', 'country_id': '136', 'country_name': 'Portugal', 'country_code': 'PO1', 'total_clubs': '18', 'total_players': '491', 'average_age': '25.7', 'foreigner_percentage': '70.1 %', 'average_market_value': None, 'total_value': '€2.03bn', 'competition_type': 'first_tier', 'competition_name': 'Liga Portugal', 'href': '/liga-portugal/startseite/wettbewerb/PO1', 'seasoned_href': 'https://www.transfermarkt.co.uk/liga-portugal/startseite/wettbewerb/PO1/plus/0?saison_id=2018'}",,15,27.5,1,6.7 %,0,Estádio do Bonfim,15497,-0.0,Lito Vidigal,/lito-vidigal/profil/trainer/6567,https://tmssl.akamaized.net//images/wappen/head/1085.png?lm=1547543194,,vitoria-setubal-fc,Vitória Setúbal FC,2018-liga-portugal,2018,liga-portugal,Liga Portugal,Portugal,€2.03bn,first_tier,2029999999.9999998,6.7
club,/cd-feirense/startseite/verein/3349,"{'type': 'competition', 'country_id': '136', 'country_name': 'Portugal', 'country_code': 'PO1', 'total_clubs': '18', 'total_players': '491', 'average_age': '25.7', 'foreigner_percentage': '70.1 %', 'average_market_value': None, 'total_value': '€2.03bn', 'competition_type': 'first_tier', 'competition_name': 'Liga Portugal', 'href': '/liga-portugal/startseite/wettbewerb/PO1', 'seasoned_href': 'https://www.transfermarkt.co.uk/liga-portugal/startseite/wettbewerb/PO1/plus/0?saison_id=2018'}",,24,26.0,17,70.8 %,0,Estádio Marcolino de Castro,5401,-0.0,Nuno Manta Santos,/nuno-manta-santos/profil/trainer/50859,https://tmssl.akamaized.net//images/wappen/head/3349.png?lm=1469968627,,cd-feirense,CD Feirense,2018-liga-portugal,2018,liga-portugal,Liga Portugal,Portugal,€2.03bn,first_tier,2029999999.9999998,70.8
club,/desportivo-aves/startseite/verein/3336,"{'type': 'competition', 'country_id': '136', 'country_name': 'Portugal', 'country_code': 'PO1', 'total_clubs': '18', 'total_players': '491', 'average_age': '25.7', 'foreigner_percentage': '70.1 %', 'average_market_value': None, 'total_value': '€2.03bn', 'competition_type': 'first_tier', 'competition_name': 'Liga Portugal', 'href': '/liga-portugal/startseite/wettbewerb/PO1', 'seasoned_href': 'https://www.transfermarkt.co.uk/liga-portugal/startseite/wettbewerb/PO1/plus/0?saison_id=2018'}",,0,0.0,,,0,Estádio do Clube Desportivo das Aves,6230,-0.0,José Mota,/jose-mota/profil/trainer/1864,https://tmssl.akamaized.net//images/wappen/head/3336.png?lm=1534502701,,desportivo-aves,Desportivo Aves (- 2020),2018-liga-portugal,2018,liga-portugal,Liga Portugal,Portugal,€2.03bn,first_tier,2029999999.9999998,0.0
club,/cs-maritimo/startseite/verein/1301,"{'type': 'competition', 'country_id': '136', 'country_name': 'Portugal', 'country_code': 'PO1', 'total_clubs': '18', 'total_players': '491', 'average_age': '25.7', 'foreigner_percentage': '70.1 %', 'average_market_value': None, 'total_value': '€2.03bn', 'competition_type': 'first_tier', 'competition_name': 'Liga Portugal', 'href': '/liga-portugal/startseite/wettbewerb/PO1', 'seasoned_href': 'https://www.transfermarkt.co.uk/liga-portugal/startseite/wettbewerb/PO1/plus/0?saison_id=2018'}",,26,26.3,13,50.0 %,1,Estádio do Marítimo,10600,900000.0,Cláudio Braga,/claudio-braga/profil/trainer/36179,https://tmssl.akamaized.net//images/wappen/head/1301.png?lm=1656600130,,cs-maritimo,CS Marítimo,2018-liga-portugal,2018,liga-portugal,Liga Portugal,Portugal,€2.03bn,first_tier,2029999999.9999998,50.0
club,/cd-tondela/startseite/verein/7179,"{'type': 'competition', 'country_id': '136', 'country_name': 'Portugal', 'country_code': 'PO1', 'total_clubs': '18', 'total_players': '491', 'average_age': '25.7', 'foreigner_percentage': '70.1 %', 'average_market_value': None, 'total_value': '€2.03bn', 'competition_type': 'first_tier', 'competition_name': 'Liga Portugal', 'href': '/liga-portugal/startseite/wettbewerb/PO1', 'seasoned_href': 'https://www.transfermarkt.co.uk/liga-portugal/startseite/wettbewerb/PO1/plus/0?saison_id=2018'}",,26,27.0,19,73.1 %,3,Estádio João Cardoso,5000,-1250000.0,Pepa,/pepa/profil/trainer/17520,https://tmssl.akamaized.net//images/wappen/head/7179.png?lm=1506427804,,cd-tondela,CD Tondela,2018-liga-portugal,2018,liga-portugal,Liga Portugal,Portugal,€2.03bn,first_tier,2029999999.9999998,73.1
club,/cd-nacional/startseite/verein/982,"{'type': 'competition', 'country_id': '136', 'country_name': 'Portugal', 'country_code': 'PO1', 'total_clubs': '18', 'total_players': '491', 'average_age': '25.7', 'foreigner_percentage': '70.1 %', 'average_market_value': None, 'total_value': '€2.03bn', 'competition_type': 'first_tier', 'competition_name': 'Liga Portugal', 'href': '/liga-portugal/startseite/wettbewerb/PO1', 'seasoned_href': 'https://www.transfermarkt.co.uk/liga-portugal/startseite/wettbewerb/PO1/plus/0?saison_id=2018'}",,30,26.7,22,73.3 %,2,Estádio da Madeira,5200,-1760000.0,Costinha,/costinha/profil/trainer/13158,https://tmssl.akamaized.net//images/wappen/head/982.png?lm=1549988602,,cd-nacional,CD Nacional,2018-liga-portugal,2018,liga-portugal,Liga Portugal,Portugal,€2.03bn,first_tier,2029999999.9999998,73.3
club,/fc-paris-saint-germain/startseite/verein/583,"{'type': 'competition', 'country_id': '50', 'country_name': 'France', 'country_code': 'FR1', 'total_clubs': '18', 'total_players': '481', 'average_age': '25.8', 'foreigner_percentage': '63.2 %', 'average_market_value': None, 'total_value': '€4.70bn', 'competition_type': 'first_tier', 'competition_name': 'Ligue 1', 'href': '/ligue-1/startseite/wettbewerb/FR1', 'seasoned_href': 'https://www.transfermarkt.co.uk/ligue-1/startseite/wettbewerb/FR1/plus/0?saison_id=2018'}",,24,24.2,16,66.7 %,20,Parc des Princes,48583,-47200000.0,Thomas Tuchel,/thomas-tuchel/profil/trainer/7471,https://tmssl.akamaized.net//images/wappen/head/583.png?lm=1728026461,,fc-paris-saint-germain,Paris Saint-Germain,2018-ligue-1,2018,ligue-1,Ligue 1,France,€4.70bn,first_tier,4700000000.0,66.7
club,/fc-nantes/startseite/verein/995,"{'type': 'competition', 'country_id': '50', 'country_name': 'France', 'country_code': 'FR1', 'total_clubs': '18', 'total_players': '481', 'average_age': '25.8', 'foreigner_percentage': '63.2 %', 'average_market_value': None, 'total_value': '€4.70bn', 'competition_type': 'first_tier', 'competition_name': 'Ligue 1', 'href': '/ligue-1/startseite/wettbewerb/FR1', 'seasoned_href': 'https://www.transfermarkt.co.uk/ligue-1/startseite/wettbewerb/FR1/plus/0?saison_id=2018'}",,29,27.0,16,55.2 %,8,Stade de la Beaujoire,35322,32000000.0,Miguel Cardoso,/miguel-cardoso/profil/trainer/11664,https://tmssl.akamaized.net//images/wappen/head/995.png?lm=1581355747,,fc-nantes,FC Nantes,2018-ligue-1,2018,ligue-1,Ligue 1,France,€4.70bn,first_tier,4700000000.0,55.2
club,/ogc-nizza/startseite/verein/417,"{'type': 'competition', 'country_id': '50', 'country_name': 'France', 'country_code': 'FR1', 'total_clubs': '18', 'total_players': '481', 'average_age': '25.8', 'foreigner_percentage': '63.2 %', 'average_market_value': None, 'total_value': '€4.70bn', 'competition_type': 'first_tier', 'competition_name': 'Ligue 1', 'href': '/ligue-1/startseite/wettbewerb/FR1', 'seasoned_href': 'https://www.transfermarkt.co.uk/ligue-1/startseite/wettbewerb/FR1/plus/0?saison_id=2018'}",,29,25.9,19,65.5 %,13,Allianz Riviera,36178,72820000.0,Patrick Vieira,/patrick-vieira/profil/trainer/20029,https://tmssl.akamaized.net//images/wappen/head/417.png?lm=1408779490,,ogc-nizza,OGC Nice,2018-ligue-1,2018,ligue-1,Ligue 1,France,€4.70bn,first_tier,4700000000.0,65.5
club,/as-monaco/startseite/verein/162,"{'type': 'competition', 'country_id': '50', 'country_name': 'France', 'country_code': 'FR1', 'total_clubs': '18', 'total_players': '481', 'average_age': '25.8', 'foreigner_percentage': '63.2 %', 'average_market_value': None, 'total_value': '€4.70bn', 'competition_type': 'first_tier', 'competition_name': 'Ligue 1', 'href': '/ligue-1/startseite/wettbewerb/FR1', 'seasoned_href': 'https://www.transfermarkt.co.uk/ligue-1/startseite/wettbewerb/FR1/plus/0?saison_id=2018'}",,28,26.0,28,100.0 %,12,Stade Louis-II,18525,135570000.0,Leonardo Jardim,/leonardo-jardim/profil/trainer/10682,https://tmssl.akamaized.net//images/wappen/head/162.png?lm=1654781919,,as-monaco,AS Monaco,2018-ligue-1,2018,ligue-1,Ligue 1,France,€4.70bn,first_tier,4700000000.0,100.0
club,/fc-toulouse/startseite/verein/415,"{'type': 'competition', 'country_id': '50', 'country_name': 'France', 'country_code': 'FR1', 'total_clubs': '18', 'total_players': '481', 'average_age': '25.8', 'foreigner_percentage': '63.2 %', 'average_market_value': None, 'total_value': '€4.70bn', 'competition_type': 'first_tier', 'competition_name': 'Ligue 1', 'href': '/ligue-1/startseite/wettbewerb/FR1', 'seasoned_href': 'https://www.transfermarkt.co.uk/ligue-1/startseite/wettbewerb/FR1/plus/0?saison_id=2018'}",,24,24.2,17,70.8 %,7,Stadium Municipal,33150,31350000.0,Alain Casanova,/alain-casanova/profil/trainer/5034,https://tmssl.akamaized.net//images/wappen/head/415.png?lm=1740065124,,fc-toulouse,FC Toulouse,2018-ligue-1,2018,ligue-1,Ligue 1,France,€4.70bn,first_tier,4700000000.0,70.8
club,/nimes-olympique/startseite/verein/1160,"{'type': 'competition', 'country_id': '50', 'country_name': 'France', 'country_code': 'FR1', 'total_clubs': '18', 'total_players': '481', 'average_age': '25.8', 'foreigner_percentage': '63.2 %', 'average_market_value': None, 'total_value': '€4.70bn', 'competition_type': 'first_tier', 'competition_name': 'Ligue 1', 'href': '/ligue-1/startseite/wettbewerb/FR1', 'seasoned_href': 'https://www.transfermarkt.co.uk/ligue-1/startseite/wettbewerb/FR1/plus/0?saison_id=2018'}",,23,28.2,3,13.0 %,0,Stade des Antonins,8033,-0.0,Bernard Blaquart,/bernard-blaquart/profil/trainer/18234,https://tmssl.akamaized.net//images/wappen/head/1160.png?lm=1526910377,,nimes-olympique,Nîmes Olympique,2018-ligue-1,2018,ligue-1,Ligue 1,France,€4.70bn,first_tier,4700000000.0,13.0
club,/olympique-marseille/startseite/verein/244,"{'type': 'competition', 'country_id': '50', 'country_name': 'France', 'country_code': 'FR1', 'total_clubs': '18', 'total_players': '481', 'average_age': '25.8', 'foreigner_percentage': '63.2 %', 'average_market_value': None, 'total_value': '€4.70bn', 'competition_type': 'first_tier', 'competition_name': 'Ligue 1', 'href': '/ligue-1/startseite/wettbewerb/FR1', 'seasoned_href': 'https://www.transfermarkt.co.uk/ligue-1/startseite/wettbewerb/FR1/plus/0?saison_id=2018'}",,25,27.0,24,96.0 %,14,Orange Vélodrome,67394,20350000.0,Rudi Garcia,/rudi-garcia/profil/trainer/1537,https://tmssl.akamaized.net//images/wappen/head/244.png?lm=1775675175,,olympique-marseille,Olympique Marseille,2018-ligue-1,2018,ligue-1,Ligue 1,France,€4.70bn,first_tier,4700000000.0,96.0
club,/montpellier-hsc/startseite/verein/969,"{'type': 'competition', 'country_id': '50', 'country_name': 'France', 'country_code': 'FR1', 'total_clubs': '18', 'total_players': '481', 'average_age': '25.8', 'foreigner_percentage': '63.2 %', 'average_market_value': None, 'total_value': '€4.70bn', 'competition_type': 'first_tier', 'competition_name': 'Ligue 1', 'href': '/ligue-1/startseite/wettbewerb/FR1', 'seasoned_href': 'https://www.transfermarkt.co.uk/ligue-1/startseite/wettbewerb/FR1/plus/0?saison_id=2018'}",,23,24.5,10,43.5 %,2,Stade de la Mosson,22000,6550000.0,Michel Der Zakarian,/michel-der-zakarian/profil/trainer/4002,https://tmssl.akamaized.net//images/wappen/head/969.png?lm=1748640687,,montpellier-hsc,Montpellier HSC,2018-ligue-1,2018,ligue-1,Ligue 1,France,€4.70bn,first_tier,4700000000.0,43.5
club,/olympique-lyon/startseite/verein/1041,"{'type': 'competition', 'country_id': '50', 'country_name': 'France', 'country_code': 'FR1', 'total_clubs': '18', 'total_players': '481', 'average_age': '25.8', 'foreigner_percentage': '63.2 %', 'average_market_value': None, 'total_value': '€4.70bn', 'competition_type': 'first_tier', 'competition_name': 'Ligue 1', 'href': '/ligue-1/startseite/wettbewerb/FR1', 'seasoned_href': 'https://www.transfermarkt.co.uk/ligue-1/startseite/wettbewerb/FR1/plus/0?saison_id=2018'}",,29,25.6,23,79.3 %,12,Groupama Stadium,59186,62110000.0,Bruno Genesio,/bruno-genesio/profil/trainer/5036,https://tmssl.akamaized.net//images/wappen/head/1041.png?lm=1656668172,,olympique-lyon,Olympique Lyon,2018-ligue-1,2018,ligue-1,Ligue 1,France,€4.70bn,first_tier,4700000000.0,79.3
club,/rc-strassburg-alsace/startseite/verein/667,"{'type': 'competition', 'country_id': '50', 'country_name': 'France', 'country_code': 'FR1', 'total_clubs': '18', 'total_players': '481', 'average_age': '25.8', 'foreigner_percentage': '63.2 %', 'average_market_value': None, 'total_value': '€4.70bn', 'competition_type': 'first_tier', 'competition_name': 'Ligue 1', 'href': '/ligue-1/startseite/wettbewerb/FR1', 'seasoned_href': 'https://www.transfermarkt.co.uk/ligue-1/startseite/wettbewerb/FR1/plus/0?saison_id=2018'}",,26,22.9,22,84.6 %,12,Stade de la Meinau,32000,-26300000.0,Thierry Laurey,/thierry-laurey/profil/trainer/7232,https://tmssl.akamaized.net//images/wappen/head/667.png?lm=1664991833,,rc-strassburg-alsace,RC Strasbourg Alsace,2018-ligue-1,2018,ligue-1,Ligue 1,France,€4.70bn,first_tier,4700000000.0,84.6
club,/sco-angers/startseite/verein/1420,"{'type': 'competition', 'country_id': '50', 'country_name': 'France', 'country_code': 'FR1', 'total_clubs': '18', 'total_players': '481', 'average_age': '25.8', 'foreigner_percentage': '63.2 %', 'average_market_value': None, 'total_value': '€4.70bn', 'competition_type': 'first_tier', 'competition_name': 'Ligue 1', 'href': '/ligue-1/startseite/wettbewerb/FR1', 'seasoned_href': 'https://www.transfermarkt.co.uk/ligue-1/startseite/wettbewerb/FR1/plus/0?saison_id=2018'}",,24,26.0,14,58.3 %,7,Stade Raymond-Kopa,19350,20250000.0,Stéphane Moulin,/stephane-moulin/profil/trainer/19460,https://tmssl.akamaized.net//images/wappen/head/1420.png?lm=1687525425,,sco-angers,Angers SCO,2018-ligue-1,2018,ligue-1,Ligue 1,France,€4.70bn,first_tier,4700000000.0,58.3
club,/ea-guingamp/startseite/verein/855,"{'type': 'competition', 'country_id': '50', 'country_name': 'France', 'country_code': 'FR1', 'total_clubs': '18', 'total_players': '481', 'average_age': '25.8', 'foreigner_percentage': '63.2 %', 'average_market_value': None, 'total_value': '€4.70bn', 'competition_type': 'first_tier', 'competition_name': 'Ligue 1', 'href': '/ligue-1/startseite/wettbewerb/FR1', 'seasoned_href': 'https://www.transfermarkt.co.uk/ligue-1/startseite/wettbewerb/FR1/plus/0?saison_id=2018'}",,25,26.2,10,40.0 %,5,Stade de Roudourou,18462,5930000.0,Antoine Kombouaré,/antoine-kombouare/profil/trainer/1224,https://tmssl.akamaized.net//images/wappen/head/855.png?lm=1669659728,,ea-guingamp,EA Guingamp,2018-ligue-1,2018,ligue-1,Ligue 1,France,€4.70bn,first_tier,4700000000.0,40.0
club,/stade-reims/startseite/verein/1421,"{'type': 'competition', 'country_id': '50', 'country_name': 'France', 'country_code': 'FR1', 'total_clubs': '18', 'total_players': '481', 'average_age': '25.8', 'foreigner_percentage': '63.2 %', 'average_market_value': None, 'total_value': '€4.70bn', 'competition_type': 'first_tier', 'competition_name': 'Ligue 1', 'href': '/ligue-1/startseite/wettbewerb/FR1', 'seasoned_href': 'https://www.transfermarkt.co.uk/ligue-1/startseite/wettbewerb/FR1/plus/0?saison_id=2018'}",,24,24.2,19,79.2 %,5,Stade Auguste-Delaune,20519,81980000.0,David Guion,/david-guion/profil/trainer/5753,https://tmssl.akamaized.net//images/wappen/head/1421.png?lm=1592601839,,stade-reims,Stade Reims,2018-ligue-1,2018,ligue-1,Ligue 1,France,€4.70bn,first_tier,4700000000.0,79.2
club,/dijon-fco/startseite/verein/2969,"{'type': 'competition', 'country_id': '50', 'country_name': 'France', 'country_code': 'FR1', 'total_clubs': '18', 'total_players': '481', 'average_age': '25.8', 'foreigner_percentage': '63.2 %', 'average_market_value': None, 'total_value': '€4.70bn', 'competition_type': 'first_tier', 'competition_name': 'Ligue 1', 'href': '/ligue-1/startseite/wettbewerb/FR1', 'seasoned_href': 'https://www.transfermarkt.co.uk/ligue-1/startseite/wettbewerb/FR1/plus/0?saison_id=2018'}",,23,27.5,5,21.7 %,0,Stade Gaston-Gérard,16098,100000.0,Olivier Dall'Oglio,/olivier-dalloglio/profil/trainer/14547,https://tmssl.akamaized.net//images/wappen/head/2969.png?lm=1711120027,,dijon-fco,Dijon FCO,2018-ligue-1,2018,ligue-1,Ligue 1,France,€4.70bn,first_tier,4700000000.0,21.7
club,/losc-lille/startseite/verein/1082,"{'type': 'competition', 'country_id': '50', 'country_name': 'France', 'country_code': 'FR1', 'total_clubs': '18', 'total_players': '481', 'average_age': '25.8', 'foreigner_percentage': '63.2 %', 'average_market_value': None, 'total_value': '€4.70bn', 'competition_type': 'first_tier', 'competition_name': 'Ligue 1', 'href': '/ligue-1/startseite/wettbewerb/FR1', 'seasoned_href': 'https://www.transfermarkt.co.uk/ligue-1/startseite/wettbewerb/FR1/plus/0?saison_id=2018'}",,28,26.5,19,67.9 %,12,Decathlon Arena-Stade Pierre-Mauroy,50186,61600000.0,Christophe Galtier,/christophe-galtier/profil/trainer/5035,https://tmssl.akamaized.net//images/wappen/head/1082.png?lm=1529521041,,losc-lille,LOSC Lille,2018-ligue-1,2018,ligue-1,Ligue 1,France,€4.70bn,first_tier,4700000000.0,67.9
club,/amiens-sc/startseite/verein/1416,"{'type': 'competition', 'country_id': '50', 'country_name': 'France', 'country_code': 'FR1', 'total_clubs': '18', 'total_players': '481', 'average_age': '25.8', 'foreigner_percentage': '63.2 %', 'average_market_value': None, 'total_value': '€4.70bn', 'competition_type': 'first_tier', 'competition_name': 'Ligue 1', 'href': '/ligue-1/startseite/wettbewerb/FR1', 'seasoned_href': 'https://www.transfermarkt.co.uk/ligue-1/startseite/wettbewerb/FR1/plus/0?saison_id=2018'}",,28,24.9,13,46.4 %,4,Stade Crédit Agricole la Licorne,12999,500000.0,Christophe Pélissier,/christophe-pelissier/profil/trainer/24802,https://tmssl.akamaized.net//images/wappen/head/1416.png?lm=1688037499,,amiens-sc,Amiens SC,2018-ligue-1,2018,ligue-1,Ligue 1,France,€4.70bn,first_tier,4700000000.0,46.4
club,/fc-stade-rennes/startseite/verein/273,"{'type': 'competition', 'country_id': '50', 'country_name': 'France', 'country_code': 'FR1', 'total_clubs': '18', 'total_players': '481', 'average_age': '25.8', 'foreigner_percentage': '63.2 %', 'average_market_value': None, 'total_value': '€4.70bn', 'competition_type': 'first_tier', 'competition_name': 'Ligue 1', 'href': '/ligue-1/startseite/wettbewerb/FR1', 'seasoned_href': 'https://www.transfermarkt.co.uk/ligue-1/startseite/wettbewerb/FR1/plus/0?saison_id=2018'}",,23,25.6,10,43.5 %,11,Roazhon Park,29778,50150000.0,Sabri Lamouchi,/sabri-lamouchi/profil/trainer/24207,https://tmssl.akamaized.net//images/wappen/head/273.png?lm=1691503972,,fc-stade-rennes,Stade Rennais FC,2018-ligue-1,2018,ligue-1,Ligue 1,France,€4.70bn,first_tier,4700000000.0,43.5
club,/fc-girondins-bordeaux/startseite/verein/40,"{'type': 'competition', 'country_id': '50', 'country_name': 'France', 'country_code': 'FR1', 'total_clubs': '18', 'total_players': '481', 'average_age': '25.8', 'foreigner_percentage': '63.2 %', 'average_market_value': None, 'total_value': '€4.70bn', 'competition_type': 'first_tier', 'competition_name': 'Ligue 1', 'href': '/ligue-1/startseite/wettbewerb/FR1', 'seasoned_href': 'https://www.transfermarkt.co.uk/ligue-1/startseite/wettbewerb/FR1/plus/0?saison_id=2018'}",,22,27.2,8,36.4 %,1,Stade Atlantique Bordeaux Métropole,42115,-0.0,Gustavo Poyet,/gustavo-poyet/profil/trainer/4078,https://tmssl.akamaized.net//images/wappen/head/40.png?lm=1627322046,,fc-girondins-bordeaux,FC Girondins Bordeaux,2018-ligue-1,2018,ligue-1,Ligue 1,France,€4.70bn,first_tier,4700000000.0,36.4
club,/sm-caen/startseite/verein/1162,"{'type': 'competition', 'country_id': '50', 'country_name': 'France', 'country_code': 'FR1', 'total_clubs': '18', 'total_players': '481', 'average_age': '25.8', 'foreigner_percentage': '63.2 %', 'average_market_value': None, 'total_value': '€4.70bn', 'competition_type': 'first_tier', 'competition_name': 'Ligue 1', 'href': '/ligue-1/startseite/wettbewerb/FR1', 'seasoned_href': 'https://www.transfermarkt.co.uk/ligue-1/startseite/wettbewerb/FR1/plus/0?saison_id=2018'}",,26,26.5,13,50.0 %,1,Stade Michel-d'Ornano,20500,1800000.0,Fabien Mercadal,/fabien-mercadal/profil/trainer/7234,https://tmssl.akamaized.net//images/wappen/head/1162.png?lm=1692825012,,sm-caen,SM Caen,2018-ligue-1,2018,ligue-1,Ligue 1,France,€4.70bn,first_tier,4700000000.0,50.0
club,/as-saint-etienne/startseite/verein/618,"{'type': 'competition', 'country_id': '50', 'country_name': 'France', 'country_code': 'FR1', 'total_clubs': '18', 'total_players': '481', 'average_age': '25.8', 'foreigner_percentage': '63.2 %', 'average_market_value': None, 'total_value': '€4.70bn', 'competition_type': 'first_tier', 'competition_name': 'Ligue 1', 'href': '/ligue-1/startseite/wettbewerb/FR1', 'seasoned_href': 'https://www.transfermarkt.co.uk/ligue-1/startseite/wettbewerb/FR1/plus/0?saison_id=2018'}",,29,24.3,16,55.2 %,8,Stade Geoffroy-Guichard,41965,-22050000.0,Jean-Louis Gasset,/jean-louis-gasset/profil/trainer/2024,https://tmssl.akamaized.net//images/wappen/head/618.png?lm=1658260152,,as-saint-etienne,AS Saint-Étienne,2018-ligue-1,2018,ligue-1,Ligue 1,France,€4.70bn,first_tier,4700000000.0,55.2
club,/fc-chelsea/startseite/verein/631,"{'type': 'competition', 'country_id': '189', 'country_name': 'England', 'country_code': 'GB1', 'total_clubs': '20', 'total_players': '555', 'average_age': '26.5', 'foreigner_percentage': '70.6 %', 'average_market_value': None, 'total_value': '€12.47bn', 'competition_type': 'first_tier', 'competition_name': 'Premier League', 'href': '/premier-league/startseite/wettbewerb/GB1', 'seasoned_href': 'https://www.transfermarkt.co.uk/premier-league/startseite/wettbewerb/GB1/plus/0?saison_id=2018'}",,30,23.7,21,70.0 %,14,Stamford Bridge,41631,98000.0,Antonio Conte,/antonio-conte/profil/trainer/3517,https://tmssl.akamaized.net//images/wappen/head/631.png?lm=1682435911,,fc-chelsea,Chelsea FC,2018-premier-league,2018,premier-league,Premier League,England,€12.47bn,first_tier,12470000000.0,70.0
club,/fc-everton/startseite/verein/29,"{'type': 'competition', 'country_id': '189', 'country_name': 'England', 'country_code': 'GB1', 'total_clubs': '20', 'total_players': '555', 'average_age': '26.5', 'foreigner_percentage': '70.6 %', 'average_market_value': None, 'total_value': '€12.47bn', 'competition_type': 'first_tier', 'competition_name': 'Premier League', 'href': '/premier-league/startseite/wettbewerb/GB1', 'seasoned_href': 'https://www.transfermarkt.co.uk/premier-league/startseite/wettbewerb/GB1/plus/0?saison_id=2018'}",,26,26.8,13,50.0 %,11,Hill Dickinson Stadium,52769,-117150000.0,Marco Silva,/marco-silva/profil/trainer/19631,https://tmssl.akamaized.net//images/wappen/head/29.png?lm=1445949846,,fc-everton,Everton FC,2018-premier-league,2018,premier-league,Premier League,England,€12.47bn,first_tier,12470000000.0,50.0
club,/west-ham-united/startseite/verein/379,"{'type': 'competition', 'country_id': '189', 'country_name': 'England', 'country_code': 'GB1', 'total_clubs': '20', 'total_players': '555', 'average_age': '26.5', 'foreigner_percentage': '70.6 %', 'average_market_value': None, 'total_value': '€12.47bn', 'competition_type': 'first_tier', 'competition_name': 'Premier League', 'href': '/premier-league/startseite/wettbewerb/GB1', 'seasoned_href': 'https://www.transfermarkt.co.uk/premier-league/startseite/wettbewerb/GB1/plus/0?saison_id=2018'}",,23,27.1,17,73.9 %,9,London Stadium,62500,-53100000.0,Manuel Pellegrini,/manuel-pellegrini/profil/trainer/1558,https://tmssl.akamaized.net//images/wappen/head/379.png?lm=1464675260,,west-ham-united,West Ham United,2018-premier-league,2018,premier-league,Premier League,England,€12.47bn,first_tier,12470000000.0,73.9
club,/manchester-united/startseite/verein/985,"{'type': 'competition', 'country_id': '189', 'country_name': 'England', 'country_code': 'GB1', 'total_clubs': '20', 'total_players': '555', 'average_age': '26.5', 'foreigner_percentage': '70.6 %', 'average_market_value': None, 'total_value': '€12.47bn', 'competition_type': 'first_tier', 'competition_name': 'Premier League', 'href': '/premier-league/startseite/wettbewerb/GB1', 'seasoned_href': 'https://www.transfermarkt.co.uk/premier-league/startseite/wettbewerb/GB1/plus/0?saison_id=2018'}",,25,26.5,18,72.0 %,16,Old Trafford,74879,-172500000.0,José Mourinho,/jose-mourinho/profil/trainer/781,https://tmssl.akamaized.net//images/wappen/head/985.png?lm=1457975903,,manchester-united,Manchester United,2018-premier-league,2018,premier-league,Premier League,England,€12.47bn,first_tier,12470000000.0,72.0
club,/tottenham-hotspur/startseite/verein/148,"{'type': 'competition', 'country_id': '189', 'country_name': 'England', 'country_code': 'GB1', 'total_clubs': '20', 'total_players': '555', 'average_age': '26.5', 'foreigner_percentage': '70.6 %', 'average_market_value': None, 'total_value': '€12.47bn', 'competition_type': 'first_tier', 'competition_name': 'Premier League', 'href': '/premier-league/startseite/wettbewerb/GB1', 'seasoned_href': 'https://www.transfermarkt.co.uk/premier-league/startseite/wettbewerb/GB1/plus/0?saison_id=2018'}",,30,25.7,22,73.3 %,19,Tottenham Hotspur Stadium,62850,-182900000.0,Mauricio Pochettino,/mauricio-pochettino/profil/trainer/9044,https://tmssl.akamaized.net//images/wappen/head/148.png?lm=1732011953,,tottenham-hotspur,Tottenham Hotspur,2018-premier-league,2018,premier-league,Premier League,England,€12.47bn,first_tier,12470000000.0,73.3
club,/fc-liverpool/startseite/verein/31,"{'type': 'competition', 'country_id': '189', 'country_name': 'England', 'country_code': 'GB1', 'total_clubs': '20', 'total_players': '555', 'average_age': '26.5', 'foreigner_percentage': '70.6 %', 'average_market_value': None, 'total_value': '€12.47bn', 'competition_type': 'first_tier', 'competition_name': 'Premier League', 'href': '/premier-league/startseite/wettbewerb/GB1', 'seasoned_href': 'https://www.transfermarkt.co.uk/premier-league/startseite/wettbewerb/GB1/plus/0?saison_id=2018'}",,28,26.2,21,75.0 %,17,Anfield,61276,-261850000.0,Jürgen Klopp,/jurgen-klopp/profil/trainer/118,https://tmssl.akamaized.net//images/wappen/head/31.png?lm=1727873452,,fc-liverpool,Liverpool FC,2018-premier-league,2018,premier-league,Premier League,England,€12.47bn,first_tier,12470000000.0,75.0
club,/fc-arsenal/startseite/verein/11,"{'type': 'competition', 'country_id': '189', 'country_name': 'England', 'country_code': 'GB1', 'total_clubs': '20', 'total_players': '555', 'average_age': '26.5', 'foreigner_percentage': '70.6 %', 'average_market_value': None, 'total_value': '€12.47bn', 'competition_type': 'first_tier', 'competition_name': 'Premier League', 'href': '/premier-league/startseite/wettbewerb/GB1', 'seasoned_href': 'https://www.transfermarkt.co.uk/premier-league/startseite/wettbewerb/GB1/plus/0?saison_id=2018'}",,24,26.6,17,70.8 %,20,Emirates Stadium,60704,-280730000.0,Unai Emery,/unai-emery/profil/trainer/5075,https://tmssl.akamaized.net//images/wappen/head/11.png?lm=1489787850,,fc-arsenal,Arsenal FC,2018-premier-league,2018,premier-league,Premier League,England,€12.47bn,first_tier,12470000000.0,70.8
club,/leicester-city/startseite/verein/1003,"{'type': 'competition', 'country_id': '189', 'country_name': 'England', 'country_code': 'GB1', 'total_clubs': '20', 'total_players': '555', 'average_age': '26.5', 'foreigner_percentage': '70.6 %', 'average_market_value': None, 'total_value': '€12.47bn', 'competition_type': 'first_tier', 'competition_name': 'Premier League', 'href': '/premier-league/startseite/wettbewerb/GB1', 'seasoned_href': 'https://www.transfermarkt.co.uk/premier-league/startseite/wettbewerb/GB1/plus/0?saison_id=2018'}",,27,26.3,15,55.6 %,7,King Power Stadium,32259,57300000.0,Claude Puel,/claude-puel/profil/trainer/1240,https://tmssl.akamaized.net//images/wappen/head/1003.png?lm=1472229265,,leicester-city,Leicester City,2018-premier-league,2018,premier-league,Premier League,England,€12.47bn,first_tier,12470000000.0,55.6
club,/manchester-city/startseite/verein/281,"{'type': 'competition', 'country_id': '189', 'country_name': 'England', 'country_code': 'GB1', 'total_clubs': '20', 'total_players': '555', 'average_age': '26.5', 'foreigner_percentage': '70.6 %', 'average_market_value': None, 'total_value': '€12.47bn', 'competition_type': 'first_tier', 'competition_name': 'Premier League', 'href': '/premier-league/startseite/wettbewerb/GB1', 'seasoned_href': 'https://www.transfermarkt.co.uk/premier-league/startseite/wettbewerb/GB1/plus/0?saison_id=2018'}",,28,26.4,19,67.9 %,22,Etihad Stadium,61000,-194520000.0,Pep Guardiola,/pep-guardiola/profil/trainer/5672,https://tmssl.akamaized.net//images/wappen/head/281.png?lm=1467356331,,manchester-city,Manchester City,2018-premier-league,2018,premier-league,Premier League,England,€12.47bn,first_tier,12470000000.0,67.9
club,/afc-bournemouth/startseite/verein/989,"{'type': 'competition', 'country_id': '189', 'country_name': 'England', 'country_code': 'GB1', 'total_clubs': '20', 'total_players': '555', 'average_age': '26.5', 'foreigner_percentage': '70.6 %', 'average_market_value': None, 'total_value': '€12.47bn', 'competition_type': 'first_tier', 'competition_name': 'Premier League', 'href': '/premier-league/startseite/wettbewerb/GB1', 'seasoned_href': 'https://www.transfermarkt.co.uk/premier-league/startseite/wettbewerb/GB1/plus/0?saison_id=2018'}",,26,25.7,20,76.9 %,13,Vitality Stadium,11307,129310000.0,Eddie Howe,/eddie-howe/profil/trainer/10976,https://tmssl.akamaized.net//images/wappen/head/989.png?lm=1457991811,,afc-bournemouth,AFC Bournemouth,2018-premier-league,2018,premier-league,Premier League,England,€12.47bn,first_tier,12470000000.0,76.9
club,/fc-southampton/startseite/verein/180,"{'type': 'competition', 'country_id': '189', 'country_name': 'England', 'country_code': 'GB1', 'total_clubs': '20', 'total_players': '555', 'average_age': '26.5', 'foreigner_percentage': '70.6 %', 'average_market_value': None, 'total_value': '€12.47bn', 'competition_type': 'first_tier', 'competition_name': 'Premier League', 'href': '/premier-league/startseite/wettbewerb/GB1', 'seasoned_href': 'https://www.transfermarkt.co.uk/premier-league/startseite/wettbewerb/GB1/plus/0?saison_id=2018'}",,31,26.7,19,61.3 %,9,St Mary's Stadium,32384,87060000.0,Mark Hughes,/mark-hughes/profil/trainer/1646,https://tmssl.akamaized.net//images/wappen/head/180.png?lm=1444560086,,fc-southampton,Southampton FC,2018-premier-league,2018,premier-league,Premier League,England,€12.47bn,first_tier,12470000000.0,61.3
club,/fc-fulham/startseite/verein/931,"{'type': 'competition', 'country_id': '189', 'country_name': 'England', 'country_code': 'GB1', 'total_clubs': '20', 'total_players': '555', 'average_age': '26.5', 'foreigner_percentage': '70.6 %', 'average_market_value': None, 'total_value': '€12.47bn', 'competition_type': 'first_tier', 'competition_name': 'Premier League', 'href': '/premier-league/startseite/wettbewerb/GB1', 'seasoned_href': 'https://www.transfermarkt.co.uk/premier-league/startseite/wettbewerb/GB1/plus/0?saison_id=2018'}",,25,28.1,21,84.0 %,13,Craven Cottage,29589,-56400000.0,Slavisa Jokanovic,/slavisa-jokanovic/profil/trainer/5627,https://tmssl.akamaized.net//images/wappen/head/931.png?lm=1556831687,,fc-fulham,Fulham FC,2018-premier-league,2018,premier-league,Premier League,England,€12.47bn,first_tier,12470000000.0,84.0
club,/crystal-palace/startseite/verein/873,"{'type': 'competition', 'country_id': '189', 'country_name': 'England', 'country_code': 'GB1', 'total_clubs': '20', 'total_players': '555', 'average_age': '26.5', 'foreigner_percentage': '70.6 %', 'average_market_value': None, 'total_value': '€12.47bn', 'competition_type': 'first_tier', 'competition_name': 'Premier League', 'href': '/premier-league/startseite/wettbewerb/GB1', 'seasoned_href': 'https://www.transfermarkt.co.uk/premier-league/startseite/wettbewerb/GB1/plus/0?saison_id=2018'}",,30,26.3,20,66.7 %,20,Selhurst Park,25486,-47850000.0,Roy Hodgson,/roy-hodgson/profil/trainer/1775,https://tmssl.akamaized.net//images/wappen/head/873.png?lm=1457723287,,crystal-palace,Crystal Palace,2018-premier-league,2018,premier-league,Premier League,England,€12.47bn,first_tier,12470000000.0,66.7
club,/newcastle-united/startseite/verein/762,"{'type': 'competition', 'country_id': '189', 'country_name': 'England', 'country_code': 'GB1', 'total_clubs': '20', 'total_players': '555', 'average_age': '26.5', 'foreigner_percentage': '70.6 %', 'average_market_value': None, 'total_value': '€12.47bn', 'competition_type': 'first_tier', 'competition_name': 'Premier League', 'href': '/premier-league/startseite/wettbewerb/GB1', 'seasoned_href': 'https://www.transfermarkt.co.uk/premier-league/startseite/wettbewerb/GB1/plus/0?saison_id=2018'}",,29,28.1,13,44.8 %,16,St James' Park,52258,-102850000.0,Rafael Benítez,/rafael-benitez/profil/trainer/1522,https://tmssl.akamaized.net//images/wappen/head/762.png?lm=1472921161,,newcastle-united,Newcastle United,2018-premier-league,2018,premier-league,Premier League,England,€12.47bn,first_tier,12470000000.0,44.8
club,/wolverhampton-wanderers/startseite/verein/543,"{'type': 'competition', 'country_id': '189', 'country_name': 'England', 'country_code': 'GB1', 'total_clubs': '20', 'total_players': '555', 'average_age': '26.5', 'foreigner_percentage': '70.6 %', 'average_market_value': None, 'total_value': '€12.47bn', 'competition_type': 'first_tier', 'competition_name': 'Premier League', 'href': '/premier-league/startseite/wettbewerb/GB1', 'seasoned_href': 'https://www.transfermarkt.co.uk/premier-league/startseite/wettbewerb/GB1/plus/0?saison_id=2018'}",,27,26.1,22,81.5 %,14,Molineux Stadium,31750,81100000.0,Nuno Espírito Santo,/nuno-espirito-santo/profil/trainer/16520,https://tmssl.akamaized.net//images/wappen/head/543.png?lm=1467496784,,wolverhampton-wanderers,Wolverhampton Wanderers,2018-premier-league,2018,premier-league,Premier League,England,€12.47bn,first_tier,12470000000.0,81.5
club,/fc-watford/startseite/verein/1010,"{'type': 'competition', 'country_id': '189', 'country_name': 'England', 'country_code': 'GB1', 'total_clubs': '20', 'total_players': '555', 'average_age': '26.5', 'foreigner_percentage': '70.6 %', 'average_market_value': None, 'total_value': '€12.47bn', 'competition_type': 'first_tier', 'competition_name': 'Premier League', 'href': '/premier-league/startseite/wettbewerb/GB1', 'seasoned_href': 'https://www.transfermarkt.co.uk/premier-league/startseite/wettbewerb/GB1/plus/0?saison_id=2018'}",,29,24.6,23,79.3 %,12,Vicarage Road,21577,6070000.0,Javi Gracia,/javi-gracia/profil/trainer/10254,https://tmssl.akamaized.net//images/wappen/head/1010.png?lm=1468103673,,fc-watford,Watford FC,2018-premier-league,2018,premier-league,Premier League,England,€12.47bn,first_tier,12470000000.0,79.3
club,/huddersfield-town/startseite/verein/1110,"{'type': 'competition', 'country_id': '189', 'country_name': 'England', 'country_code': 'GB1', 'total_clubs': '20', 'total_players': '555', 'average_age': '26.5', 'foreigner_percentage': '70.6 %', 'average_market_value': None, 'total_value': '€12.47bn', 'competition_type': 'first_tier', 'competition_name': 'Premier League', 'href': '/premier-league/startseite/wettbewerb/GB1', 'seasoned_href': 'https://www.transfermarkt.co.uk/premier-league/startseite/wettbewerb/GB1/plus/0?saison_id=2018'}",,27,27.9,12,44.4 %,3,Accu Stadium,24500,-2850000.0,David Wagner,/david-wagner/profil/trainer/6092,https://tmssl.akamaized.net//images/wappen/head/1110.png?lm=1567439677,,huddersfield-town,Huddersfield Town,2018-premier-league,2018,premier-league,Premier League,England,€12.47bn,first_tier,12470000000.0,44.4
club,/fc-burnley/startseite/verein/1132,"{'type': 'competition', 'country_id': '189', 'country_name': 'England', 'country_code': 'GB1', 'total_clubs': '20', 'total_players': '555', 'average_age': '26.5', 'foreigner_percentage': '70.6 %', 'average_market_value': None, 'total_value': '€12.47bn', 'competition_type': 'first_tier', 'competition_name': 'Premier League', 'href': '/premier-league/startseite/wettbewerb/GB1', 'seasoned_href': 'https://www.transfermarkt.co.uk/premier-league/startseite/wettbewerb/GB1/plus/0?saison_id=2018'}",,31,27.7,22,71.0 %,11,Turf Moor,21994,-96500000.0,Sean Dyche,/sean-dyche/profil/trainer/15856,https://tmssl.akamaized.net//images/wappen/head/1132.png?lm=1686818840,,fc-burnley,Burnley FC,2018-premier-league,2018,premier-league,Premier League,England,€12.47bn,first_tier,12470000000.0,71.0
club,/cardiff-city/startseite/verein/603,"{'type': 'competition', 'country_id': '189', 'country_name': 'England', 'country_code': 'GB1', 'total_clubs': '20', 'total_players': '555', 'average_age': '26.5', 'foreigner_percentage': '70.6 %', 'average_market_value': None, 'total_value': '€12.47bn', 'competition_type': 'first_tier', 'competition_name': 'Premier League', 'href': '/premier-league/startseite/wettbewerb/GB1', 'seasoned_href': 'https://www.transfermarkt.co.uk/premier-league/startseite/wettbewerb/GB1/plus/0?saison_id=2018'}",,25,24.9,15,60.0 %,6,Cardiff City Stadium,33280,-900000.0,Neil Warnock,/neil-warnock/profil/trainer/1527,https://tmssl.akamaized.net//images/wappen/head/603.png?lm=1478337063,,cardiff-city,Cardiff City,2018-premier-league,2018,premier-league,Premier League,England,€12.47bn,first_tier,12470000000.0,60.0
club,/brighton-amp-hove-albion/startseite/verein/1237,"{'type': 'competition', 'country_id': '189', 'country_name': 'England', 'country_code': 'GB1', 'total_clubs': '20', 'total_players': '555', 'average_age': '26.5', 'foreigner_percentage': '70.6 %', 'average_market_value': None, 'total_value': '€12.47bn', 'competition_type': 'first_tier', 'competition_name': 'Premier League', 'href': '/premier-league/startseite/wettbewerb/GB1', 'seasoned_href': 'https://www.transfermarkt.co.uk/premier-league/startseite/wettbewerb/GB1/plus/0?saison_id=2018'}",,33,26.6,22,66.7 %,17,AMEX Stadium,31876,63150000.0,Chris Hughton,/chris-hughton/profil/trainer/2654,https://tmssl.akamaized.net//images/wappen/head/1237.png?lm=1492718902,,brighton-amp-hove-albion,Brighton & Hove Albion,2018-premier-league,2018,premier-league,Premier League,England,€12.47bn,first_tier,12470000000.0,66.7
club,/ac-mailand/startseite/verein/5,"{'type': 'competition', 'country_id': '75', 'country_name': 'Italy', 'country_code': 'IT1', 'total_clubs': '20', 'total_players': '536', 'average_age': '26.9', 'foreigner_percentage': '68.7 %', 'average_market_value': None, 'total_value': '€5.28bn', 'competition_type': 'first_tier', 'competition_name': 'Serie A', 'href': '/serie-a/startseite/wettbewerb/IT1', 'seasoned_href': 'https://www.transfermarkt.co.uk/serie-a/startseite/wettbewerb/IT1/plus/0?saison_id=2018'}",,23,27.4,18,78.3 %,19,Giuseppe Meazza,75923,6000000.0,Gennaro Gattuso,/gennaro-gattuso/profil/trainer/27803,https://tmssl.akamaized.net//images/wappen/head/5.png?lm=1605166627,,ac-mailand,AC Milan,2018-serie-a,2018,serie-a,Serie A,Italy,€5.28bn,first_tier,5280000000.0,78.3
club,/juventus-turin/startseite/verein/506,"{'type': 'competition', 'country_id': '75', 'country_name': 'Italy', 'country_code': 'IT1', 'total_clubs': '20', 'total_players': '536', 'average_age': '26.9', 'foreigner_percentage': '68.7 %', 'average_market_value': None, 'total_value': '€5.28bn', 'competition_type': 'first_tier', 'competition_name': 'Serie A', 'href': '/serie-a/startseite/wettbewerb/IT1', 'seasoned_href': 'https://www.transfermarkt.co.uk/serie-a/startseite/wettbewerb/IT1/plus/0?saison_id=2018'}",,25,27.5,18,72.0 %,18,Allianz Stadium,41507,-48750000.0,Massimiliano Allegri,/massimiliano-allegri/profil/trainer/7671,https://tmssl.akamaized.net//images/wappen/head/506.png?lm=1626441487,,juventus-turin,Juventus FC,2018-serie-a,2018,serie-a,Serie A,Italy,€5.28bn,first_tier,5280000000.0,72.0
club,/ssc-neapel/startseite/verein/6195,"{'type': 'competition', 'country_id': '75', 'country_name': 'Italy', 'country_code': 'IT1', 'total_clubs': '20', 'total_players': '536', 'average_age': '26.9', 'foreigner_percentage': '68.7 %', 'average_market_value': None, 'total_value': '€5.28bn', 'competition_type': 'first_tier', 'competition_name': 'Serie A', 'href': '/serie-a/startseite/wettbewerb/IT1', 'seasoned_href': 'https://www.transfermarkt.co.uk/serie-a/startseite/wettbewerb/IT1/plus/0?saison_id=2018'}",,26,28.8,17,65.4 %,16,Diego Armando Maradona,54726,-15350000.0,Carlo Ancelotti,/carlo-ancelotti/profil/trainer/523,https://tmssl.akamaized.net//images/wappen/head/6195.png?lm=1753167643,,ssc-neapel,SSC Napoli,2018-serie-a,2018,serie-a,Serie A,Italy,€5.28bn,first_tier,5280000000.0,65.4
club,/fc-turin/startseite/verein/416,"{'type': 'competition', 'country_id': '75', 'country_name': 'Italy', 'country_code': 'IT1', 'total_clubs': '20', 'total_players': '536', 'average_age': '26.9', 'foreigner_percentage': '68.7 %', 'average_market_value': None, 'total_value': '€5.28bn', 'competition_type': 'first_tier', 'competition_name': 'Serie A', 'href': '/serie-a/startseite/wettbewerb/IT1', 'seasoned_href': 'https://www.transfermarkt.co.uk/serie-a/startseite/wettbewerb/IT1/plus/0?saison_id=2018'}",,30,26.4,24,80.0 %,10,Olimpico Grande Torino,28177,21840000.0,Walter Mazzarri,/walter-mazzarri/profil/trainer/1933,https://tmssl.akamaized.net//images/wappen/head/416.png?lm=1438548174,,fc-turin,Torino FC,2018-serie-a,2018,serie-a,Serie A,Italy,€5.28bn,first_tier,5280000000.0,80.0
club,/us-sassuolo/startseite/verein/6574,"{'type': 'competition', 'country_id': '75', 'country_name': 'Italy', 'country_code': 'IT1', 'total_clubs': '20', 'total_players': '536', 'average_age': '26.9', 'foreigner_percentage': '68.7 %', 'average_market_value': None, 'total_value': '€5.28bn', 'competition_type': 'first_tier', 'competition_name': 'Serie A', 'href': '/serie-a/startseite/wettbewerb/IT1', 'seasoned_href': 'https://www.transfermarkt.co.uk/serie-a/startseite/wettbewerb/IT1/plus/0?saison_id=2018'}",,29,26.1,18,62.1 %,12,Mapei Stadium - Città del Tricolore,21584,-34630000.0,Roberto De Zerbi,/roberto-de-zerbi/profil/trainer/32157,https://tmssl.akamaized.net//images/wappen/head/6574.png?lm=1755894334,,us-sassuolo,US Sassuolo,2018-serie-a,2018,serie-a,Serie A,Italy,€5.28bn,first_tier,5280000000.0,62.1
club,/as-rom/startseite/verein/12,"{'type': 'competition', 'country_id': '75', 'country_name': 'Italy', 'country_code': 'IT1', 'total_clubs': '20', 'total_players': '536', 'average_age': '26.9', 'foreigner_percentage': '68.7 %', 'average_market_value': None, 'total_value': '€5.28bn', 'competition_type': 'first_tier', 'competition_name': 'Serie A', 'href': '/serie-a/startseite/wettbewerb/IT1', 'seasoned_href': 'https://www.transfermarkt.co.uk/serie-a/startseite/wettbewerb/IT1/plus/0?saison_id=2018'}",,27,26.3,19,70.4 %,13,Olimpico di Roma,70634,-24450000.0,Eusebio Di Francesco,/eusebio-di-francesco/profil/trainer/12924,https://tmssl.akamaized.net//images/wappen/head/12.png?lm=1751979202,,as-rom,AS Roma,2018-serie-a,2018,serie-a,Serie A,Italy,€5.28bn,first_tier,5280000000.0,70.4
club,/ac-florenz/startseite/verein/430,"{'type': 'competition', 'country_id': '75', 'country_name': 'Italy', 'country_code': 'IT1', 'total_clubs': '20', 'total_players': '536', 'average_age': '26.9', 'foreigner_percentage': '68.7 %', 'average_market_value': None, 'total_value': '€5.28bn', 'competition_type': 'first_tier', 'competition_name': 'Serie A', 'href': '/serie-a/startseite/wettbewerb/IT1', 'seasoned_href': 'https://www.transfermarkt.co.uk/serie-a/startseite/wettbewerb/IT1/plus/0?saison_id=2018'}",,27,26.1,11,40.7 %,9,Artemio Franchi,43147,-29210000.0,Stefano Pioli,/stefano-pioli/profil/trainer/2135,https://tmssl.akamaized.net//images/wappen/head/430.png?lm=1722844765,,ac-florenz,ACF Fiorentina,2018-serie-a,2018,serie-a,Serie A,Italy,€5.28bn,first_tier,5280000000.0,40.7
club,/atalanta-bergamo/startseite/verein/800,"{'type': 'competition', 'country_id': '75', 'country_name': 'Italy', 'country_code': 'IT1', 'total_clubs': '20', 'total_players': '536', 'average_age': '26.9', 'foreigner_percentage': '68.7 %', 'average_market_value': None, 'total_value': '€5.28bn', 'competition_type': 'first_tier', 'competition_name': 'Serie A', 'href': '/serie-a/startseite/wettbewerb/IT1', 'seasoned_href': 'https://www.transfermarkt.co.uk/serie-a/startseite/wettbewerb/IT1/plus/0?saison_id=2018'}",,24,27.5,14,58.3 %,18,New Balance Arena - Bergamo,24950,-8280000.0,Gian Piero Gasperini,/gian-piero-gasperini/profil/trainer/3436,https://tmssl.akamaized.net//images/wappen/head/800.png?lm=1780904763,,atalanta-bergamo,Atalanta BC,2018-serie-a,2018,serie-a,Serie A,Italy,€5.28bn,first_tier,5280000000.0,58.3
club,/lazio-rom/startseite/verein/398,"{'type': 'competition', 'country_id': '75', 'country_name': 'Italy', 'country_code': 'IT1', 'total_clubs': '20', 'total_players': '536', 'average_age': '26.9', 'foreigner_percentage': '68.7 %', 'average_market_value': None, 'total_value': '€5.28bn', 'competition_type': 'first_tier', 'competition_name': 'Serie A', 'href': '/serie-a/startseite/wettbewerb/IT1', 'seasoned_href': 'https://www.transfermarkt.co.uk/serie-a/startseite/wettbewerb/IT1/plus/0?saison_id=2018'}",,28,27.8,17,60.7 %,11,Olimpico di Roma,70634,13550000.0,Simone Inzaghi,/simone-inzaghi/profil/trainer/21624,https://tmssl.akamaized.net//images/wappen/head/398.png?lm=1601537785,,lazio-rom,SS Lazio,2018-serie-a,2018,serie-a,Serie A,Italy,€5.28bn,first_tier,5280000000.0,60.7
club,/inter-mailand/startseite/verein/46,"{'type': 'competition', 'country_id': '75', 'country_name': 'Italy', 'country_code': 'IT1', 'total_clubs': '20', 'total_players': '536', 'average_age': '26.9', 'foreigner_percentage': '68.7 %', 'average_market_value': None, 'total_value': '€5.28bn', 'competition_type': 'first_tier', 'competition_name': 'Serie A', 'href': '/serie-a/startseite/wettbewerb/IT1', 'seasoned_href': 'https://www.transfermarkt.co.uk/serie-a/startseite/wettbewerb/IT1/plus/0?saison_id=2018'}",,24,29.5,16,66.7 %,15,Giuseppe Meazza,75923,-48350000.0,Luciano Spalletti,/luciano-spalletti/profil/trainer/517,https://tmssl.akamaized.net//images/wappen/head/46.png?lm=1618900989,,inter-mailand,Inter Milan,2018-serie-a,2018,serie-a,Serie A,Italy,€5.28bn,first_tier,5280000000.0,66.7
club,/fc-bologna/startseite/verein/1025,"{'type': 'competition', 'country_id': '75', 'country_name': 'Italy', 'country_code': 'IT1', 'total_clubs': '20', 'total_players': '536', 'average_age': '26.9', 'foreigner_percentage': '68.7 %', 'average_market_value': None, 'total_value': '€5.28bn', 'competition_type': 'first_tier', 'competition_name': 'Serie A', 'href': '/serie-a/startseite/wettbewerb/IT1', 'seasoned_href': 'https://www.transfermarkt.co.uk/serie-a/startseite/wettbewerb/IT1/plus/0?saison_id=2018'}",,27,27.4,17,63.0 %,11,Stadio Renato Dall’Ara,36462,27700000.0,Filippo Inzaghi,/filippo-inzaghi/profil/trainer/25149,https://tmssl.akamaized.net//images/wappen/head/1025.png?lm=1626441324,,fc-bologna,Bologna FC 1909,2018-serie-a,2018,serie-a,Serie A,Italy,€5.28bn,first_tier,5280000000.0,63.0
club,/genua-cfc/startseite/verein/252,"{'type': 'competition', 'country_id': '75', 'country_name': 'Italy', 'country_code': 'IT1', 'total_clubs': '20', 'total_players': '536', 'average_age': '26.9', 'foreigner_percentage': '68.7 %', 'average_market_value': None, 'total_value': '€5.28bn', 'competition_type': 'first_tier', 'competition_name': 'Serie A', 'href': '/serie-a/startseite/wettbewerb/IT1', 'seasoned_href': 'https://www.transfermarkt.co.uk/serie-a/startseite/wettbewerb/IT1/plus/0?saison_id=2018'}",,26,26.8,18,69.2 %,8,Luigi Ferraris,34901,47930000.0,Davide Ballardini,/davide-ballardini/profil/trainer/3793,https://tmssl.akamaized.net//images/wappen/head/252.png?lm=1655305880,,genua-cfc,Genoa CFC,2018-serie-a,2018,serie-a,Serie A,Italy,€5.28bn,first_tier,5280000000.0,69.2
club,/udinese-calcio/startseite/verein/410,"{'type': 'competition', 'country_id': '75', 'country_name': 'Italy', 'country_code': 'IT1', 'total_clubs': '20', 'total_players': '536', 'average_age': '26.9', 'foreigner_percentage': '68.7 %', 'average_market_value': None, 'total_value': '€5.28bn', 'competition_type': 'first_tier', 'competition_name': 'Serie A', 'href': '/serie-a/startseite/wettbewerb/IT1', 'seasoned_href': 'https://www.transfermarkt.co.uk/serie-a/startseite/wettbewerb/IT1/plus/0?saison_id=2018'}",,26,26.3,21,80.8 %,8,Bluenergy Stadium,25144,47650000.0,Julio Velázquez,/julio-velazquez/profil/trainer/17326,https://tmssl.akamaized.net//images/wappen/head/410.png?lm=1688982584,,udinese-calcio,Udinese Calcio,2018-serie-a,2018,serie-a,Serie A,Italy,€5.28bn,first_tier,5280000000.0,80.8
club,/sampdoria-genua/startseite/verein/1038,"{'type': 'competition', 'country_id': '75', 'country_name': 'Italy', 'country_code': 'IT1', 'total_clubs': '20', 'total_players': '536', 'average_age': '26.9', 'foreigner_percentage': '68.7 %', 'average_market_value': None, 'total_value': '€5.28bn', 'competition_type': 'first_tier', 'competition_name': 'Serie A', 'href': '/serie-a/startseite/wettbewerb/IT1', 'seasoned_href': 'https://www.transfermarkt.co.uk/serie-a/startseite/wettbewerb/IT1/plus/0?saison_id=2018'}",,30,27.2,8,26.7 %,3,Luigi Ferraris,33205,-11730000.0,Marco Giampaolo,/marco-giampaolo/profil/trainer/3257,https://tmssl.akamaized.net//images/wappen/head/1038.png?lm=1520934353,,sampdoria-genua,UC Sampdoria,2018-serie-a,2018,serie-a,Serie A,Italy,€5.28bn,first_tier,5280000000.0,26.7
club,/chievo-verona/startseite/verein/862,"{'type': 'competition', 'country_id': '75', 'country_name': 'Italy', 'country_code': 'IT1', 'total_clubs': '20', 'total_players': '536', 'average_age': '26.9', 'foreigner_percentage': '68.7 %', 'average_market_value': None, 'total_value': '€5.28bn', 'competition_type': 'first_tier', 'competition_name': 'Serie A', 'href': '/serie-a/startseite/wettbewerb/IT1', 'seasoned_href': 'https://www.transfermarkt.co.uk/serie-a/startseite/wettbewerb/IT1/plus/0?saison_id=2018'}",,29,25.8,5,17.2 %,0,Comunale Di Sona,500,-0.0,Lorenzo D'Anna,/lorenzo-danna/profil/trainer/26423,https://tmssl.akamaized.net//images/wappen/head/862.png?lm=1730983190,,chievo-verona,Chievo Verona,2018-serie-a,2018,serie-a,Serie A,Italy,€5.28bn,first_tier,5280000000.0,17.2
club,/cagliari-calcio/startseite/verein/1390,"{'type': 'competition', 'country_id': '75', 'country_name': 'Italy', 'country_code': 'IT1', 'total_clubs': '20', 'total_players': '536', 'average_age': '26.9', 'foreigner_percentage': '68.7 %', 'average_market_value': None, 'total_value': '€5.28bn', 'competition_type': 'first_tier', 'competition_name': 'Serie A', 'href': '/serie-a/startseite/wettbewerb/IT1', 'seasoned_href': 'https://www.transfermarkt.co.uk/serie-a/startseite/wettbewerb/IT1/plus/0?saison_id=2018'}",,29,25.6,14,48.3 %,6,Unipol Domus,16416,800000.0,Rolando Maran,/rolando-maran/profil/trainer/3018,https://tmssl.akamaized.net//images/wappen/head/1390.png?lm=1626441409,,cagliari-calcio,Cagliari Calcio,2018-serie-a,2018,serie-a,Serie A,Italy,€5.28bn,first_tier,5280000000.0,48.3
club,/fc-empoli/startseite/verein/749,"{'type': 'competition', 'country_id': '75', 'country_name': 'Italy', 'country_code': 'IT1', 'total_clubs': '20', 'total_players': '536', 'average_age': '26.9', 'foreigner_percentage': '68.7 %', 'average_market_value': None, 'total_value': '€5.28bn', 'competition_type': 'first_tier', 'competition_name': 'Serie A', 'href': '/serie-a/startseite/wettbewerb/IT1', 'seasoned_href': 'https://www.transfermarkt.co.uk/serie-a/startseite/wettbewerb/IT1/plus/0?saison_id=2018'}",,33,24.7,9,27.3 %,1,Carlo Castellani,19847,23330000.0,Aurelio Andreazzoli,/aurelio-andreazzoli/profil/trainer/8646,https://tmssl.akamaized.net//images/wappen/head/749.png?lm=1626441481,,fc-empoli,FC Empoli,2018-serie-a,2018,serie-a,Serie A,Italy,€5.28bn,first_tier,5280000000.0,27.3
club,/frosinone-calcio/startseite/verein/8970,"{'type': 'competition', 'country_id': '75', 'country_name': 'Italy', 'country_code': 'IT1', 'total_clubs': '20', 'total_players': '536', 'average_age': '26.9', 'foreigner_percentage': '68.7 %', 'average_market_value': None, 'total_value': '€5.28bn', 'competition_type': 'first_tier', 'competition_name': 'Serie A', 'href': '/serie-a/startseite/wettbewerb/IT1', 'seasoned_href': 'https://www.transfermarkt.co.uk/serie-a/startseite/wettbewerb/IT1/plus/0?saison_id=2018'}",,30,24.5,9,30.0 %,6,Benito Stirpe,16227,16850000.0,Moreno Longo,/moreno-longo/profil/trainer/25681,https://tmssl.akamaized.net//images/wappen/head/8970.png?lm=1438547543,,frosinone-calcio,Frosinone Calcio,2018-serie-a,2018,serie-a,Serie A,Italy,€5.28bn,first_tier,5280000000.0,30.0
club,/parma-calcio-1913/startseite/verein/130,"{'type': 'competition', 'country_id': '75', 'country_name': 'Italy', 'country_code': 'IT1', 'total_clubs': '20', 'total_players': '536', 'average_age': '26.9', 'foreigner_percentage': '68.7 %', 'average_market_value': None, 'total_value': '€5.28bn', 'competition_type': 'first_tier', 'competition_name': 'Serie A', 'href': '/serie-a/startseite/wettbewerb/IT1', 'seasoned_href': 'https://www.transfermarkt.co.uk/serie-a/startseite/wettbewerb/IT1/plus/0?saison_id=2018'}",,25,24.7,19,76.0 %,2,Ennio Tardini,22352,42290000.0,Roberto D'Aversa,/roberto-daversa/profil/trainer/35782,https://tmssl.akamaized.net//images/wappen/head/130.png?lm=1530945992,,parma-calcio-1913,Parma Calcio 1913,2018-serie-a,2018,serie-a,Serie A,Italy,€5.28bn,first_tier,5280000000.0,76.0
club,/spal/startseite/verein/2722,"{'type': 'competition', 'country_id': '75', 'country_name': 'Italy', 'country_code': 'IT1', 'total_clubs': '20', 'total_players': '536', 'average_age': '26.9', 'foreigner_percentage': '68.7 %', 'average_market_value': None, 'total_value': '€5.28bn', 'competition_type': 'first_tier', 'competition_name': 'Serie A', 'href': '/serie-a/startseite/wettbewerb/IT1', 'seasoned_href': 'https://www.transfermarkt.co.uk/serie-a/startseite/wettbewerb/IT1/plus/0?saison_id=2018'}",,0,0.0,,,0,Paolo Mazza,16134,-0.0,Leonardo Semplici,/leonardo-semplici/profil/trainer/14546,https://tmssl.akamaized.net//images/wappen/head/2722.png?lm=1626441491,,spal,SPAL,2018-serie-a,2018,serie-a,Serie A,Italy,€5.28bn,first_tier,5280000000.0,0.0
club,/borussia-monchengladbach/startseite/verein/18,"{'type': 'competition', 'country_id': '40', 'country_name': 'Germany', 'country_code': 'L1', 'total_clubs': '18', 'total_players': '515', 'average_age': '26.1', 'foreigner_percentage': '59.0 %', 'average_market_value': '\n', 'total_value': '€5.13bn', 'competition_type': 'first_tier', 'competition_name': 'Bundesliga', 'href': '/bundesliga/startseite/wettbewerb/L1', 'seasoned_href': 'https://www.transfermarkt.co.uk/bundesliga/startseite/wettbewerb/L1/plus/0?saison_id=2019'}",,28,26.1,15,53.6 %,9,Stadion im Borussia-Park,54042,10750000.0,Marco Rose,/marco-rose/profil/trainer/24197,https://tmssl.akamaized.net//images/wappen/head/18.png?lm=1656585796,,borussia-monchengladbach,Borussia Mönchengladbach,2019-bundesliga,2019,bundesliga,Bundesliga,Germany,€5.13bn,first_tier,5130000000.0,53.6
club,/rasenballsport-leipzig/startseite/verein/23826,"{'type': 'competition', 'country_id': '40', 'country_name': 'Germany', 'country_code': 'L1', 'total_clubs': '18', 'total_players': '515', 'average_age': '26.1', 'foreigner_percentage': '59.0 %', 'average_market_value': '\n', 'total_value': '€5.13bn', 'competition_type': 'first_tier', 'competition_name': 'Bundesliga', 'href': '/bundesliga/startseite/wettbewerb/L1', 'seasoned_href': 'https://www.transfermarkt.co.uk/bundesliga/startseite/wettbewerb/L1/plus/0?saison_id=2019'}",,28,24.3,19,67.9 %,12,Red Bull Arena,47069,38050000.0,Julian Nagelsmann,/julian-nagelsmann/profil/trainer/8402,https://tmssl.akamaized.net//images/wappen/head/23826.png?lm=1619431624,,rasenballsport-leipzig,RB Leipzig,2019-bundesliga,2019,bundesliga,Bundesliga,Germany,€5.13bn,first_tier,5130000000.0,67.9
club,/tsg-1899-hoffenheim/startseite/verein/533,"{'type': 'competition', 'country_id': '40', 'country_name': 'Germany', 'country_code': 'L1', 'total_clubs': '18', 'total_players': '515', 'average_age': '26.1', 'foreigner_percentage': '59.0 %', 'average_market_value': '\n', 'total_value': '€5.13bn', 'competition_type': 'first_tier', 'competition_name': 'Bundesliga', 'href': '/bundesliga/startseite/wettbewerb/L1', 'seasoned_href': 'https://www.transfermarkt.co.uk/bundesliga/startseite/wettbewerb/L1/plus/0?saison_id=2019'}",,29,25.6,20,69.0 %,11,PreZero Arena,30150,1350000.0,Alfred Schreuder,/alfred-schreuder/profil/trainer/10267,https://tmssl.akamaized.net//images/wappen/head/533.png?lm=1675591766,,tsg-1899-hoffenheim,TSG 1899 Hoffenheim,2019-bundesliga,2019,bundesliga,Bundesliga,Germany,€5.13bn,first_tier,5130000000.0,69.0
club,/sv-werder-bremen/startseite/verein/86,"{'type': 'competition', 'country_id': '40', 'country_name': 'Germany', 'country_code': 'L1', 'total_clubs': '18', 'total_players': '515', 'average_age': '26.1', 'foreigner_percentage': '59.0 %', 'average_market_value': '\n', 'total_value': '€5.13bn', 'competition_type': 'first_tier', 'competition_name': 'Bundesliga', 'href': '/bundesliga/startseite/wettbewerb/L1', 'seasoned_href': 'https://www.transfermarkt.co.uk/bundesliga/startseite/wettbewerb/L1/plus/0?saison_id=2019'}",,30,25.5,18,60.0 %,9,Weserstadion,41800,-2150000.0,Florian Kohfeldt,/florian-kohfeldt/profil/trainer/16013,https://tmssl.akamaized.net//images/wappen/head/86.png?lm=1403082298,,sv-werder-bremen,SV Werder Bremen,2019-bundesliga,2019,bundesliga,Bundesliga,Germany,€5.13bn,first_tier,5130000000.0,60.0
club,/bayer-04-leverkusen/startseite/verein/15,"{'type': 'competition', 'country_id': '40', 'country_name': 'Germany', 'country_code': 'L1', 'total_clubs': '18', 'total_players': '515', 'average_age': '26.1', 'foreigner_percentage': '59.0 %', 'average_market_value': '\n', 'total_value': '€5.13bn', 'competition_type': 'first_tier', 'competition_name': 'Bundesliga', 'href': '/bundesliga/startseite/wettbewerb/L1', 'seasoned_href': 'https://www.transfermarkt.co.uk/bundesliga/startseite/wettbewerb/L1/plus/0?saison_id=2019'}",,27,26.7,21,77.8 %,12,BayArena,30210,31700000.0,Peter Bosz,/peter-bosz/profil/trainer/1269,https://tmssl.akamaized.net//images/wappen/head/15.png?lm=1710156317,,bayer-04-leverkusen,Bayer 04 Leverkusen,2019-bundesliga,2019,bundesliga,Bundesliga,Germany,€5.13bn,first_tier,5130000000.0,77.8
club,/borussia-dortmund/startseite/verein/16,"{'type': 'competition', 'country_id': '40', 'country_name': 'Germany', 'country_code': 'L1', 'total_clubs': '18', 'total_players': '515', 'average_age': '26.1', 'foreigner_percentage': '59.0 %', 'average_market_value': '\n', 'total_value': '€5.13bn', 'competition_type': 'first_tier', 'competition_name': 'Bundesliga', 'href': '/bundesliga/startseite/wettbewerb/L1', 'seasoned_href': 'https://www.transfermarkt.co.uk/bundesliga/startseite/wettbewerb/L1/plus/0?saison_id=2019'}",,26,26.5,14,53.8 %,16,SIGNAL IDUNA PARK,81365,-23200000.0,Lucien Favre,/lucien-favre/profil/trainer/535,https://tmssl.akamaized.net//images/wappen/head/16.png?lm=1396275280,,borussia-dortmund,Borussia Dortmund,2019-bundesliga,2019,bundesliga,Bundesliga,Germany,€5.13bn,first_tier,5130000000.0,53.8
club,/hertha-bsc/startseite/verein/44,"{'type': 'competition', 'country_id': '40', 'country_name': 'Germany', 'country_code': 'L1', 'total_clubs': '18', 'total_players': '515', 'average_age': '26.1', 'foreigner_percentage': '59.0 %', 'average_market_value': '\n', 'total_value': '€5.13bn', 'competition_type': 'first_tier', 'competition_name': 'Bundesliga', 'href': '/bundesliga/startseite/wettbewerb/L1', 'seasoned_href': 'https://www.transfermarkt.co.uk/bundesliga/startseite/wettbewerb/L1/plus/0?saison_id=2019'}",,30,26.1,8,26.7 %,1,Olympiastadion Berlin,74667,13550000.0,Ante Covic,/ante-covic/profil/trainer/14175,https://tmssl.akamaized.net//images/wappen/head/44.png?lm=1656580875,,hertha-bsc,Hertha BSC,2019-bundesliga,2019,bundesliga,Bundesliga,Germany,€5.13bn,first_tier,5130000000.0,26.7
club,/vfl-wolfsburg/startseite/verein/82,"{'type': 'competition', 'country_id': '40', 'country_name': 'Germany', 'country_code': 'L1', 'total_clubs': '18', 'total_players': '515', 'average_age': '26.1', 'foreigner_percentage': '59.0 %', 'average_market_value': '\n', 'total_value': '€5.13bn', 'competition_type': 'first_tier', 'competition_name': 'Bundesliga', 'href': '/bundesliga/startseite/wettbewerb/L1', 'seasoned_href': 'https://www.transfermarkt.co.uk/bundesliga/startseite/wettbewerb/L1/plus/0?saison_id=2019'}",,33,25.6,24,72.7 %,15,Volkswagen Arena,28917,-30980000.0,Oliver Glasner,/oliver-glasner/profil/trainer/22891,https://tmssl.akamaized.net//images/wappen/head/82.png?lm=1778348110,,vfl-wolfsburg,VfL Wolfsburg,2019-bundesliga,2019,bundesliga,Bundesliga,Germany,€5.13bn,first_tier,5130000000.0,72.7
club,/fc-bayern-munchen/startseite/verein/27,"{'type': 'competition', 'country_id': '40', 'country_name': 'Germany', 'country_code': 'L1', 'total_clubs': '18', 'total_players': '515', 'average_age': '26.1', 'foreigner_percentage': '59.0 %', 'average_market_value': '\n', 'total_value': '€5.13bn', 'competition_type': 'first_tier', 'competition_name': 'Bundesliga', 'href': '/bundesliga/startseite/wettbewerb/L1', 'seasoned_href': 'https://www.transfermarkt.co.uk/bundesliga/startseite/wettbewerb/L1/plus/0?saison_id=2019'}",,25,27.1,13,52.0 %,20,Allianz Arena,75000,12900000.0,Niko Kovac,/niko-kovac/profil/trainer/10463,https://tmssl.akamaized.net//images/wappen/head/27.png?lm=1729503608,,fc-bayern-munchen,Bayern Munich,2019-bundesliga,2019,bundesliga,Bundesliga,Germany,€5.13bn,first_tier,5130000000.0,52.0
club,/fc-schalke-04/startseite/verein/33,"{'type': 'competition', 'country_id': '40', 'country_name': 'Germany', 'country_code': 'L1', 'total_clubs': '18', 'total_players': '515', 'average_age': '26.1', 'foreigner_percentage': '59.0 %', 'average_market_value': '\n', 'total_value': '€5.13bn', 'competition_type': 'first_tier', 'competition_name': 'Bundesliga', 'href': '/bundesliga/startseite/wettbewerb/L1', 'seasoned_href': 'https://www.transfermarkt.co.uk/bundesliga/startseite/wettbewerb/L1/plus/0?saison_id=2019'}",,33,26.3,19,57.6 %,6,Veltins-Arena,62278,5350000.0,David Wagner,/david-wagner/profil/trainer/6092,https://tmssl.akamaized.net//images/wappen/head/33.png?lm=1656580846,,fc-schalke-04,FC Schalke 04,2019-bundesliga,2019,bundesliga,Bundesliga,Germany,€5.13bn,first_tier,5130000000.0,57.6
club,/sc-freiburg/startseite/verein/60,"{'type': 'competition', 'country_id': '40', 'country_name': 'Germany', 'country_code': 'L1', 'total_clubs': '18', 'total_players': '515', 'average_age': '26.1', 'foreigner_percentage': '59.0 %', 'average_market_value': '\n', 'total_value': '€5.13bn', 'competition_type': 'first_tier', 'competition_name': 'Bundesliga', 'href': '/bundesliga/startseite/wettbewerb/L1', 'seasoned_href': 'https://www.transfermarkt.co.uk/bundesliga/startseite/wettbewerb/L1/plus/0?saison_id=2019'}",,25,28.2,9,36.0 %,5,Europa-Park Stadion,34700,-2650000.0,Christian Streich,/christian-streich/profil/trainer/2989,https://tmssl.akamaized.net//images/wappen/head/60.png?lm=1517249279,,sc-freiburg,SC Freiburg,2019-bundesliga,2019,bundesliga,Bundesliga,Germany,€5.13bn,first_tier,5130000000.0,36.0
club,/1-fsv-mainz-05/startseite/verein/39,"{'type': 'competition', 'country_id': '40', 'country_name': 'Germany', 'country_code': 'L1', 'total_clubs': '18', 'total_players': '515', 'average_age': '26.1', 'foreigner_percentage': '59.0 %', 'average_market_value': '\n', 'total_value': '€5.13bn', 'competition_type': 'first_tier', 'competition_name': 'Bundesliga', 'href': '/bundesliga/startseite/wettbewerb/L1', 'seasoned_href': 'https://www.transfermarkt.co.uk/bundesliga/startseite/wettbewerb/L1/plus/0?saison_id=2019'}",,31,27.4,15,48.4 %,10,Mewa Arena,33305,5730000.0,Sandro Schwarz,/sandro-schwarz/profil/trainer/9570,https://tmssl.akamaized.net//images/wappen/head/39.png?lm=1564748880,,1-fsv-mainz-05,1.FSV Mainz 05,2019-bundesliga,2019,bundesliga,Bundesliga,Germany,€5.13bn,first_tier,5130000000.0,48.4
club,/1-fc-union-berlin/startseite/verein/89,"{'type': 'competition', 'country_id': '40', 'country_name': 'Germany', 'country_code': 'L1', 'total_clubs': '18', 'total_players': '515', 'average_age': '26.1', 'foreigner_percentage': '59.0 %', 'average_market_value': '\n', 'total_value': '€5.13bn', 'competition_type': 'first_tier', 'competition_name': 'Bundesliga', 'href': '/bundesliga/startseite/wettbewerb/L1', 'seasoned_href': 'https://www.transfermarkt.co.uk/bundesliga/startseite/wettbewerb/L1/plus/0?saison_id=2019'}",,26,27.2,17,65.4 %,8,Stadion An der Alten Försterei,22012,300000.0,Urs Fischer,/urs-fischer/profil/trainer/5965,https://tmssl.akamaized.net//images/wappen/head/89.png?lm=1402956210,,1-fc-union-berlin,1.FC Union Berlin,2019-bundesliga,2019,bundesliga,Bundesliga,Germany,€5.13bn,first_tier,5130000000.0,65.4
club,/1-fc-koln/startseite/verein/3,"{'type': 'competition', 'country_id': '40', 'country_name': 'Germany', 'country_code': 'L1', 'total_clubs': '18', 'total_players': '515', 'average_age': '26.1', 'foreigner_percentage': '59.0 %', 'average_market_value': '\n', 'total_value': '€5.13bn', 'competition_type': 'first_tier', 'competition_name': 'Bundesliga', 'href': '/bundesliga/startseite/wettbewerb/L1', 'seasoned_href': 'https://www.transfermarkt.co.uk/bundesliga/startseite/wettbewerb/L1/plus/0?saison_id=2019'}",,30,26.0,12,40.0 %,5,RheinEnergieSTADION,50000,-12130000.0,Achim Beierlorzer,/achim-beierlorzer/profil/trainer/15487,https://tmssl.akamaized.net//images/wappen/head/3.png?lm=1656580823,,1-fc-koln,1.FC Köln,2019-bundesliga,2019,bundesliga,Bundesliga,Germany,€5.13bn,first_tier,5130000000.0,40.0
club,/sc-paderborn-07/startseite/verein/127,"{'type': 'competition', 'country_id': '40', 'country_name': 'Germany', 'country_code': 'L1', 'total_clubs': '18', 'total_players': '515', 'average_age': '26.1', 'foreigner_percentage': '59.0 %', 'average_market_value': '\n', 'total_value': '€5.13bn', 'competition_type': 'first_tier', 'competition_name': 'Bundesliga', 'href': '/bundesliga/startseite/wettbewerb/L1', 'seasoned_href': 'https://www.transfermarkt.co.uk/bundesliga/startseite/wettbewerb/L1/plus/0?saison_id=2019'}",,26,24.7,2,7.7 %,1,Home Deluxe Arena,15000,10850000.0,Steffen Baumgart,/steffen-baumgart/profil/trainer/9622,https://tmssl.akamaized.net//images/wappen/head/127.png?lm=1532010365,,sc-paderborn-07,SC Paderborn 07,2019-bundesliga,2019,bundesliga,Bundesliga,Germany,€5.13bn,first_tier,5130000000.0,7.7
club,/fortuna-dusseldorf/startseite/verein/38,"{'type': 'competition', 'country_id': '40', 'country_name': 'Germany', 'country_code': 'L1', 'total_clubs': '18', 'total_players': '515', 'average_age': '26.1', 'foreigner_percentage': '59.0 %', 'average_market_value': '\n', 'total_value': '€5.13bn', 'competition_type': 'first_tier', 'competition_name': 'Bundesliga', 'href': '/bundesliga/startseite/wettbewerb/L1', 'seasoned_href': 'https://www.transfermarkt.co.uk/bundesliga/startseite/wettbewerb/L1/plus/0?saison_id=2019'}",,31,25.6,13,41.9 %,5,MERKUR SPIEL-ARENA,54600,5180000.0,Friedhelm Funkel,/friedhelm-funkel/profil/trainer/72,https://tmssl.akamaized.net//images/wappen/head/38.png?lm=1405514004,,fortuna-dusseldorf,Fortuna Düsseldorf,2019-bundesliga,2019,bundesliga,Bundesliga,Germany,€5.13bn,first_tier,5130000000.0,41.9
club,/fc-augsburg/startseite/verein/167,"{'type': 'competition', 'country_id': '40', 'country_name': 'Germany', 'country_code': 'L1', 'total_clubs': '18', 'total_players': '515', 'average_age': '26.1', 'foreigner_percentage': '59.0 %', 'average_market_value': '\n', 'total_value': '€5.13bn', 'competition_type': 'first_tier', 'competition_name': 'Bundesliga', 'href': '/bundesliga/startseite/wettbewerb/L1', 'seasoned_href': 'https://www.transfermarkt.co.uk/bundesliga/startseite/wettbewerb/L1/plus/0?saison_id=2019'}",,29,25.7,19,65.5 %,8,WWK ARENA,30660,-8450000.0,Martin Schmidt,/martin-schmidt/profil/trainer/15119,https://tmssl.akamaized.net//images/wappen/head/167.png?lm=1656582897,,fc-augsburg,FC Augsburg,2019-bundesliga,2019,bundesliga,Bundesliga,Germany,€5.13bn,first_tier,5130000000.0,65.5
club,/eintracht-frankfurt/startseite/verein/24,"{'type': 'competition', 'country_id': '40', 'country_name': 'Germany', 'country_code': 'L1', 'total_clubs': '18', 'total_players': '515', 'average_age': '26.1', 'foreigner_percentage': '59.0 %', 'average_market_value': '\n', 'total_value': '€5.13bn', 'competition_type': 'first_tier', 'competition_name': 'Bundesliga', 'href': '/bundesliga/startseite/wettbewerb/L1', 'seasoned_href': 'https://www.transfermarkt.co.uk/bundesliga/startseite/wettbewerb/L1/plus/0?saison_id=2019'}",,29,25.7,19,65.5 %,14,Deutsche Bank Park,59500,53400000.0,Adi Hütter,/adi-hutter/profil/trainer/5018,https://tmssl.akamaized.net//images/wappen/head/24.png?lm=1700074979,,eintracht-frankfurt,Eintracht Frankfurt,2019-bundesliga,2019,bundesliga,Bundesliga,Germany,€5.13bn,first_tier,5130000000.0,65.5
club,/kaa-gent/startseite/verein/157,"{'type': 'competition', 'country_id': '19', 'country_name': 'Belgium', 'country_code': 'BE1', 'total_clubs': '16', 'total_players': '454', 'average_age': '24.7', 'foreigner_percentage': '62.6 %', 'average_market_value': None, 'total_value': '€1.13bn', 'competition_type': 'first_tier', 'competition_name': 'Jupiler Pro League', 'href': '/jupiler-pro-league/startseite/wettbewerb/BE1', 'seasoned_href': 'https://www.transfermarkt.co.uk/jupiler-pro-league/startseite/wettbewerb/BE1/plus/0?saison_id=2019'}",,30,24.2,18,60.0 %,6,Planet Group arena,20185,17850000.0,Jess Thorup,/jess-thorup/profil/trainer/2898,https://tmssl.akamaized.net//images/wappen/head/157.png?lm=1715694765,,kaa-gent,KAA Gent,2019-jupiler-pro-league,2019,jupiler-pro-league,Jupiler Pro League,Belgium,€1.13bn,first_tier,1130000000.0,60.0
club,/vv-st-truiden/startseite/verein/475,"{'type': 'competition', 'country_id': '19', 'country_name': 'Belgium', 'country_code': 'BE1', 'total_clubs': '16', 'total_players': '454', 'average_age': '24.7', 'foreigner_percentage': '62.6 %', 'average_market_value': None, 'total_value': '€1.13bn', 'competition_type': 'first_tier', 'competition_name': 'Jupiler Pro League', 'href': '/jupiler-pro-league/startseite/wettbewerb/BE1', 'seasoned_href': 'https://www.transfermarkt.co.uk/jupiler-pro-league/startseite/wettbewerb/BE1/plus/0?saison_id=2019'}",,26,25.6,18,69.2 %,4,Daio Wasabi Stayen Stadium,11337,6200000.0,Marc Brys,/marc-brys/profil/trainer/1010,https://tmssl.akamaized.net//images/wappen/head/475.png?lm=1448474474,,vv-st-truiden,Sint-Truidense VV,2019-jupiler-pro-league,2019,jupiler-pro-league,Jupiler Pro League,Belgium,€1.13bn,first_tier,1130000000.0,69.2
club,/rsc-anderlecht/startseite/verein/58,"{'type': 'competition', 'country_id': '19', 'country_name': 'Belgium', 'country_code': 'BE1', 'total_clubs': '16', 'total_players': '454', 'average_age': '24.7', 'foreigner_percentage': '62.6 %', 'average_market_value': None, 'total_value': '€1.13bn', 'competition_type': 'first_tier', 'competition_name': 'Jupiler Pro League', 'href': '/jupiler-pro-league/startseite/wettbewerb/BE1', 'seasoned_href': 'https://www.transfermarkt.co.uk/jupiler-pro-league/startseite/wettbewerb/BE1/plus/0?saison_id=2019'}",,30,24.6,20,66.7 %,7,Lotto Park,21900,14190000.0,Vincent Kompany,/vincent-kompany/profil/trainer/69681,https://tmssl.akamaized.net//images/wappen/head/58.png?lm=1718695206,,rsc-anderlecht,RSC Anderlecht,2019-jupiler-pro-league,2019,jupiler-pro-league,Jupiler Pro League,Belgium,€1.13bn,first_tier,1130000000.0,66.7
club,/krc-genk/startseite/verein/1184,"{'type': 'competition', 'country_id': '19', 'country_name': 'Belgium', 'country_code': 'BE1', 'total_clubs': '16', 'total_players': '454', 'average_age': '24.7', 'foreigner_percentage': '62.6 %', 'average_market_value': None, 'total_value': '€1.13bn', 'competition_type': 'first_tier', 'competition_name': 'Jupiler Pro League', 'href': '/jupiler-pro-league/startseite/wettbewerb/BE1', 'seasoned_href': 'https://www.transfermarkt.co.uk/jupiler-pro-league/startseite/wettbewerb/BE1/plus/0?saison_id=2019'}",,27,23.8,14,51.9 %,9,Cegeka Arena,23718,41300000.0,Felice Mazzù,/felice-mazzu/profil/trainer/7843,https://tmssl.akamaized.net//images/wappen/head/1184.png?lm=1717666245,,krc-genk,KRC Genk,2019-jupiler-pro-league,2019,jupiler-pro-league,Jupiler Pro League,Belgium,€1.13bn,first_tier,1130000000.0,51.9
club,/fc-brugge/startseite/verein/2282,"{'type': 'competition', 'country_id': '19', 'country_name': 'Belgium', 'country_code': 'BE1', 'total_clubs': '16', 'total_players': '454', 'average_age': '24.7', 'foreigner_percentage': '62.6 %', 'average_market_value': None, 'total_value': '€1.13bn', 'competition_type': 'first_tier', 'competition_name': 'Jupiler Pro League', 'href': '/jupiler-pro-league/startseite/wettbewerb/BE1', 'seasoned_href': 'https://www.transfermarkt.co.uk/jupiler-pro-league/startseite/wettbewerb/BE1/plus/0?saison_id=2019'}",,28,24.3,16,57.1 %,12,Jan Breydelstadion,29062,49000000.0,Dévy Rigaux,/devy-rigaux/profil/trainer/52056,https://tmssl.akamaized.net//images/wappen/head/2282.png?lm=1716279106,,fc-brugge,Club Brugge KV,2019-jupiler-pro-league,2019,jupiler-pro-league,Jupiler Pro League,Belgium,€1.13bn,first_tier,1130000000.0,57.1
club,/cercle-brugge/startseite/verein/520,"{'type': 'competition', 'country_id': '19', 'country_name': 'Belgium', 'country_code': 'BE1', 'total_clubs': '16', 'total_players': '454', 'average_age': '24.7', 'foreigner_percentage': '62.6 %', 'average_market_value': None, 'total_value': '€1.13bn', 'competition_type': 'first_tier', 'competition_name': 'Jupiler Pro League', 'href': '/jupiler-pro-league/startseite/wettbewerb/BE1', 'seasoned_href': 'https://www.transfermarkt.co.uk/jupiler-pro-league/startseite/wettbewerb/BE1/plus/0?saison_id=2019'}",,26,23.4,18,69.2 %,2,Jan Breydelstadion,29062,10450000.0,Fabien Mercadal,/fabien-mercadal/profil/trainer/7234,https://tmssl.akamaized.net//images/wappen/head/520.png?lm=1713864588,,cercle-brugge,Cercle Brugge,2019-jupiler-pro-league,2019,jupiler-pro-league,Jupiler Pro League,Belgium,€1.13bn,first_tier,1130000000.0,69.2
club,/royal-antwerpen-fc/startseite/verein/1096,"{'type': 'competition', 'country_id': '19', 'country_name': 'Belgium', 'country_code': 'BE1', 'total_clubs': '16', 'total_players': '454', 'average_age': '24.7', 'foreigner_percentage': '62.6 %', 'average_market_value': None, 'total_value': '€1.13bn', 'competition_type': 'first_tier', 'competition_name': 'Jupiler Pro League', 'href': '/jupiler-pro-league/startseite/wettbewerb/BE1', 'seasoned_href': 'https://www.transfermarkt.co.uk/jupiler-pro-league/startseite/wettbewerb/BE1/plus/0?saison_id=2019'}",,32,24.4,17,53.1 %,5,Bosuilstadion,21000,42750000.0,Ladislau Bölöni,/ladislau-boloni/profil/trainer/1227,https://tmssl.akamaized.net//images/wappen/head/1096.png?lm=1623758865,,royal-antwerpen-fc,Royal Antwerp FC,2019-jupiler-pro-league,2019,jupiler-pro-league,Jupiler Pro League,Belgium,€1.13bn,first_tier,1130000000.0,53.1
club,/rsc-charleroi/startseite/verein/172,"{'type': 'competition', 'country_id': '19', 'country_name': 'Belgium', 'country_code': 'BE1', 'total_clubs': '16', 'total_players': '454', 'average_age': '24.7', 'foreigner_percentage': '62.6 %', 'average_market_value': None, 'total_value': '€1.13bn', 'competition_type': 'first_tier', 'competition_name': 'Jupiler Pro League', 'href': '/jupiler-pro-league/startseite/wettbewerb/BE1', 'seasoned_href': 'https://www.transfermarkt.co.uk/jupiler-pro-league/startseite/wettbewerb/BE1/plus/0?saison_id=2019'}",,27,24.8,17,63.0 %,5,Stade du Pays de Charleroi,14968,12960000.0,Karim Belhocine,/karim-belhocine/profil/trainer/45182,https://tmssl.akamaized.net//images/wappen/head/172.png?lm=1448474590,,rsc-charleroi,Royal Charleroi SC,2019-jupiler-pro-league,2019,jupiler-pro-league,Jupiler Pro League,Belgium,€1.13bn,first_tier,1130000000.0,63.0
club,/sv-zulte-waregem/startseite/verein/3508,"{'type': 'competition', 'country_id': '19', 'country_name': 'Belgium', 'country_code': 'BE1', 'total_clubs': '16', 'total_players': '454', 'average_age': '24.7', 'foreigner_percentage': '62.6 %', 'average_market_value': None, 'total_value': '€1.13bn', 'competition_type': 'first_tier', 'competition_name': 'Jupiler Pro League', 'href': '/jupiler-pro-league/startseite/wettbewerb/BE1', 'seasoned_href': 'https://www.transfermarkt.co.uk/jupiler-pro-league/startseite/wettbewerb/BE1/plus/0?saison_id=2019'}",,31,24.4,17,54.8 %,1,Elindus Arena,12698,9670000.0,Francky Dury,/francky-dury/profil/trainer/1848,https://tmssl.akamaized.net//images/wappen/head/3508.png?lm=1420103130,,sv-zulte-waregem,Zulte Waregem,2019-jupiler-pro-league,2019,jupiler-pro-league,Jupiler Pro League,Belgium,€1.13bn,first_tier,1130000000.0,54.8
club,/royal-excel-mouscron/startseite/verein/29228,"{'type': 'competition', 'country_id': '19', 'country_name': 'Belgium', 'country_code': 'BE1', 'total_clubs': '16', 'total_players': '454', 'average_age': '24.7', 'foreigner_percentage': '62.6 %', 'average_market_value': None, 'total_value': '€1.13bn', 'competition_type': 'first_tier', 'competition_name': 'Jupiler Pro League', 'href': '/jupiler-pro-league/startseite/wettbewerb/BE1', 'seasoned_href': 'https://www.transfermarkt.co.uk/jupiler-pro-league/startseite/wettbewerb/BE1/plus/0?saison_id=2019'}",,0,0.0,,,0,Le Canonnier,10830,-0.0,Bernd Hollerbach,/bernd-hollerbach/profil/trainer/3272,https://tmssl.akamaized.net//images/wappen/head/29228.png?lm=1547241629,,royal-excel-mouscron,Royal Excel Mouscron (-2022),2019-jupiler-pro-league,2019,jupiler-pro-league,Jupiler Pro League,Belgium,€1.13bn,first_tier,1130000000.0,0.0
club,/kv-oostende/startseite/verein/2861,"{'type': 'competition', 'country_id': '19', 'country_name': 'Belgium', 'country_code': 'BE1', 'total_clubs': '16', 'total_players': '454', 'average_age': '24.7', 'foreigner_percentage': '62.6 %', 'average_market_value': None, 'total_value': '€1.13bn', 'competition_type': 'first_tier', 'competition_name': 'Jupiler Pro League', 'href': '/jupiler-pro-league/startseite/wettbewerb/BE1', 'seasoned_href': 'https://www.transfermarkt.co.uk/jupiler-pro-league/startseite/wettbewerb/BE1/plus/0?saison_id=2019'}",,0,0.0,,,0,Diaz Arena,8432,-0.0,Kåre Ingebrigtsen,/kare-ingebrigtsen/profil/trainer/5401,https://tmssl.akamaized.net//images/wappen/head/2861.png?lm=1625231721,,kv-oostende,KV Oostende (-2024),2019-jupiler-pro-league,2019,jupiler-pro-league,Jupiler Pro League,Belgium,€1.13bn,first_tier,1130000000.0,0.0
club,/kv-kortrijk/startseite/verein/601,"{'type': 'competition', 'country_id': '19', 'country_name': 'Belgium', 'country_code': 'BE1', 'total_clubs': '16', 'total_players': '454', 'average_age': '24.7', 'foreigner_percentage': '62.6 %', 'average_market_value': None, 'total_value': '€1.13bn', 'competition_type': 'first_tier', 'competition_name': 'Jupiler Pro League', 'href': '/jupiler-pro-league/startseite/wettbewerb/BE1', 'seasoned_href': 'https://www.transfermarkt.co.uk/jupiler-pro-league/startseite/wettbewerb/BE1/plus/0?saison_id=2019'}",,27,25.3,14,51.9 %,2,Guldensporenstadion,9399,4000000.0,Yves Vanderhaeghe,/yves-vanderhaeghe/profil/trainer/6744,https://tmssl.akamaized.net//images/wappen/head/601.png?lm=1534260191,,kv-kortrijk,KV Kortrijk,2019-jupiler-pro-league,2019,jupiler-pro-league,Jupiler Pro League,Belgium,€1.13bn,first_tier,1130000000.0,51.9
club,/waasland-beveren/startseite/verein/28643,"{'type': 'competition', 'country_id': '19', 'country_name': 'Belgium', 'country_code': 'BE1', 'total_clubs': '16', 'total_players': '454', 'average_age': '24.7', 'foreigner_percentage': '62.6 %', 'average_market_value': None, 'total_value': '€1.13bn', 'competition_type': 'first_tier', 'competition_name': 'Jupiler Pro League', 'href': '/jupiler-pro-league/startseite/wettbewerb/BE1', 'seasoned_href': 'https://www.transfermarkt.co.uk/jupiler-pro-league/startseite/wettbewerb/BE1/plus/0?saison_id=2019'}",,25,25.8,12,48.0 %,2,Freethielstadion,8156,1440000.0,Adnan Custovic,/adnan-custovic/profil/trainer/52196,https://tmssl.akamaized.net//images/wappen/head/28643.png?lm=1656665372,,waasland-beveren,SK Beveren,2019-jupiler-pro-league,2019,jupiler-pro-league,Jupiler Pro League,Belgium,€1.13bn,first_tier,1130000000.0,48.0
club,/kas-eupen/startseite/verein/1245,"{'type': 'competition', 'country_id': '19', 'country_name': 'Belgium', 'country_code': 'BE1', 'total_clubs': '16', 'total_players': '454', 'average_age': '24.7', 'foreigner_percentage': '62.6 %', 'average_market_value': None, 'total_value': '€1.13bn', 'competition_type': 'first_tier', 'competition_name': 'Jupiler Pro League', 'href': '/jupiler-pro-league/startseite/wettbewerb/BE1', 'seasoned_href': 'https://www.transfermarkt.co.uk/jupiler-pro-league/startseite/wettbewerb/BE1/plus/0?saison_id=2019'}",,31,25.3,20,64.5 %,1,Kehrweg-Stadion,8363,-0.0,Beñat San José,/benat-san-jose/profil/trainer/28835,https://tmssl.akamaized.net//images/wappen/head/1245.png?lm=1464260524,,kas-eupen,KAS Eupen,2019-jupiler-pro-league,2019,jupiler-pro-league,Jupiler Pro League,Belgium,€1.13bn,first_tier,1130000000.0,64.5
club,/kv-mechelen/startseite/verein/354,"{'type': 'competition', 'country_id': '19', 'country_name': 'Belgium', 'country_code': 'BE1', 'total_clubs': '16', 'total_players': '454', 'average_age': '24.7', 'foreigner_percentage': '62.6 %', 'average_market_value': None, 'total_value': '€1.13bn', 'competition_type': 'first_tier', 'competition_name': 'Jupiler Pro League', 'href': '/jupiler-pro-league/startseite/wettbewerb/BE1', 'seasoned_href': 'https://www.transfermarkt.co.uk/jupiler-pro-league/startseite/wettbewerb/BE1/plus/0?saison_id=2019'}",,29,23.5,19,65.5 %,4,Achter de Kazerne,16672,5630000.0,Wouter Vrancken,/wouter-vrancken/profil/trainer/49546,https://tmssl.akamaized.net//images/wappen/head/354.png?lm=1693258903,,kv-mechelen,KV Mechelen,2019-jupiler-pro-league,2019,jupiler-pro-league,Jupiler Pro League,Belgium,€1.13bn,first_tier,1130000000.0,65.5
club,/standard-luttich/startseite/verein/3057,"{'type': 'competition', 'country_id': '19', 'country_name': 'Belgium', 'country_code': 'BE1', 'total_clubs': '16', 'total_players': '454', 'average_age': '24.7', 'foreigner_percentage': '62.6 %', 'average_market_value': None, 'total_value': '€1.13bn', 'competition_type': 'first_tier', 'competition_name': 'Jupiler Pro League', 'href': '/jupiler-pro-league/startseite/wettbewerb/BE1', 'seasoned_href': 'https://www.transfermarkt.co.uk/jupiler-pro-league/startseite/wettbewerb/BE1/plus/0?saison_id=2019'}",,31,26.4,21,67.7 %,6,Maurice Dufrasne Stadion,27221,400000.0,Michel Preud'homme,/michel-preudhomme/profil/trainer/3729,https://tmssl.akamaized.net//images/wappen/head/3057.png?lm=1719832545,,standard-luttich,Standard Liège,2019-jupiler-pro-league,2019,jupiler-pro-league,Jupiler Pro League,Belgium,€1.13bn,first_tier,1130000000.0,67.7
club,/fc-villarreal/startseite/verein/1050,"{'type': 'competition', 'country_id': '157', 'country_name': 'Spain', 'country_code': 'ES1', 'total_clubs': '20', 'total_players': '522', 'average_age': '27.5', 'foreigner_percentage': '43.7 %', 'average_market_value': None, 'total_value': '€5.44bn', 'competition_type': 'first_tier', 'competition_name': 'LaLiga', 'href': '/laliga/startseite/wettbewerb/ES1', 'seasoned_href': 'https://www.transfermarkt.co.uk/laliga/startseite/wettbewerb/ES1/plus/0?saison_id=2019'}",,27,26.6,13,48.1 %,11,La Cerámica,23500,2500000.0,Javier Calleja,/javier-calleja/profil/trainer/42706,https://tmssl.akamaized.net//images/wappen/head/1050.png?lm=1408655310,,fc-villarreal,Villarreal CF,2019-laliga,2019,laliga,LaLiga,Spain,€5.44bn,first_tier,5440000000.0,48.1
club,/fc-valencia/startseite/verein/1049,"{'type': 'competition', 'country_id': '157', 'country_name': 'Spain', 'country_code': 'ES1', 'total_clubs': '20', 'total_players': '522', 'average_age': '27.5', 'foreigner_percentage': '43.7 %', 'average_market_value': None, 'total_value': '€5.44bn', 'competition_type': 'first_tier', 'competition_name': 'LaLiga', 'href': '/laliga/startseite/wettbewerb/ES1', 'seasoned_href': 'https://www.transfermarkt.co.uk/laliga/startseite/wettbewerb/ES1/plus/0?saison_id=2019'}",,27,28.3,14,51.9 %,4,Mestalla,49430,9630000.0,Marcelino,/marcelino/profil/trainer/5095,https://tmssl.akamaized.net//images/wappen/head/1049.png?lm=1406966320,,fc-valencia,Valencia CF,2019-laliga,2019,laliga,LaLiga,Spain,€5.44bn,first_tier,5440000000.0,51.9
club,/real-sociedad-san-sebastian/startseite/verein/681,"{'type': 'competition', 'country_id': '157', 'country_name': 'Spain', 'country_code': 'ES1', 'total_clubs': '20', 'total_players': '522', 'average_age': '27.5', 'foreigner_percentage': '43.7 %', 'average_market_value': None, 'total_value': '€5.44bn', 'competition_type': 'first_tier', 'competition_name': 'LaLiga', 'href': '/laliga/startseite/wettbewerb/ES1', 'seasoned_href': 'https://www.transfermarkt.co.uk/laliga/startseite/wettbewerb/ES1/plus/0?saison_id=2019'}",,25,26.3,9,36.0 %,14,Anoeta,40000,63500000.0,Imanol Alguacil,/imanol-alguacil/profil/trainer/33333,https://tmssl.akamaized.net//images/wappen/head/681.png?lm=1614795530,,real-sociedad-san-sebastian,Real Sociedad,2019-laliga,2019,laliga,LaLiga,Spain,€5.44bn,first_tier,5440000000.0,36.0
club,/fc-getafe/startseite/verein/3709,"{'type': 'competition', 'country_id': '157', 'country_name': 'Spain', 'country_code': 'ES1', 'total_clubs': '20', 'total_players': '522', 'average_age': '27.5', 'foreigner_percentage': '43.7 %', 'average_market_value': None, 'total_value': '€5.44bn', 'competition_type': 'first_tier', 'competition_name': 'LaLiga', 'href': '/laliga/startseite/wettbewerb/ES1', 'seasoned_href': 'https://www.transfermarkt.co.uk/laliga/startseite/wettbewerb/ES1/plus/0?saison_id=2019'}",,25,28.4,13,52.0 %,2,Coliseum,16800,10800000.0,José Bordalás,/jose-bordalas/profil/trainer/6440,https://tmssl.akamaized.net//images/wappen/head/3709.png?lm=1408655116,,fc-getafe,Getafe CF,2019-laliga,2019,laliga,LaLiga,Spain,€5.44bn,first_tier,5440000000.0,52.0
club,/fc-barcelona/startseite/verein/131,"{'type': 'competition', 'country_id': '157', 'country_name': 'Spain', 'country_code': 'ES1', 'total_clubs': '20', 'total_players': '522', 'average_age': '27.5', 'foreigner_percentage': '43.7 %', 'average_market_value': None, 'total_value': '€5.44bn', 'competition_type': 'first_tier', 'competition_name': 'LaLiga', 'href': '/laliga/startseite/wettbewerb/ES1', 'seasoned_href': 'https://www.transfermarkt.co.uk/laliga/startseite/wettbewerb/ES1/plus/0?saison_id=2019'}",,25,25.6,11,44.0 %,19,Spotify Camp Nou,62657,3700000.0,Ernesto Valverde,/ernesto-valverde/profil/trainer/1559,https://tmssl.akamaized.net//images/wappen/head/131.png?lm=1406739548,,fc-barcelona,FC Barcelona,2019-laliga,2019,laliga,LaLiga,Spain,€5.44bn,first_tier,5440000000.0,44.0
club,/real-madrid/startseite/verein/418,"{'type': 'competition', 'country_id': '157', 'country_name': 'Spain', 'country_code': 'ES1', 'total_clubs': '20', 'total_players': '522', 'average_age': '27.5', 'foreigner_percentage': '43.7 %', 'average_market_value': None, 'total_value': '€5.44bn', 'competition_type': 'first_tier', 'competition_name': 'LaLiga', 'href': '/laliga/startseite/wettbewerb/ES1', 'seasoned_href': 'https://www.transfermarkt.co.uk/laliga/startseite/wettbewerb/ES1/plus/0?saison_id=2019'}",,29,25.8,17,58.6 %,17,Santiago Bernabéu,83186,-165500000.0,Zinédine Zidane,/zinedine-zidane/profil/trainer/21284,https://tmssl.akamaized.net//images/wappen/head/418.png?lm=1729684474,,real-madrid,Real Madrid,2019-laliga,2019,laliga,LaLiga,Spain,€5.44bn,first_tier,5440000000.0,58.6
club,/athletic-bilbao/startseite/verein/621,"{'type': 'competition', 'country_id': '157', 'country_name': 'Spain', 'country_code': 'ES1', 'total_clubs': '20', 'total_players': '522', 'average_age': '27.5', 'foreigner_percentage': '43.7 %', 'average_market_value': None, 'total_value': '€5.44bn', 'competition_type': 'first_tier', 'competition_name': 'LaLiga', 'href': '/laliga/startseite/wettbewerb/ES1', 'seasoned_href': 'https://www.transfermarkt.co.uk/laliga/startseite/wettbewerb/ES1/plus/0?saison_id=2019'}",,28,27.3,3,10.7 %,6,San Mamés,53289,-17800000.0,Gaizka Garitano,/gaizka-garitano/profil/trainer/10781,https://tmssl.akamaized.net//images/wappen/head/621.png?lm=1695069038,,athletic-bilbao,Athletic Bilbao,2019-laliga,2019,laliga,LaLiga,Spain,€5.44bn,first_tier,5440000000.0,10.7
club,/atletico-madrid/startseite/verein/13,"{'type': 'competition', 'country_id': '157', 'country_name': 'Spain', 'country_code': 'ES1', 'total_clubs': '20', 'total_players': '522', 'average_age': '27.5', 'foreigner_percentage': '43.7 %', 'average_market_value': None, 'total_value': '€5.44bn', 'competition_type': 'first_tier', 'competition_name': 'LaLiga', 'href': '/laliga/startseite/wettbewerb/ES1', 'seasoned_href': 'https://www.transfermarkt.co.uk/laliga/startseite/wettbewerb/ES1/plus/0?saison_id=2019'}",,23,27.8,16,69.6 %,18,Riyadh Air Metropolitano,70460,-85450000.0,Diego Simeone,/diego-simeone/profil/trainer/2868,https://tmssl.akamaized.net//images/wappen/head/13.png?lm=1719915566,,atletico-madrid,Atlético de Madrid,2019-laliga,2019,laliga,LaLiga,Spain,€5.44bn,first_tier,5440000000.0,69.6
club,/fc-sevilla/startseite/verein/368,"{'type': 'competition', 'country_id': '157', 'country_name': 'Spain', 'country_code': 'ES1', 'total_clubs': '20', 'total_players': '522', 'average_age': '27.5', 'foreigner_percentage': '43.7 %', 'average_market_value': None, 'total_value': '€5.44bn', 'competition_type': 'first_tier', 'competition_name': 'LaLiga', 'href': '/laliga/startseite/wettbewerb/ES1', 'seasoned_href': 'https://www.transfermarkt.co.uk/laliga/startseite/wettbewerb/ES1/plus/0?saison_id=2019'}",,28,28.1,17,60.7 %,8,Ramón Sánchez-Pizjuán,43883,54750000.0,Julen Lopetegui,/julen-lopetegui/profil/trainer/6615,https://tmssl.akamaized.net//images/wappen/head/368.png?lm=1730896593,,fc-sevilla,Sevilla FC,2019-laliga,2019,laliga,LaLiga,Spain,€5.44bn,first_tier,5440000000.0,60.7
club,/real-betis-sevilla/startseite/verein/150,"{'type': 'competition', 'country_id': '157', 'country_name': 'Spain', 'country_code': 'ES1', 'total_clubs': '20', 'total_players': '522', 'average_age': '27.5', 'foreigner_percentage': '43.7 %', 'average_market_value': None, 'total_value': '€5.44bn', 'competition_type': 'first_tier', 'competition_name': 'LaLiga', 'href': '/laliga/startseite/wettbewerb/ES1', 'seasoned_href': 'https://www.transfermarkt.co.uk/laliga/startseite/wettbewerb/ES1/plus/0?saison_id=2019'}",,27,29.3,13,48.1 %,9,La Cartuja,71374,-875000.0,Rubi,/rubi/profil/trainer/24307,https://tmssl.akamaized.net//images/wappen/head/150.png?lm=1663358526,,real-betis-sevilla,Real Betis Balompié,2019-laliga,2019,laliga,LaLiga,Spain,€5.44bn,first_tier,5440000000.0,48.1
club,/ud-levante/startseite/verein/3368,"{'type': 'competition', 'country_id': '157', 'country_name': 'Spain', 'country_code': 'ES1', 'total_clubs': '20', 'total_players': '522', 'average_age': '27.5', 'foreigner_percentage': '43.7 %', 'average_market_value': None, 'total_value': '€5.44bn', 'competition_type': 'first_tier', 'competition_name': 'LaLiga', 'href': '/laliga/startseite/wettbewerb/ES1', 'seasoned_href': 'https://www.transfermarkt.co.uk/laliga/startseite/wettbewerb/ES1/plus/0?saison_id=2019'}",,27,25.9,8,29.6 %,4,Ciutat de València,26354,300000.0,Paco López,/paco-lopez/profil/trainer/8115,https://tmssl.akamaized.net//images/wappen/head/3368.png?lm=1408655062,,ud-levante,Levante UD,2019-laliga,2019,laliga,LaLiga,Spain,€5.44bn,first_tier,5440000000.0,29.6
club,/celta-vigo/startseite/verein/940,"{'type': 'competition', 'country_id': '157', 'country_name': 'Spain', 'country_code': 'ES1', 'total_clubs': '20', 'total_players': '522', 'average_age': '27.5', 'foreigner_percentage': '43.7 %', 'average_market_value': None, 'total_value': '€5.44bn', 'competition_type': 'first_tier', 'competition_name': 'LaLiga', 'href': '/laliga/startseite/wettbewerb/ES1', 'seasoned_href': 'https://www.transfermarkt.co.uk/laliga/startseite/wettbewerb/ES1/plus/0?saison_id=2019'}",,28,27.2,9,32.1 %,6,Abanca Balaídos,22803,41700000.0,Fran Escribá,/fran-escriba/profil/trainer/2562,https://tmssl.akamaized.net//images/wappen/head/940.png?lm=1406966406,,celta-vigo,Celta de Vigo,2019-laliga,2019,laliga,LaLiga,Spain,€5.44bn,first_tier,5440000000.0,32.1
club,/cd-leganes/startseite/verein/1244,"{'type': 'competition', 'country_id': '157', 'country_name': 'Spain', 'country_code': 'ES1', 'total_clubs': '20', 'total_players': '522', 'average_age': '27.5', 'foreigner_percentage': '43.7 %', 'average_market_value': None, 'total_value': '€5.44bn', 'competition_type': 'first_tier', 'competition_name': 'LaLiga', 'href': '/laliga/startseite/wettbewerb/ES1', 'seasoned_href': 'https://www.transfermarkt.co.uk/laliga/startseite/wettbewerb/ES1/plus/0?saison_id=2019'}",,24,28.0,5,20.8 %,3,Ontime Butarque,14422,17050000.0,Mauricio Pellegrino,/mauricio-pellegrino/profil/trainer/7827,https://tmssl.akamaized.net//images/wappen/head/1244.png?lm=1764600019,,cd-leganes,CD Leganés,2019-laliga,2019,laliga,LaLiga,Spain,€5.44bn,first_tier,5440000000.0,20.8
club,/espanyol-barcelona/startseite/verein/714,"{'type': 'competition', 'country_id': '157', 'country_name': 'Spain', 'country_code': 'ES1', 'total_clubs': '20', 'total_players': '522', 'average_age': '27.5', 'foreigner_percentage': '43.7 %', 'average_market_value': None, 'total_value': '€5.44bn', 'competition_type': 'first_tier', 'competition_name': 'LaLiga', 'href': '/laliga/startseite/wettbewerb/ES1', 'seasoned_href': 'https://www.transfermarkt.co.uk/laliga/startseite/wettbewerb/ES1/plus/0?saison_id=2019'}",,24,27.4,7,29.2 %,2,RCDE Stadium,37776,9800000.0,David Gallego,/david-gallego/profil/trainer/47220,https://tmssl.akamaized.net//images/wappen/head/714.png?lm=1406966369,,espanyol-barcelona,RCD Espanyol Barcelona,2019-laliga,2019,laliga,LaLiga,Spain,€5.44bn,first_tier,5440000000.0,29.2
club,/fc-granada/startseite/verein/16795,"{'type': 'competition', 'country_id': '157', 'country_name': 'Spain', 'country_code': 'ES1', 'total_clubs': '20', 'total_players': '522', 'average_age': '27.5', 'foreigner_percentage': '43.7 %', 'average_market_value': None, 'total_value': '€5.44bn', 'competition_type': 'first_tier', 'competition_name': 'LaLiga', 'href': '/laliga/startseite/wettbewerb/ES1', 'seasoned_href': 'https://www.transfermarkt.co.uk/laliga/startseite/wettbewerb/ES1/plus/0?saison_id=2019'}",,25,25.7,6,24.0 %,2,Nuevo Los Cármenes,19336,11850000.0,Diego Martínez,/diego-martinez/profil/trainer/25435,https://tmssl.akamaized.net//images/wappen/head/16795.png?lm=1724157697,,fc-granada,Granada CF,2019-laliga,2019,laliga,LaLiga,Spain,€5.44bn,first_tier,5440000000.0,24.0
club,/sd-eibar/startseite/verein/1533,"{'type': 'competition', 'country_id': '157', 'country_name': 'Spain', 'country_code': 'ES1', 'total_clubs': '20', 'total_players': '522', 'average_age': '27.5', 'foreigner_percentage': '43.7 %', 'average_market_value': None, 'total_value': '€5.44bn', 'competition_type': 'first_tier', 'competition_name': 'LaLiga', 'href': '/laliga/startseite/wettbewerb/ES1', 'seasoned_href': 'https://www.transfermarkt.co.uk/laliga/startseite/wettbewerb/ES1/plus/0?saison_id=2019'}",,23,28.9,1,4.3 %,0,Ipurua,8164,800000.0,José Luis Mendilibar,/jose-luis-mendilibar/profil/trainer/2662,https://tmssl.akamaized.net//images/wappen/head/1533.png?lm=1722693682,,sd-eibar,SD Eibar,2019-laliga,2019,laliga,LaLiga,Spain,€5.44bn,first_tier,5440000000.0,4.3
club,/rcd-mallorca/startseite/verein/237,"{'type': 'competition', 'country_id': '157', 'country_name': 'Spain', 'country_code': 'ES1', 'total_clubs': '20', 'total_players': '522', 'average_age': '27.5', 'foreigner_percentage': '43.7 %', 'average_market_value': None, 'total_value': '€5.44bn', 'competition_type': 'first_tier', 'competition_name': 'LaLiga', 'href': '/laliga/startseite/wettbewerb/ES1', 'seasoned_href': 'https://www.transfermarkt.co.uk/laliga/startseite/wettbewerb/ES1/plus/0?saison_id=2019'}",,26,27.9,11,42.3 %,9,Mallorca Son Moix,25736,800000.0,Vicente Moreno,/vicente-moreno/profil/trainer/19601,https://tmssl.akamaized.net//images/wappen/head/237.png?lm=1407484750,,rcd-mallorca,RCD Mallorca,2019-laliga,2019,laliga,LaLiga,Spain,€5.44bn,first_tier,5440000000.0,42.3
club,/deportivo-alaves/startseite/verein/1108,"{'type': 'competition', 'country_id': '157', 'country_name': 'Spain', 'country_code': 'ES1', 'total_clubs': '20', 'total_players': '522', 'average_age': '27.5', 'foreigner_percentage': '43.7 %', 'average_market_value': None, 'total_value': '€5.44bn', 'competition_type': 'first_tier', 'competition_name': 'LaLiga', 'href': '/laliga/startseite/wettbewerb/ES1', 'seasoned_href': 'https://www.transfermarkt.co.uk/laliga/startseite/wettbewerb/ES1/plus/0?saison_id=2019'}",,24,28.2,10,41.7 %,3,Mendizorroza,19840,20880000.0,Asier Garitano,/asier-garitano/profil/trainer/7921,https://tmssl.akamaized.net//images/wappen/head/1108.png?lm=1596131395,,deportivo-alaves,Deportivo Alavés,2019-laliga,2019,laliga,LaLiga,Spain,€5.44bn,first_tier,5440000000.0,41.7
club,/ca-osasuna/startseite/verein/331,"{'type': 'competition', 'country_id': '157', 'country_name': 'Spain', 'country_code': 'ES1', 'total_clubs': '20', 'total_players': '522', 'average_age': '27.5', 'foreigner_percentage': '43.7 %', 'average_market_value': None, 'total_value': '€5.44bn', 'competition_type': 'first_tier', 'competition_name': 'LaLiga', 'href': '/laliga/startseite/wettbewerb/ES1', 'seasoned_href': 'https://www.transfermarkt.co.uk/laliga/startseite/wettbewerb/ES1/plus/0?saison_id=2019'}",,23,28.2,3,13.0 %,3,El Sadar,23576,1500000.0,Jagoba Arrasate,/jagoba-arrasate/profil/trainer/29192,https://tmssl.akamaized.net//images/wappen/head/331.png?lm=1686070937,,ca-osasuna,CA Osasuna,2019-laliga,2019,laliga,LaLiga,Spain,€5.44bn,first_tier,5440000000.0,13.0
club,/real-valladolid/startseite/verein/366,"{'type': 'competition', 'country_id': '157', 'country_name': 'Spain', 'country_code': 'ES1', 'total_clubs': '20', 'total_players': '522', 'average_age': '27.5', 'foreigner_percentage': '43.7 %', 'average_market_value': None, 'total_value': '€5.44bn', 'competition_type': 'first_tier', 'competition_name': 'LaLiga', 'href': '/laliga/startseite/wettbewerb/ES1', 'seasoned_href': 'https://www.transfermarkt.co.uk/laliga/startseite/wettbewerb/ES1/plus/0?saison_id=2019'}",,28,25.6,14,50.0 %,1,José Zorrilla,27618,11300000.0,Sergio González,/sergio-gonzalez/profil/trainer/33241,https://tmssl.akamaized.net//images/wappen/head/366.png?lm=1720163563,,real-valladolid,Real Valladolid CF,2019-laliga,2019,laliga,LaLiga,Spain,€5.44bn,first_tier,5440000000.0,50.0
club,/belenenses-sad/startseite/verein/2457,"{'type': 'competition', 'country_id': '136', 'country_name': 'Portugal', 'country_code': 'PO1', 'total_clubs': '18', 'total_players': '491', 'average_age': '25.7', 'foreigner_percentage': '70.1 %', 'average_market_value': None, 'total_value': '€2.03bn', 'competition_type': 'first_tier', 'competition_name': 'Liga Portugal', 'href': '/liga-portugal/startseite/wettbewerb/PO1', 'seasoned_href': 'https://www.transfermarkt.co.uk/liga-portugal/startseite/wettbewerb/PO1/plus/0?saison_id=2019'}",,0,0.0,,,0,Campo da Boa Hora,3000,-0.0,Silas,/silas/profil/trainer/53761,https://tmssl.akamaized.net//images/wappen/head/2457.png?lm=1552479825,,belenenses-sad,B SAD (2018-2024),2019-liga-portugal,2019,liga-portugal,Liga Portugal,Portugal,€2.03bn,first_tier,2029999999.9999998,0.0
club,/fc-famalicao/startseite/verein/3329,"{'type': 'competition', 'country_id': '136', 'country_name': 'Portugal', 'country_code': 'PO1', 'total_clubs': '18', 'total_players': '491', 'average_age': '25.7', 'foreigner_percentage': '70.1 %', 'average_market_value': None, 'total_value': '€2.03bn', 'competition_type': 'first_tier', 'competition_name': 'Liga Portugal', 'href': '/liga-portugal/startseite/wettbewerb/PO1', 'seasoned_href': 'https://www.transfermarkt.co.uk/liga-portugal/startseite/wettbewerb/PO1/plus/0?saison_id=2019'}",,25,24.5,18,72.0 %,2,Estádio Municipal de Famalicão,5186,450000.0,João Pedro Sousa,/joao-pedro-sousa/profil/trainer/69953,https://tmssl.akamaized.net//images/wappen/head/3329.png?lm=1737563329,,fc-famalicao,FC Famalicão,2019-liga-portugal,2019,liga-portugal,Liga Portugal,Portugal,€2.03bn,first_tier,2029999999.9999998,72.0
club,/benfica-lissabon/startseite/verein/294,"{'type': 'competition', 'country_id': '136', 'country_name': 'Portugal', 'country_code': 'PO1', 'total_clubs': '18', 'total_players': '491', 'average_age': '25.7', 'foreigner_percentage': '70.1 %', 'average_market_value': None, 'total_value': '€2.03bn', 'competition_type': 'first_tier', 'competition_name': 'Liga Portugal', 'href': '/liga-portugal/startseite/wettbewerb/PO1', 'seasoned_href': 'https://www.transfermarkt.co.uk/liga-portugal/startseite/wettbewerb/PO1/plus/0?saison_id=2019'}",,28,24.9,16,57.1 %,17,Estádio da Luz,68100,-15200000.0,Bruno Lage,/bruno-lage/profil/trainer/61477,https://tmssl.akamaized.net//images/wappen/head/294.png?lm=1535908439,,benfica-lissabon,SL Benfica,2019-liga-portugal,2019,liga-portugal,Liga Portugal,Portugal,€2.03bn,first_tier,2029999999.9999998,57.1
club,/vitoria-guimaraes-sc/startseite/verein/2420,"{'type': 'competition', 'country_id': '136', 'country_name': 'Portugal', 'country_code': 'PO1', 'total_clubs': '18', 'total_players': '491', 'average_age': '25.7', 'foreigner_percentage': '70.1 %', 'average_market_value': None, 'total_value': '€2.03bn', 'competition_type': 'first_tier', 'competition_name': 'Liga Portugal', 'href': '/liga-portugal/startseite/wettbewerb/PO1', 'seasoned_href': 'https://www.transfermarkt.co.uk/liga-portugal/startseite/wettbewerb/PO1/plus/0?saison_id=2019'}",,26,24.8,14,53.8 %,3,Estádio D. Afonso Henriques,30029,4750000.0,Pedro Gonçalves,/pedro-goncalves/profil/trainer/136458,https://tmssl.akamaized.net//images/wappen/head/2420.png?lm=1432894021,,vitoria-guimaraes-sc,Vitória Guimarães SC,2019-liga-portugal,2019,liga-portugal,Liga Portugal,Portugal,€2.03bn,first_tier,2029999999.9999998,53.8
club,/portimonense-sc/startseite/verein/7378,"{'type': 'competition', 'country_id': '136', 'country_name': 'Portugal', 'country_code': 'PO1', 'total_clubs': '18', 'total_players': '491', 'average_age': '25.7', 'foreigner_percentage': '70.1 %', 'average_market_value': None, 'total_value': '€2.03bn', 'competition_type': 'first_tier', 'competition_name': 'Liga Portugal', 'href': '/liga-portugal/startseite/wettbewerb/PO1', 'seasoned_href': 'https://www.transfermarkt.co.uk/liga-portugal/startseite/wettbewerb/PO1/plus/0?saison_id=2019'}",,26,25.5,19,73.1 %,2,Estádio Municipal de Portimão,4961,2730000.0,António Folha,/antonio-folha/profil/trainer/29823,https://tmssl.akamaized.net//images/wappen/head/7378.png?lm=1665922885,,portimonense-sc,Portimonense SAD,2019-liga-portugal,2019,liga-portugal,Liga Portugal,Portugal,€2.03bn,first_tier,2029999999.9999998,73.1
club,/fc-porto/startseite/verein/720,"{'type': 'competition', 'country_id': '136', 'country_name': 'Portugal', 'country_code': 'PO1', 'total_clubs': '18', 'total_players': '491', 'average_age': '25.7', 'foreigner_percentage': '70.1 %', 'average_market_value': None, 'total_value': '€2.03bn', 'competition_type': 'first_tier', 'competition_name': 'Liga Portugal', 'href': '/liga-portugal/startseite/wettbewerb/PO1', 'seasoned_href': 'https://www.transfermarkt.co.uk/liga-portugal/startseite/wettbewerb/PO1/plus/0?saison_id=2019'}",,27,26.5,20,74.1 %,12,Estádio do Dragão,50033,-24490000.0,Sérgio Conceição,/sergio-conceicao/profil/trainer/22532,https://tmssl.akamaized.net//images/wappen/head/720.png?lm=1486310161,,fc-porto,FC Porto,2019-liga-portugal,2019,liga-portugal,Liga Portugal,Portugal,€2.03bn,first_tier,2029999999.9999998,74.1
club,/sporting-lissabon/startseite/verein/336,"{'type': 'competition', 'country_id': '136', 'country_name': 'Portugal', 'country_code': 'PO1', 'total_clubs': '18', 'total_players': '491', 'average_age': '25.7', 'foreigner_percentage': '70.1 %', 'average_market_value': None, 'total_value': '€2.03bn', 'competition_type': 'first_tier', 'competition_name': 'Liga Portugal', 'href': '/liga-portugal/startseite/wettbewerb/PO1', 'seasoned_href': 'https://www.transfermarkt.co.uk/liga-portugal/startseite/wettbewerb/PO1/plus/0?saison_id=2019'}",,26,25.2,13,50.0 %,13,Estádio José Alvalade,52095,43500000.0,Marcel Keizer,/marcel-keizer/profil/trainer/23940,https://tmssl.akamaized.net//images/wappen/head/336.png?lm=1621513752,,sporting-lissabon,Sporting CP,2019-liga-portugal,2019,liga-portugal,Liga Portugal,Portugal,€2.03bn,first_tier,2029999999.9999998,50.0
club,/cs-maritimo/startseite/verein/1301,"{'type': 'competition', 'country_id': '136', 'country_name': 'Portugal', 'country_code': 'PO1', 'total_clubs': '18', 'total_players': '491', 'average_age': '25.7', 'foreigner_percentage': '70.1 %', 'average_market_value': None, 'total_value': '€2.03bn', 'competition_type': 'first_tier', 'competition_name': 'Liga Portugal', 'href': '/liga-portugal/startseite/wettbewerb/PO1', 'seasoned_href': 'https://www.transfermarkt.co.uk/liga-portugal/startseite/wettbewerb/PO1/plus/0?saison_id=2019'}",,26,26.3,13,50.0 %,1,Estádio do Marítimo,10600,900000.0,Nuno Manta Santos,/nuno-manta-santos/profil/trainer/50859,https://tmssl.akamaized.net//images/wappen/head/1301.png?lm=1656600130,,cs-maritimo,CS Marítimo,2019-liga-portugal,2019,liga-portugal,Liga Portugal,Portugal,€2.03bn,first_tier,2029999999.9999998,50.0
club,/sc-braga/startseite/verein/1075,"{'type': 'competition', 'country_id': '136', 'country_name': 'Portugal', 'country_code': 'PO1', 'total_clubs': '18', 'total_players': '491', 'average_age': '25.7', 'foreigner_percentage': '70.1 %', 'average_market_value': None, 'total_value': '€2.03bn', 'competition_type': 'first_tier', 'competition_name': 'Liga Portugal', 'href': '/liga-portugal/startseite/wettbewerb/PO1', 'seasoned_href': 'https://www.transfermarkt.co.uk/liga-portugal/startseite/wettbewerb/PO1/plus/0?saison_id=2019'}",,29,25.4,18,62.1 %,9,Estádio Municipal de Braga,30286,15240000.0,Ricardo Sá Pinto,/ricardo-sa-pinto/profil/trainer/12110,https://tmssl.akamaized.net//images/wappen/head/1075.png?lm=1432893871,,sc-braga,SC Braga,2019-liga-portugal,2019,liga-portugal,Liga Portugal,Portugal,€2.03bn,first_tier,2029999999.9999998,62.1
club,/rio-ave-fc/startseite/verein/2425,"{'type': 'competition', 'country_id': '136', 'country_name': 'Portugal', 'country_code': 'PO1', 'total_clubs': '18', 'total_players': '491', 'average_age': '25.7', 'foreigner_percentage': '70.1 %', 'average_market_value': None, 'total_value': '€2.03bn', 'competition_type': 'first_tier', 'competition_name': 'Liga Portugal', 'href': '/liga-portugal/startseite/wettbewerb/PO1', 'seasoned_href': 'https://www.transfermarkt.co.uk/liga-portugal/startseite/wettbewerb/PO1/plus/0?saison_id=2019'}",,28,24.9,25,89.3 %,4,Estádio do Rio Ave FC,5300,-1400000.0,Carlos Carvalhal,/carlos-carvalhal/profil/trainer/1588,https://tmssl.akamaized.net//images/wappen/head/2425.png?lm=1516613968,,rio-ave-fc,Rio Ave FC,2019-liga-portugal,2019,liga-portugal,Liga Portugal,Portugal,€2.03bn,first_tier,2029999999.9999998,89.3
club,/fc-pacos-de-ferreira/startseite/verein/2995,"{'type': 'competition', 'country_id': '136', 'country_name': 'Portugal', 'country_code': 'PO1', 'total_clubs': '18', 'total_players': '491', 'average_age': '25.7', 'foreigner_percentage': '70.1 %', 'average_market_value': None, 'total_value': '€2.03bn', 'competition_type': 'first_tier', 'competition_name': 'Liga Portugal', 'href': '/liga-portugal/startseite/wettbewerb/PO1', 'seasoned_href': 'https://www.transfermarkt.co.uk/liga-portugal/startseite/wettbewerb/PO1/plus/0?saison_id=2019'}",,27,25.0,9,33.3 %,2,Estádio Capital do Móvel,9076,250000.0,Filó,/filo/profil/trainer/23647,https://tmssl.akamaized.net//images/wappen/head/2995.png?lm=1578477741,,fc-pacos-de-ferreira,FC Paços de Ferreira,2019-liga-portugal,2019,liga-portugal,Liga Portugal,Portugal,€2.03bn,first_tier,2029999999.9999998,33.3
club,/vitoria-setubal-fc/startseite/verein/1085,"{'type': 'competition', 'country_id': '136', 'country_name': 'Portugal', 'country_code': 'PO1', 'total_clubs': '18', 'total_players': '491', 'average_age': '25.7', 'foreigner_percentage': '70.1 %', 'average_market_value': None, 'total_value': '€2.03bn', 'competition_type': 'first_tier', 'competition_name': 'Liga Portugal', 'href': '/liga-portugal/startseite/wettbewerb/PO1', 'seasoned_href': 'https://www.transfermarkt.co.uk/liga-portugal/startseite/wettbewerb/PO1/plus/0?saison_id=2019'}",,15,27.5,1,6.7 %,0,Estádio do Bonfim,15497,-0.0,Sandro Mendes,/sandro-mendes/profil/trainer/60632,https://tmssl.akamaized.net//images/wappen/head/1085.png?lm=1547543194,,vitoria-setubal-fc,Vitória Setúbal FC,2019-liga-portugal,2019,liga-portugal,Liga Portugal,Portugal,€2.03bn,first_tier,2029999999.9999998,6.7
club,/cd-santa-clara/startseite/verein/2423,"{'type': 'competition', 'country_id': '136', 'country_name': 'Portugal', 'country_code': 'PO1', 'total_clubs': '18', 'total_players': '491', 'average_age': '25.7', 'foreigner_percentage': '70.1 %', 'average_market_value': None, 'total_value': '€2.03bn', 'competition_type': 'first_tier', 'competition_name': 'Liga Portugal', 'href': '/liga-portugal/startseite/wettbewerb/PO1', 'seasoned_href': 'https://www.transfermarkt.co.uk/liga-portugal/startseite/wettbewerb/PO1/plus/0?saison_id=2019'}",,28,26.1,21,75.0 %,1,Estádio de São Miguel,12500,1570000.0,João Henriques,/joao-henriques/profil/trainer/55787,https://tmssl.akamaized.net//images/wappen/head/2423.png?lm=1718909294,,cd-santa-clara,CD Santa Clara,2019-liga-portugal,2019,liga-portugal,Liga Portugal,Portugal,€2.03bn,first_tier,2029999999.9999998,75.0
club,/moreirense-fc/startseite/verein/979,"{'type': 'competition', 'country_id': '136', 'country_name': 'Portugal', 'country_code': 'PO1', 'total_clubs': '18', 'total_players': '491', 'average_age': '25.7', 'foreigner_percentage': '70.1 %', 'average_market_value': None, 'total_value': '€2.03bn', 'competition_type': 'first_tier', 'competition_name': 'Liga Portugal', 'href': '/liga-portugal/startseite/wettbewerb/PO1', 'seasoned_href': 'https://www.transfermarkt.co.uk/liga-portugal/startseite/wettbewerb/PO1/plus/0?saison_id=2019'}",,26,24.7,15,57.7 %,1,Estádio C. J. de Almeida Freitas,6150,2500000.0,Vítor Campelos,/vitor-campelos/profil/trainer/38447,https://tmssl.akamaized.net//images/wappen/head/979.png?lm=1552324606,,moreirense-fc,Moreirense FC,2019-liga-portugal,2019,liga-portugal,Liga Portugal,Portugal,€2.03bn,first_tier,2029999999.9999998,57.7
club,/boavista-porto-fc/startseite/verein/2503,"{'type': 'competition', 'country_id': '136', 'country_name': 'Portugal', 'country_code': 'PO1', 'total_clubs': '18', 'total_players': '491', 'average_age': '25.7', 'foreigner_percentage': '70.1 %', 'average_market_value': None, 'total_value': '€2.03bn', 'competition_type': 'first_tier', 'competition_name': 'Liga Portugal', 'href': '/liga-portugal/startseite/wettbewerb/PO1', 'seasoned_href': 'https://www.transfermarkt.co.uk/liga-portugal/startseite/wettbewerb/PO1/plus/0?saison_id=2019'}",,3,20.4,0,%,0,Estádio do Bessa Século XXI,28263,100000.0,Lito Vidigal,/lito-vidigal/profil/trainer/6567,https://tmssl.akamaized.net//images/wappen/head/2503.png?lm=1480959207,,boavista-porto-fc,Boavista FC,2019-liga-portugal,2019,liga-portugal,Liga Portugal,Portugal,€2.03bn,first_tier,2029999999.9999998,0.0
club,/gil-vicente-fc/startseite/verein/2424,"{'type': 'competition', 'country_id': '136', 'country_name': 'Portugal', 'country_code': 'PO1', 'total_clubs': '18', 'total_players': '491', 'average_age': '25.7', 'foreigner_percentage': '70.1 %', 'average_market_value': None, 'total_value': '€2.03bn', 'competition_type': 'first_tier', 'competition_name': 'Liga Portugal', 'href': '/liga-portugal/startseite/wettbewerb/PO1', 'seasoned_href': 'https://www.transfermarkt.co.uk/liga-portugal/startseite/wettbewerb/PO1/plus/0?saison_id=2019'}",,28,25.0,19,67.9 %,2,Estádio Cidade de Barcelos,12046,31400000.0,Vítor Oliveira,/vitor-oliveira/profil/trainer/1593,https://tmssl.akamaized.net//images/wappen/head/2424.png?lm=1624283300,,gil-vicente-fc,Gil Vicente FC,2019-liga-portugal,2019,liga-portugal,Liga Portugal,Portugal,€2.03bn,first_tier,2029999999.9999998,67.9
club,/desportivo-aves/startseite/verein/3336,"{'type': 'competition', 'country_id': '136', 'country_name': 'Portugal', 'country_code': 'PO1', 'total_clubs': '18', 'total_players': '491', 'average_age': '25.7', 'foreigner_percentage': '70.1 %', 'average_market_value': None, 'total_value': '€2.03bn', 'competition_type': 'first_tier', 'competition_name': 'Liga Portugal', 'href': '/liga-portugal/startseite/wettbewerb/PO1', 'seasoned_href': 'https://www.transfermarkt.co.uk/liga-portugal/startseite/wettbewerb/PO1/plus/0?saison_id=2019'}",,0,0.0,,,0,Estádio do Clube Desportivo das Aves,6230,-0.0,Augusto Inácio,/augusto-inacio/profil/trainer/1042,https://tmssl.akamaized.net//images/wappen/head/3336.png?lm=1534502701,,desportivo-aves,Desportivo Aves (- 2020),2019-liga-portugal,2019,liga-portugal,Liga Portugal,Portugal,€2.03bn,first_tier,2029999999.9999998,0.0
club,/cd-tondela/startseite/verein/7179,"{'type': 'competition', 'country_id': '136', 'country_name': 'Portugal', 'country_code': 'PO1', 'total_clubs': '18', 'total_players': '491', 'average_age': '25.7', 'foreigner_percentage': '70.1 %', 'average_market_value': None, 'total_value': '€2.03bn', 'competition_type': 'first_tier', 'competition_name': 'Liga Portugal', 'href': '/liga-portugal/startseite/wettbewerb/PO1', 'seasoned_href': 'https://www.transfermarkt.co.uk/liga-portugal/startseite/wettbewerb/PO1/plus/0?saison_id=2019'}",,26,27.0,19,73.1 %,3,Estádio João Cardoso,5000,-1250000.0,Eduardo Luís Silva,/eduardo-luis-silva/profil/trainer/139771,https://tmssl.akamaized.net//images/wappen/head/7179.png?lm=1506427804,,cd-tondela,CD Tondela,2019-liga-portugal,2019,liga-portugal,Liga Portugal,Portugal,€2.03bn,first_tier,2029999999.9999998,73.1
club,/olympique-marseille/startseite/verein/244,"{'type': 'competition', 'country_id': '50', 'country_name': 'France', 'country_code': 'FR1', 'total_clubs': '18', 'total_players': '481', 'average_age': '25.8', 'foreigner_percentage': '63.2 %', 'average_market_value': None, 'total_value': '€4.70bn', 'competition_type': 'first_tier', 'competition_name': 'Ligue 1', 'href': '/ligue-1/startseite/wettbewerb/FR1', 'seasoned_href': 'https://www.transfermarkt.co.uk/ligue-1/startseite/wettbewerb/FR1/plus/0?saison_id=2019'}",,25,27.0,24,96.0 %,14,Orange Vélodrome,67394,20350000.0,André Villas-Boas,/andre-villas-boas/profil/trainer/1696,https://tmssl.akamaized.net//images/wappen/head/244.png?lm=1775675175,,olympique-marseille,Olympique Marseille,2019-ligue-1,2019,ligue-1,Ligue 1,France,€4.70bn,first_tier,4700000000.0,96.0
club,/as-monaco/startseite/verein/162,"{'type': 'competition', 'country_id': '50', 'country_name': 'France', 'country_code': 'FR1', 'total_clubs': '18', 'total_players': '481', 'average_age': '25.8', 'foreigner_percentage': '63.2 %', 'average_market_value': None, 'total_value': '€4.70bn', 'competition_type': 'first_tier', 'competition_name': 'Ligue 1', 'href': '/ligue-1/startseite/wettbewerb/FR1', 'seasoned_href': 'https://www.transfermarkt.co.uk/ligue-1/startseite/wettbewerb/FR1/plus/0?saison_id=2019'}",,28,26.0,28,100.0 %,12,Stade Louis-II,18525,135570000.0,Leonardo Jardim,/leonardo-jardim/profil/trainer/10682,https://tmssl.akamaized.net//images/wappen/head/162.png?lm=1654781919,,as-monaco,AS Monaco,2019-ligue-1,2019,ligue-1,Ligue 1,France,€4.70bn,first_tier,4700000000.0,100.0
club,/olympique-lyon/startseite/verein/1041,"{'type': 'competition', 'country_id': '50', 'country_name': 'France', 'country_code': 'FR1', 'total_clubs': '18', 'total_players': '481', 'average_age': '25.8', 'foreigner_percentage': '63.2 %', 'average_market_value': None, 'total_value': '€4.70bn', 'competition_type': 'first_tier', 'competition_name': 'Ligue 1', 'href': '/ligue-1/startseite/wettbewerb/FR1', 'seasoned_href': 'https://www.transfermarkt.co.uk/ligue-1/startseite/wettbewerb/FR1/plus/0?saison_id=2019'}",,29,25.6,23,79.3 %,12,Groupama Stadium,59186,62110000.0,Sylvinho,/sylvinho/profil/trainer/24104,https://tmssl.akamaized.net//images/wappen/head/1041.png?lm=1656668172,,olympique-lyon,Olympique Lyon,2019-ligue-1,2019,ligue-1,Ligue 1,France,€4.70bn,first_tier,4700000000.0,79.3
club,/as-saint-etienne/startseite/verein/618,"{'type': 'competition', 'country_id': '50', 'country_name': 'France', 'country_code': 'FR1', 'total_clubs': '18', 'total_players': '481', 'average_age': '25.8', 'foreigner_percentage': '63.2 %', 'average_market_value': None, 'total_value': '€4.70bn', 'competition_type': 'first_tier', 'competition_name': 'Ligue 1', 'href': '/ligue-1/startseite/wettbewerb/FR1', 'seasoned_href': 'https://www.transfermarkt.co.uk/ligue-1/startseite/wettbewerb/FR1/plus/0?saison_id=2019'}",,29,24.3,16,55.2 %,8,Stade Geoffroy-Guichard,41965,-22050000.0,Ghislain Printant,/ghislain-printant/profil/trainer/24100,https://tmssl.akamaized.net//images/wappen/head/618.png?lm=1658260152,,as-saint-etienne,AS Saint-Étienne,2019-ligue-1,2019,ligue-1,Ligue 1,France,€4.70bn,first_tier,4700000000.0,55.2
club,/fc-stade-rennes/startseite/verein/273,"{'type': 'competition', 'country_id': '50', 'country_name': 'France', 'country_code': 'FR1', 'total_clubs': '18', 'total_players': '481', 'average_age': '25.8', 'foreigner_percentage': '63.2 %', 'average_market_value': None, 'total_value': '€4.70bn', 'competition_type': 'first_tier', 'competition_name': 'Ligue 1', 'href': '/ligue-1/startseite/wettbewerb/FR1', 'seasoned_href': 'https://www.transfermarkt.co.uk/ligue-1/startseite/wettbewerb/FR1/plus/0?saison_id=2019'}",,23,25.6,10,43.5 %,11,Roazhon Park,29778,50150000.0,Julien Stéphan,/julien-stephan/profil/trainer/61003,https://tmssl.akamaized.net//images/wappen/head/273.png?lm=1691503972,,fc-stade-rennes,Stade Rennais FC,2019-ligue-1,2019,ligue-1,Ligue 1,France,€4.70bn,first_tier,4700000000.0,43.5
club,/fc-paris-saint-germain/startseite/verein/583,"{'type': 'competition', 'country_id': '50', 'country_name': 'France', 'country_code': 'FR1', 'total_clubs': '18', 'total_players': '481', 'average_age': '25.8', 'foreigner_percentage': '63.2 %', 'average_market_value': None, 'total_value': '€4.70bn', 'competition_type': 'first_tier', 'competition_name': 'Ligue 1', 'href': '/ligue-1/startseite/wettbewerb/FR1', 'seasoned_href': 'https://www.transfermarkt.co.uk/ligue-1/startseite/wettbewerb/FR1/plus/0?saison_id=2019'}",,24,24.2,16,66.7 %,20,Parc des Princes,48583,-47200000.0,Thomas Tuchel,/thomas-tuchel/profil/trainer/7471,https://tmssl.akamaized.net//images/wappen/head/583.png?lm=1728026461,,fc-paris-saint-germain,Paris Saint-Germain,2019-ligue-1,2019,ligue-1,Ligue 1,France,€4.70bn,first_tier,4700000000.0,66.7
club,/fc-girondins-bordeaux/startseite/verein/40,"{'type': 'competition', 'country_id': '50', 'country_name': 'France', 'country_code': 'FR1', 'total_clubs': '18', 'total_players': '481', 'average_age': '25.8', 'foreigner_percentage': '63.2 %', 'average_market_value': None, 'total_value': '€4.70bn', 'competition_type': 'first_tier', 'competition_name': 'Ligue 1', 'href': '/ligue-1/startseite/wettbewerb/FR1', 'seasoned_href': 'https://www.transfermarkt.co.uk/ligue-1/startseite/wettbewerb/FR1/plus/0?saison_id=2019'}",,22,27.2,8,36.4 %,1,Stade Atlantique Bordeaux Métropole,42115,-0.0,Paulo Sousa,/paulo-sousa/profil/trainer/8369,https://tmssl.akamaized.net//images/wappen/head/40.png?lm=1627322046,,fc-girondins-bordeaux,FC Girondins Bordeaux,2019-ligue-1,2019,ligue-1,Ligue 1,France,€4.70bn,first_tier,4700000000.0,36.4
club,/losc-lille/startseite/verein/1082,"{'type': 'competition', 'country_id': '50', 'country_name': 'France', 'country_code': 'FR1', 'total_clubs': '18', 'total_players': '481', 'average_age': '25.8', 'foreigner_percentage': '63.2 %', 'average_market_value': None, 'total_value': '€4.70bn', 'competition_type': 'first_tier', 'competition_name': 'Ligue 1', 'href': '/ligue-1/startseite/wettbewerb/FR1', 'seasoned_href': 'https://www.transfermarkt.co.uk/ligue-1/startseite/wettbewerb/FR1/plus/0?saison_id=2019'}",,28,26.5,19,67.9 %,12,Decathlon Arena-Stade Pierre-Mauroy,50186,61600000.0,Christophe Galtier,/christophe-galtier/profil/trainer/5035,https://tmssl.akamaized.net//images/wappen/head/1082.png?lm=1529521041,,losc-lille,LOSC Lille,2019-ligue-1,2019,ligue-1,Ligue 1,France,€4.70bn,first_tier,4700000000.0,67.9
club,/rc-strassburg-alsace/startseite/verein/667,"{'type': 'competition', 'country_id': '50', 'country_name': 'France', 'country_code': 'FR1', 'total_clubs': '18', 'total_players': '481', 'average_age': '25.8', 'foreigner_percentage': '63.2 %', 'average_market_value': None, 'total_value': '€4.70bn', 'competition_type': 'first_tier', 'competition_name': 'Ligue 1', 'href': '/ligue-1/startseite/wettbewerb/FR1', 'seasoned_href': 'https://www.transfermarkt.co.uk/ligue-1/startseite/wettbewerb/FR1/plus/0?saison_id=2019'}",,26,22.9,22,84.6 %,12,Stade de la Meinau,32000,-26300000.0,Thierry Laurey,/thierry-laurey/profil/trainer/7232,https://tmssl.akamaized.net//images/wappen/head/667.png?lm=1664991833,,rc-strassburg-alsace,RC Strasbourg Alsace,2019-ligue-1,2019,ligue-1,Ligue 1,France,€4.70bn,first_tier,4700000000.0,84.6
club,/dijon-fco/startseite/verein/2969,"{'type': 'competition', 'country_id': '50', 'country_name': 'France', 'country_code': 'FR1', 'total_clubs': '18', 'total_players': '481', 'average_age': '25.8', 'foreigner_percentage': '63.2 %', 'average_market_value': None, 'total_value': '€4.70bn', 'competition_type': 'first_tier', 'competition_name': 'Ligue 1', 'href': '/ligue-1/startseite/wettbewerb/FR1', 'seasoned_href': 'https://www.transfermarkt.co.uk/ligue-1/startseite/wettbewerb/FR1/plus/0?saison_id=2019'}",,23,27.5,5,21.7 %,0,Stade Gaston-Gérard,16098,100000.0,Stéphane Jobard,/stephane-jobard/profil/trainer/24298,https://tmssl.akamaized.net//images/wappen/head/2969.png?lm=1711120027,,dijon-fco,Dijon FCO,2019-ligue-1,2019,ligue-1,Ligue 1,France,€4.70bn,first_tier,4700000000.0,21.7
club,/montpellier-hsc/startseite/verein/969,"{'type': 'competition', 'country_id': '50', 'country_name': 'France', 'country_code': 'FR1', 'total_clubs': '18', 'total_players': '481', 'average_age': '25.8', 'foreigner_percentage': '63.2 %', 'average_market_value': None, 'total_value': '€4.70bn', 'competition_type': 'first_tier', 'competition_name': 'Ligue 1', 'href': '/ligue-1/startseite/wettbewerb/FR1', 'seasoned_href': 'https://www.transfermarkt.co.uk/ligue-1/startseite/wettbewerb/FR1/plus/0?saison_id=2019'}",,23,24.5,10,43.5 %,2,Stade de la Mosson,22000,6550000.0,Michel Der Zakarian,/michel-der-zakarian/profil/trainer/4002,https://tmssl.akamaized.net//images/wappen/head/969.png?lm=1748640687,,montpellier-hsc,Montpellier HSC,2019-ligue-1,2019,ligue-1,Ligue 1,France,€4.70bn,first_tier,4700000000.0,43.5
club,/fc-toulouse/startseite/verein/415,"{'type': 'competition', 'country_id': '50', 'country_name': 'France', 'country_code': 'FR1', 'total_clubs': '18', 'total_players': '481', 'average_age': '25.8', 'foreigner_percentage': '63.2 %', 'average_market_value': None, 'total_value': '€4.70bn', 'competition_type': 'first_tier', 'competition_name': 'Ligue 1', 'href': '/ligue-1/startseite/wettbewerb/FR1', 'seasoned_href': 'https://www.transfermarkt.co.uk/ligue-1/startseite/wettbewerb/FR1/plus/0?saison_id=2019'}",,24,24.2,17,70.8 %,7,Stadium Municipal,33150,31350000.0,Alain Casanova,/alain-casanova/profil/trainer/5034,https://tmssl.akamaized.net//images/wappen/head/415.png?lm=1740065124,,fc-toulouse,FC Toulouse,2019-ligue-1,2019,ligue-1,Ligue 1,France,€4.70bn,first_tier,4700000000.0,70.8
club,/sco-angers/startseite/verein/1420,"{'type': 'competition', 'country_id': '50', 'country_name': 'France', 'country_code': 'FR1', 'total_clubs': '18', 'total_players': '481', 'average_age': '25.8', 'foreigner_percentage': '63.2 %', 'average_market_value': None, 'total_value': '€4.70bn', 'competition_type': 'first_tier', 'competition_name': 'Ligue 1', 'href': '/ligue-1/startseite/wettbewerb/FR1', 'seasoned_href': 'https://www.transfermarkt.co.uk/ligue-1/startseite/wettbewerb/FR1/plus/0?saison_id=2019'}",,24,26.0,14,58.3 %,7,Stade Raymond-Kopa,19350,20250000.0,Stéphane Moulin,/stephane-moulin/profil/trainer/19460,https://tmssl.akamaized.net//images/wappen/head/1420.png?lm=1687525425,,sco-angers,Angers SCO,2019-ligue-1,2019,ligue-1,Ligue 1,France,€4.70bn,first_tier,4700000000.0,58.3
club,/stade-reims/startseite/verein/1421,"{'type': 'competition', 'country_id': '50', 'country_name': 'France', 'country_code': 'FR1', 'total_clubs': '18', 'total_players': '481', 'average_age': '25.8', 'foreigner_percentage': '63.2 %', 'average_market_value': None, 'total_value': '€4.70bn', 'competition_type': 'first_tier', 'competition_name': 'Ligue 1', 'href': '/ligue-1/startseite/wettbewerb/FR1', 'seasoned_href': 'https://www.transfermarkt.co.uk/ligue-1/startseite/wettbewerb/FR1/plus/0?saison_id=2019'}",,24,24.2,19,79.2 %,5,Stade Auguste-Delaune,20519,81980000.0,David Guion,/david-guion/profil/trainer/5753,https://tmssl.akamaized.net//images/wappen/head/1421.png?lm=1592601839,,stade-reims,Stade Reims,2019-ligue-1,2019,ligue-1,Ligue 1,France,€4.70bn,first_tier,4700000000.0,79.2
club,/fc-metz/startseite/verein/347,"{'type': 'competition', 'country_id': '50', 'country_name': 'France', 'country_code': 'FR1', 'total_clubs': '18', 'total_players': '481', 'average_age': '25.8', 'foreigner_percentage': '63.2 %', 'average_market_value': None, 'total_value': '€4.70bn', 'competition_type': 'first_tier', 'competition_name': 'Ligue 1', 'href': '/ligue-1/startseite/wettbewerb/FR1', 'seasoned_href': 'https://www.transfermarkt.co.uk/ligue-1/startseite/wettbewerb/FR1/plus/0?saison_id=2019'}",,27,25.9,19,70.4 %,9,Stade Saint-Symphorien,28786,29850000.0,Vincent Hognon,/vincent-hognon/profil/trainer/27454,https://tmssl.akamaized.net//images/wappen/head/347.png?lm=1625391843,,fc-metz,FC Metz,2019-ligue-1,2019,ligue-1,Ligue 1,France,€4.70bn,first_tier,4700000000.0,70.4
club,/stade-brest-29/startseite/verein/3911,"{'type': 'competition', 'country_id': '50', 'country_name': 'France', 'country_code': 'FR1', 'total_clubs': '18', 'total_players': '481', 'average_age': '25.8', 'foreigner_percentage': '63.2 %', 'average_market_value': None, 'total_value': '€4.70bn', 'competition_type': 'first_tier', 'competition_name': 'Ligue 1', 'href': '/ligue-1/startseite/wettbewerb/FR1', 'seasoned_href': 'https://www.transfermarkt.co.uk/ligue-1/startseite/wettbewerb/FR1/plus/0?saison_id=2019'}",,23,25.6,11,47.8 %,6,Stade Francis-Le Blé,15220,23700000.0,Olivier Dall'Oglio,/olivier-dalloglio/profil/trainer/14547,https://tmssl.akamaized.net//images/wappen/head/3911.png?lm=1768836091,,stade-brest-29,Stade Brestois 29,2019-ligue-1,2019,ligue-1,Ligue 1,France,€4.70bn,first_tier,4700000000.0,47.8
club,/amiens-sc/startseite/verein/1416,"{'type': 'competition', 'country_id': '50', 'country_name': 'France', 'country_code': 'FR1', 'total_clubs': '18', 'total_players': '481', 'average_age': '25.8', 'foreigner_percentage': '63.2 %', 'average_market_value': None, 'total_value': '€4.70bn', 'competition_type': 'first_tier', 'competition_name': 'Ligue 1', 'href': '/ligue-1/startseite/wettbewerb/FR1', 'seasoned_href': 'https://www.transfermarkt.co.uk/ligue-1/startseite/wettbewerb/FR1/plus/0?saison_id=2019'}",,28,24.9,13,46.4 %,4,Stade Crédit Agricole la Licorne,12999,500000.0,Luka Elsner,/luka-elsner/profil/trainer/23576,https://tmssl.akamaized.net//images/wappen/head/1416.png?lm=1688037499,,amiens-sc,Amiens SC,2019-ligue-1,2019,ligue-1,Ligue 1,France,€4.70bn,first_tier,4700000000.0,46.4
club,/fc-nantes/startseite/verein/995,"{'type': 'competition', 'country_id': '50', 'country_name': 'France', 'country_code': 'FR1', 'total_clubs': '18', 'total_players': '481', 'average_age': '25.8', 'foreigner_percentage': '63.2 %', 'average_market_value': None, 'total_value': '€4.70bn', 'competition_type': 'first_tier', 'competition_name': 'Ligue 1', 'href': '/ligue-1/startseite/wettbewerb/FR1', 'seasoned_href': 'https://www.transfermarkt.co.uk/ligue-1/startseite/wettbewerb/FR1/plus/0?saison_id=2019'}",,29,27.0,16,55.2 %,8,Stade de la Beaujoire,35322,32000000.0,Vahid Halilhodzic,/vahid-halilhodzic/profil/trainer/1231,https://tmssl.akamaized.net//images/wappen/head/995.png?lm=1581355747,,fc-nantes,FC Nantes,2019-ligue-1,2019,ligue-1,Ligue 1,France,€4.70bn,first_tier,4700000000.0,55.2
club,/nimes-olympique/startseite/verein/1160,"{'type': 'competition', 'country_id': '50', 'country_name': 'France', 'country_code': 'FR1', 'total_clubs': '18', 'total_players': '481', 'average_age': '25.8', 'foreigner_percentage': '63.2 %', 'average_market_value': None, 'total_value': '€4.70bn', 'competition_type': 'first_tier', 'competition_name': 'Ligue 1', 'href': '/ligue-1/startseite/wettbewerb/FR1', 'seasoned_href': 'https://www.transfermarkt.co.uk/ligue-1/startseite/wettbewerb/FR1/plus/0?saison_id=2019'}",,23,28.2,3,13.0 %,0,Stade des Antonins,8033,-0.0,Bernard Blaquart,/bernard-blaquart/profil/trainer/18234,https://tmssl.akamaized.net//images/wappen/head/1160.png?lm=1526910377,,nimes-olympique,Nîmes Olympique,2019-ligue-1,2019,ligue-1,Ligue 1,France,€4.70bn,first_tier,4700000000.0,13.0
club,/ogc-nizza/startseite/verein/417,"{'type': 'competition', 'country_id': '50', 'country_name': 'France', 'country_code': 'FR1', 'total_clubs': '18', 'total_players': '481', 'average_age': '25.8', 'foreigner_percentage': '63.2 %', 'average_market_value': None, 'total_value': '€4.70bn', 'competition_type': 'first_tier', 'competition_name': 'Ligue 1', 'href': '/ligue-1/startseite/wettbewerb/FR1', 'seasoned_href': 'https://www.transfermarkt.co.uk/ligue-1/startseite/wettbewerb/FR1/plus/0?saison_id=2019'}",,29,25.9,19,65.5 %,13,Allianz Riviera,36178,72820000.0,Patrick Vieira,/patrick-vieira/profil/trainer/20029,https://tmssl.akamaized.net//images/wappen/head/417.png?lm=1408779490,,ogc-nizza,OGC Nice,2019-ligue-1,2019,ligue-1,Ligue 1,France,€4.70bn,first_tier,4700000000.0,65.5
club,/manchester-city/startseite/verein/281,"{'type': 'competition', 'country_id': '189', 'country_name': 'England', 'country_code': 'GB1', 'total_clubs': '20', 'total_players': '555', 'average_age': '26.5', 'foreigner_percentage': '70.6 %', 'average_market_value': None, 'total_value': '€12.47bn', 'competition_type': 'first_tier', 'competition_name': 'Premier League', 'href': '/premier-league/startseite/wettbewerb/GB1', 'seasoned_href': 'https://www.transfermarkt.co.uk/premier-league/startseite/wettbewerb/GB1/plus/0?saison_id=2019'}",,28,26.4,19,67.9 %,22,Etihad Stadium,61000,-194520000.0,Pep Guardiola,/pep-guardiola/profil/trainer/5672,https://tmssl.akamaized.net//images/wappen/head/281.png?lm=1467356331,,manchester-city,Manchester City,2019-premier-league,2019,premier-league,Premier League,England,€12.47bn,first_tier,12470000000.0,67.9
club,/fc-arsenal/startseite/verein/11,"{'type': 'competition', 'country_id': '189', 'country_name': 'England', 'country_code': 'GB1', 'total_clubs': '20', 'total_players': '555', 'average_age': '26.5', 'foreigner_percentage': '70.6 %', 'average_market_value': None, 'total_value': '€12.47bn', 'competition_type': 'first_tier', 'competition_name': 'Premier League', 'href': '/premier-league/startseite/wettbewerb/GB1', 'seasoned_href': 'https://www.transfermarkt.co.uk/premier-league/startseite/wettbewerb/GB1/plus/0?saison_id=2019'}",,24,26.6,17,70.8 %,20,Emirates Stadium,60704,-280730000.0,Unai Emery,/unai-emery/profil/trainer/5075,https://tmssl.akamaized.net//images/wappen/head/11.png?lm=1489787850,,fc-arsenal,Arsenal FC,2019-premier-league,2019,premier-league,Premier League,England,€12.47bn,first_tier,12470000000.0,70.8
club,/fc-chelsea/startseite/verein/631,"{'type': 'competition', 'country_id': '189', 'country_name': 'England', 'country_code': 'GB1', 'total_clubs': '20', 'total_players': '555', 'average_age': '26.5', 'foreigner_percentage': '70.6 %', 'average_market_value': None, 'total_value': '€12.47bn', 'competition_type': 'first_tier', 'competition_name': 'Premier League', 'href': '/premier-league/startseite/wettbewerb/GB1', 'seasoned_href': 'https://www.transfermarkt.co.uk/premier-league/startseite/wettbewerb/GB1/plus/0?saison_id=2019'}",,30,23.7,21,70.0 %,14,Stamford Bridge,41631,98000.0,Frank Lampard,/frank-lampard/profil/trainer/60805,https://tmssl.akamaized.net//images/wappen/head/631.png?lm=1682435911,,fc-chelsea,Chelsea FC,2019-premier-league,2019,premier-league,Premier League,England,€12.47bn,first_tier,12470000000.0,70.0
club,/manchester-united/startseite/verein/985,"{'type': 'competition', 'country_id': '189', 'country_name': 'England', 'country_code': 'GB1', 'total_clubs': '20', 'total_players': '555', 'average_age': '26.5', 'foreigner_percentage': '70.6 %', 'average_market_value': None, 'total_value': '€12.47bn', 'competition_type': 'first_tier', 'competition_name': 'Premier League', 'href': '/premier-league/startseite/wettbewerb/GB1', 'seasoned_href': 'https://www.transfermarkt.co.uk/premier-league/startseite/wettbewerb/GB1/plus/0?saison_id=2019'}",,25,26.5,18,72.0 %,16,Old Trafford,74879,-172500000.0,Ole Gunnar Solskjaer,/ole-gunnar-solskjaer/profil/trainer/7286,https://tmssl.akamaized.net//images/wappen/head/985.png?lm=1457975903,,manchester-united,Manchester United,2019-premier-league,2019,premier-league,Premier League,England,€12.47bn,first_tier,12470000000.0,72.0
club,/fc-everton/startseite/verein/29,"{'type': 'competition', 'country_id': '189', 'country_name': 'England', 'country_code': 'GB1', 'total_clubs': '20', 'total_players': '555', 'average_age': '26.5', 'foreigner_percentage': '70.6 %', 'average_market_value': None, 'total_value': '€12.47bn', 'competition_type': 'first_tier', 'competition_name': 'Premier League', 'href': '/premier-league/startseite/wettbewerb/GB1', 'seasoned_href': 'https://www.transfermarkt.co.uk/premier-league/startseite/wettbewerb/GB1/plus/0?saison_id=2019'}",,26,26.8,13,50.0 %,11,Hill Dickinson Stadium,52769,-117150000.0,Marco Silva,/marco-silva/profil/trainer/19631,https://tmssl.akamaized.net//images/wappen/head/29.png?lm=1445949846,,fc-everton,Everton FC,2019-premier-league,2019,premier-league,Premier League,England,€12.47bn,first_tier,12470000000.0,50.0
club,/leicester-city/startseite/verein/1003,"{'type': 'competition', 'country_id': '189', 'country_name': 'England', 'country_code': 'GB1', 'total_clubs': '20', 'total_players': '555', 'average_age': '26.5', 'foreigner_percentage': '70.6 %', 'average_market_value': None, 'total_value': '€12.47bn', 'competition_type': 'first_tier', 'competition_name': 'Premier League', 'href': '/premier-league/startseite/wettbewerb/GB1', 'seasoned_href': 'https://www.transfermarkt.co.uk/premier-league/startseite/wettbewerb/GB1/plus/0?saison_id=2019'}",,27,26.3,15,55.6 %,7,King Power Stadium,32259,57300000.0,Brendan Rodgers,/brendan-rodgers/profil/trainer/1366,https://tmssl.akamaized.net//images/wappen/head/1003.png?lm=1472229265,,leicester-city,Leicester City,2019-premier-league,2019,premier-league,Premier League,England,€12.47bn,first_tier,12470000000.0,55.6
club,/fc-liverpool/startseite/verein/31,"{'type': 'competition', 'country_id': '189', 'country_name': 'England', 'country_code': 'GB1', 'total_clubs': '20', 'total_players': '555', 'average_age': '26.5', 'foreigner_percentage': '70.6 %', 'average_market_value': None, 'total_value': '€12.47bn', 'competition_type': 'first_tier', 'competition_name': 'Premier League', 'href': '/premier-league/startseite/wettbewerb/GB1', 'seasoned_href': 'https://www.transfermarkt.co.uk/premier-league/startseite/wettbewerb/GB1/plus/0?saison_id=2019'}",,28,26.2,21,75.0 %,17,Anfield,61276,-261850000.0,Jürgen Klopp,/jurgen-klopp/profil/trainer/118,https://tmssl.akamaized.net//images/wappen/head/31.png?lm=1727873452,,fc-liverpool,Liverpool FC,2019-premier-league,2019,premier-league,Premier League,England,€12.47bn,first_tier,12470000000.0,75.0
club,/wolverhampton-wanderers/startseite/verein/543,"{'type': 'competition', 'country_id': '189', 'country_name': 'England', 'country_code': 'GB1', 'total_clubs': '20', 'total_players': '555', 'average_age': '26.5', 'foreigner_percentage': '70.6 %', 'average_market_value': None, 'total_value': '€12.47bn', 'competition_type': 'first_tier', 'competition_name': 'Premier League', 'href': '/premier-league/startseite/wettbewerb/GB1', 'seasoned_href': 'https://www.transfermarkt.co.uk/premier-league/startseite/wettbewerb/GB1/plus/0?saison_id=2019'}",,27,26.1,22,81.5 %,14,Molineux Stadium,31750,81100000.0,Nuno Espírito Santo,/nuno-espirito-santo/profil/trainer/16520,https://tmssl.akamaized.net//images/wappen/head/543.png?lm=1467496784,,wolverhampton-wanderers,Wolverhampton Wanderers,2019-premier-league,2019,premier-league,Premier League,England,€12.47bn,first_tier,12470000000.0,81.5
club,/west-ham-united/startseite/verein/379,"{'type': 'competition', 'country_id': '189', 'country_name': 'England', 'country_code': 'GB1', 'total_clubs': '20', 'total_players': '555', 'average_age': '26.5', 'foreigner_percentage': '70.6 %', 'average_market_value': None, 'total_value': '€12.47bn', 'competition_type': 'first_tier', 'competition_name': 'Premier League', 'href': '/premier-league/startseite/wettbewerb/GB1', 'seasoned_href': 'https://www.transfermarkt.co.uk/premier-league/startseite/wettbewerb/GB1/plus/0?saison_id=2019'}",,23,27.1,17,73.9 %,9,London Stadium,62500,-53100000.0,Manuel Pellegrini,/manuel-pellegrini/profil/trainer/1558,https://tmssl.akamaized.net//images/wappen/head/379.png?lm=1464675260,,west-ham-united,West Ham United,2019-premier-league,2019,premier-league,Premier League,England,€12.47bn,first_tier,12470000000.0,73.9
club,/afc-bournemouth/startseite/verein/989,"{'type': 'competition', 'country_id': '189', 'country_name': 'England', 'country_code': 'GB1', 'total_clubs': '20', 'total_players': '555', 'average_age': '26.5', 'foreigner_percentage': '70.6 %', 'average_market_value': None, 'total_value': '€12.47bn', 'competition_type': 'first_tier', 'competition_name': 'Premier League', 'href': '/premier-league/startseite/wettbewerb/GB1', 'seasoned_href': 'https://www.transfermarkt.co.uk/premier-league/startseite/wettbewerb/GB1/plus/0?saison_id=2019'}",,26,25.7,20,76.9 %,13,Vitality Stadium,11307,129310000.0,Eddie Howe,/eddie-howe/profil/trainer/10976,https://tmssl.akamaized.net//images/wappen/head/989.png?lm=1457991811,,afc-bournemouth,AFC Bournemouth,2019-premier-league,2019,premier-league,Premier League,England,€12.47bn,first_tier,12470000000.0,76.9
club,/fc-southampton/startseite/verein/180,"{'type': 'competition', 'country_id': '189', 'country_name': 'England', 'country_code': 'GB1', 'total_clubs': '20', 'total_players': '555', 'average_age': '26.5', 'foreigner_percentage': '70.6 %', 'average_market_value': None, 'total_value': '€12.47bn', 'competition_type': 'first_tier', 'competition_name': 'Premier League', 'href': '/premier-league/startseite/wettbewerb/GB1', 'seasoned_href': 'https://www.transfermarkt.co.uk/premier-league/startseite/wettbewerb/GB1/plus/0?saison_id=2019'}",,31,26.7,19,61.3 %,9,St Mary's Stadium,32384,87060000.0,Ralph Hasenhüttl,/ralph-hasenhuttl/profil/trainer/2300,https://tmssl.akamaized.net//images/wappen/head/180.png?lm=1444560086,,fc-southampton,Southampton FC,2019-premier-league,2019,premier-league,Premier League,England,€12.47bn,first_tier,12470000000.0,61.3
club,/fc-watford/startseite/verein/1010,"{'type': 'competition', 'country_id': '189', 'country_name': 'England', 'country_code': 'GB1', 'total_clubs': '20', 'total_players': '555', 'average_age': '26.5', 'foreigner_percentage': '70.6 %', 'average_market_value': None, 'total_value': '€12.47bn', 'competition_type': 'first_tier', 'competition_name': 'Premier League', 'href': '/premier-league/startseite/wettbewerb/GB1', 'seasoned_href': 'https://www.transfermarkt.co.uk/premier-league/startseite/wettbewerb/GB1/plus/0?saison_id=2019'}",,29,24.6,23,79.3 %,12,Vicarage Road,21577,6070000.0,Javi Gracia,/javi-gracia/profil/trainer/10254,https://tmssl.akamaized.net//images/wappen/head/1010.png?lm=1468103673,,fc-watford,Watford FC,2019-premier-league,2019,premier-league,Premier League,England,€12.47bn,first_tier,12470000000.0,79.3
club,/brighton-amp-hove-albion/startseite/verein/1237,"{'type': 'competition', 'country_id': '189', 'country_name': 'England', 'country_code': 'GB1', 'total_clubs': '20', 'total_players': '555', 'average_age': '26.5', 'foreigner_percentage': '70.6 %', 'average_market_value': None, 'total_value': '€12.47bn', 'competition_type': 'first_tier', 'competition_name': 'Premier League', 'href': '/premier-league/startseite/wettbewerb/GB1', 'seasoned_href': 'https://www.transfermarkt.co.uk/premier-league/startseite/wettbewerb/GB1/plus/0?saison_id=2019'}",,33,26.6,22,66.7 %,17,AMEX Stadium,31876,63150000.0,Graham Potter,/graham-potter/profil/trainer/23954,https://tmssl.akamaized.net//images/wappen/head/1237.png?lm=1492718902,,brighton-amp-hove-albion,Brighton & Hove Albion,2019-premier-league,2019,premier-league,Premier League,England,€12.47bn,first_tier,12470000000.0,66.7
club,/fc-burnley/startseite/verein/1132,"{'type': 'competition', 'country_id': '189', 'country_name': 'England', 'country_code': 'GB1', 'total_clubs': '20', 'total_players': '555', 'average_age': '26.5', 'foreigner_percentage': '70.6 %', 'average_market_value': None, 'total_value': '€12.47bn', 'competition_type': 'first_tier', 'competition_name': 'Premier League', 'href': '/premier-league/startseite/wettbewerb/GB1', 'seasoned_href': 'https://www.transfermarkt.co.uk/premier-league/startseite/wettbewerb/GB1/plus/0?saison_id=2019'}",,31,27.7,22,71.0 %,11,Turf Moor,21994,-96500000.0,Sean Dyche,/sean-dyche/profil/trainer/15856,https://tmssl.akamaized.net//images/wappen/head/1132.png?lm=1686818840,,fc-burnley,Burnley FC,2019-premier-league,2019,premier-league,Premier League,England,€12.47bn,first_tier,12470000000.0,71.0
club,/newcastle-united/startseite/verein/762,"{'type': 'competition', 'country_id': '189', 'country_name': 'England', 'country_code': 'GB1', 'total_clubs': '20', 'total_players': '555', 'average_age': '26.5', 'foreigner_percentage': '70.6 %', 'average_market_value': None, 'total_value': '€12.47bn', 'competition_type': 'first_tier', 'competition_name': 'Premier League', 'href': '/premier-league/startseite/wettbewerb/GB1', 'seasoned_href': 'https://www.transfermarkt.co.uk/premier-league/startseite/wettbewerb/GB1/plus/0?saison_id=2019'}",,29,28.1,13,44.8 %,16,St James' Park,52258,-102850000.0,Steve Bruce,/steve-bruce/profil/trainer/447,https://tmssl.akamaized.net//images/wappen/head/762.png?lm=1472921161,,newcastle-united,Newcastle United,2019-premier-league,2019,premier-league,Premier League,England,€12.47bn,first_tier,12470000000.0,44.8
club,/norwich-city/startseite/verein/1123,"{'type': 'competition', 'country_id': '189', 'country_name': 'England', 'country_code': 'GB1', 'total_clubs': '20', 'total_players': '555', 'average_age': '26.5', 'foreigner_percentage': '70.6 %', 'average_market_value': None, 'total_value': '€12.47bn', 'competition_type': 'first_tier', 'competition_name': 'Premier League', 'href': '/premier-league/startseite/wettbewerb/GB1', 'seasoned_href': 'https://www.transfermarkt.co.uk/premier-league/startseite/wettbewerb/GB1/plus/0?saison_id=2019'}",,36,24.8,23,63.9 %,7,Carrow Road,27244,21520000.0,Daniel Farke,/daniel-farke/profil/trainer/10939,https://tmssl.akamaized.net//images/wappen/head/1123.png?lm=1655469640,,norwich-city,Norwich City,2019-premier-league,2019,premier-league,Premier League,England,€12.47bn,first_tier,12470000000.0,63.9
club,/aston-villa/startseite/verein/405,"{'type': 'competition', 'country_id': '189', 'country_name': 'England', 'country_code': 'GB1', 'total_clubs': '20', 'total_players': '555', 'average_age': '26.5', 'foreigner_percentage': '70.6 %', 'average_market_value': None, 'total_value': '€12.47bn', 'competition_type': 'first_tier', 'competition_name': 'Premier League', 'href': '/premier-league/startseite/wettbewerb/GB1', 'seasoned_href': 'https://www.transfermarkt.co.uk/premier-league/startseite/wettbewerb/GB1/plus/0?saison_id=2019'}",,26,28.2,17,65.4 %,13,Villa Park,43205,-12650000.0,Dean Smith,/dean-smith/profil/trainer/15315,https://tmssl.akamaized.net//images/wappen/head/405.png?lm=1717155982,,aston-villa,Aston Villa,2019-premier-league,2019,premier-league,Premier League,England,€12.47bn,first_tier,12470000000.0,65.4
club,/crystal-palace/startseite/verein/873,"{'type': 'competition', 'country_id': '189', 'country_name': 'England', 'country_code': 'GB1', 'total_clubs': '20', 'total_players': '555', 'average_age': '26.5', 'foreigner_percentage': '70.6 %', 'average_market_value': None, 'total_value': '€12.47bn', 'competition_type': 'first_tier', 'competition_name': 'Premier League', 'href': '/premier-league/startseite/wettbewerb/GB1', 'seasoned_href': 'https://www.transfermarkt.co.uk/premier-league/startseite/wettbewerb/GB1/plus/0?saison_id=2019'}",,30,26.3,20,66.7 %,20,Selhurst Park,25486,-47850000.0,Roy Hodgson,/roy-hodgson/profil/trainer/1775,https://tmssl.akamaized.net//images/wappen/head/873.png?lm=1457723287,,crystal-palace,Crystal Palace,2019-premier-league,2019,premier-league,Premier League,England,€12.47bn,first_tier,12470000000.0,66.7
club,/sheffield-united/startseite/verein/350,"{'type': 'competition', 'country_id': '189', 'country_name': 'England', 'country_code': 'GB1', 'total_clubs': '20', 'total_players': '555', 'average_age': '26.5', 'foreigner_percentage': '70.6 %', 'average_market_value': None, 'total_value': '€12.47bn', 'competition_type': 'first_tier', 'competition_name': 'Premier League', 'href': '/premier-league/startseite/wettbewerb/GB1', 'seasoned_href': 'https://www.transfermarkt.co.uk/premier-league/startseite/wettbewerb/GB1/plus/0?saison_id=2019'}",,31,25.8,13,41.9 %,6,Bramall Lane,32702,-910000.0,Chris Wilder,/chris-wilder/profil/trainer/15289,https://tmssl.akamaized.net//images/wappen/head/350.png?lm=1409254138,,sheffield-united,Sheffield United,2019-premier-league,2019,premier-league,Premier League,England,€12.47bn,first_tier,12470000000.0,41.9
club,/tottenham-hotspur/startseite/verein/148,"{'type': 'competition', 'country_id': '189', 'country_name': 'England', 'country_code': 'GB1', 'total_clubs': '20', 'total_players': '555', 'average_age': '26.5', 'foreigner_percentage': '70.6 %', 'average_market_value': None, 'total_value': '€12.47bn', 'competition_type': 'first_tier', 'competition_name': 'Premier League', 'href': '/premier-league/startseite/wettbewerb/GB1', 'seasoned_href': 'https://www.transfermarkt.co.uk/premier-league/startseite/wettbewerb/GB1/plus/0?saison_id=2019'}",,30,25.7,22,73.3 %,19,Tottenham Hotspur Stadium,62850,-182900000.0,Mauricio Pochettino,/mauricio-pochettino/profil/trainer/9044,https://tmssl.akamaized.net//images/wappen/head/148.png?lm=1732011953,,tottenham-hotspur,Tottenham Hotspur,2019-premier-league,2019,premier-league,Premier League,England,€12.47bn,first_tier,12470000000.0,73.3
club,/as-rom/startseite/verein/12,"{'type': 'competition', 'country_id': '75', 'country_name': 'Italy', 'country_code': 'IT1', 'total_clubs': '20', 'total_players': '536', 'average_age': '26.9', 'foreigner_percentage': '68.7 %', 'average_market_value': None, 'total_value': '€5.28bn', 'competition_type': 'first_tier', 'competition_name': 'Serie A', 'href': '/serie-a/startseite/wettbewerb/IT1', 'seasoned_href': 'https://www.transfermarkt.co.uk/serie-a/startseite/wettbewerb/IT1/plus/0?saison_id=2019'}",,27,26.3,19,70.4 %,13,Olimpico di Roma,70634,-24450000.0,Paulo Fonseca,/paulo-fonseca/profil/trainer/19944,https://tmssl.akamaized.net//images/wappen/head/12.png?lm=1751979202,,as-rom,AS Roma,2019-serie-a,2019,serie-a,Serie A,Italy,€5.28bn,first_tier,5280000000.0,70.4
club,/atalanta-bergamo/startseite/verein/800,"{'type': 'competition', 'country_id': '75', 'country_name': 'Italy', 'country_code': 'IT1', 'total_clubs': '20', 'total_players': '536', 'average_age': '26.9', 'foreigner_percentage': '68.7 %', 'average_market_value': None, 'total_value': '€5.28bn', 'competition_type': 'first_tier', 'competition_name': 'Serie A', 'href': '/serie-a/startseite/wettbewerb/IT1', 'seasoned_href': 'https://www.transfermarkt.co.uk/serie-a/startseite/wettbewerb/IT1/plus/0?saison_id=2019'}",,24,27.5,14,58.3 %,18,New Balance Arena - Bergamo,24950,-8280000.0,Gian Piero Gasperini,/gian-piero-gasperini/profil/trainer/3436,https://tmssl.akamaized.net//images/wappen/head/800.png?lm=1780904763,,atalanta-bergamo,Atalanta BC,2019-serie-a,2019,serie-a,Serie A,Italy,€5.28bn,first_tier,5280000000.0,58.3
club,/cagliari-calcio/startseite/verein/1390,"{'type': 'competition', 'country_id': '75', 'country_name': 'Italy', 'country_code': 'IT1', 'total_clubs': '20', 'total_players': '536', 'average_age': '26.9', 'foreigner_percentage': '68.7 %', 'average_market_value': None, 'total_value': '€5.28bn', 'competition_type': 'first_tier', 'competition_name': 'Serie A', 'href': '/serie-a/startseite/wettbewerb/IT1', 'seasoned_href': 'https://www.transfermarkt.co.uk/serie-a/startseite/wettbewerb/IT1/plus/0?saison_id=2019'}",,29,25.6,14,48.3 %,6,Unipol Domus,16416,800000.0,Rolando Maran,/rolando-maran/profil/trainer/3018,https://tmssl.akamaized.net//images/wappen/head/1390.png?lm=1626441409,,cagliari-calcio,Cagliari Calcio,2019-serie-a,2019,serie-a,Serie A,Italy,€5.28bn,first_tier,5280000000.0,48.3
club,/juventus-turin/startseite/verein/506,"{'type': 'competition', 'country_id': '75', 'country_name': 'Italy', 'country_code': 'IT1', 'total_clubs': '20', 'total_players': '536', 'average_age': '26.9', 'foreigner_percentage': '68.7 %', 'average_market_value': None, 'total_value': '€5.28bn', 'competition_type': 'first_tier', 'competition_name': 'Serie A', 'href': '/serie-a/startseite/wettbewerb/IT1', 'seasoned_href': 'https://www.transfermarkt.co.uk/serie-a/startseite/wettbewerb/IT1/plus/0?saison_id=2019'}",,25,27.5,18,72.0 %,18,Allianz Stadium,41507,-48750000.0,Maurizio Sarri,/maurizio-sarri/profil/trainer/10073,https://tmssl.akamaized.net//images/wappen/head/506.png?lm=1626441487,,juventus-turin,Juventus FC,2019-serie-a,2019,serie-a,Serie A,Italy,€5.28bn,first_tier,5280000000.0,72.0
club,/inter-mailand/startseite/verein/46,"{'type': 'competition', 'country_id': '75', 'country_name': 'Italy', 'country_code': 'IT1', 'total_clubs': '20', 'total_players': '536', 'average_age': '26.9', 'foreigner_percentage': '68.7 %', 'average_market_value': None, 'total_value': '€5.28bn', 'competition_type': 'first_tier', 'competition_name': 'Serie A', 'href': '/serie-a/startseite/wettbewerb/IT1', 'seasoned_href': 'https://www.transfermarkt.co.uk/serie-a/startseite/wettbewerb/IT1/plus/0?saison_id=2019'}",,24,29.5,16,66.7 %,15,Giuseppe Meazza,75923,-48350000.0,Antonio Conte,/antonio-conte/profil/trainer/3517,https://tmssl.akamaized.net//images/wappen/head/46.png?lm=1618900989,,inter-mailand,Inter Milan,2019-serie-a,2019,serie-a,Serie A,Italy,€5.28bn,first_tier,5280000000.0,66.7
club,/ac-florenz/startseite/verein/430,"{'type': 'competition', 'country_id': '75', 'country_name': 'Italy', 'country_code': 'IT1', 'total_clubs': '20', 'total_players': '536', 'average_age': '26.9', 'foreigner_percentage': '68.7 %', 'average_market_value': None, 'total_value': '€5.28bn', 'competition_type': 'first_tier', 'competition_name': 'Serie A', 'href': '/serie-a/startseite/wettbewerb/IT1', 'seasoned_href': 'https://www.transfermarkt.co.uk/serie-a/startseite/wettbewerb/IT1/plus/0?saison_id=2019'}",,27,26.1,11,40.7 %,9,Artemio Franchi,43147,-29210000.0,Vincenzo Montella,/vincenzo-montella/profil/trainer/11795,https://tmssl.akamaized.net//images/wappen/head/430.png?lm=1722844765,,ac-florenz,ACF Fiorentina,2019-serie-a,2019,serie-a,Serie A,Italy,€5.28bn,first_tier,5280000000.0,40.7
club,/fc-turin/startseite/verein/416,"{'type': 'competition', 'country_id': '75', 'country_name': 'Italy', 'country_code': 'IT1', 'total_clubs': '20', 'total_players': '536', 'average_age': '26.9', 'foreigner_percentage': '68.7 %', 'average_market_value': None, 'total_value': '€5.28bn', 'competition_type': 'first_tier', 'competition_name': 'Serie A', 'href': '/serie-a/startseite/wettbewerb/IT1', 'seasoned_href': 'https://www.transfermarkt.co.uk/serie-a/startseite/wettbewerb/IT1/plus/0?saison_id=2019'}",,30,26.4,24,80.0 %,10,Olimpico Grande Torino,28177,21840000.0,Walter Mazzarri,/walter-mazzarri/profil/trainer/1933,https://tmssl.akamaized.net//images/wappen/head/416.png?lm=1438548174,,fc-turin,Torino FC,2019-serie-a,2019,serie-a,Serie A,Italy,€5.28bn,first_tier,5280000000.0,80.0
club,/ssc-neapel/startseite/verein/6195,"{'type': 'competition', 'country_id': '75', 'country_name': 'Italy', 'country_code': 'IT1', 'total_clubs': '20', 'total_players': '536', 'average_age': '26.9', 'foreigner_percentage': '68.7 %', 'average_market_value': None, 'total_value': '€5.28bn', 'competition_type': 'first_tier', 'competition_name': 'Serie A', 'href': '/serie-a/startseite/wettbewerb/IT1', 'seasoned_href': 'https://www.transfermarkt.co.uk/serie-a/startseite/wettbewerb/IT1/plus/0?saison_id=2019'}",,26,28.8,17,65.4 %,16,Diego Armando Maradona,54726,-15350000.0,Carlo Ancelotti,/carlo-ancelotti/profil/trainer/523,https://tmssl.akamaized.net//images/wappen/head/6195.png?lm=1753167643,,ssc-neapel,SSC Napoli,2019-serie-a,2019,serie-a,Serie A,Italy,€5.28bn,first_tier,5280000000.0,65.4
club,/lazio-rom/startseite/verein/398,"{'type': 'competition', 'country_id': '75', 'country_name': 'Italy', 'country_code': 'IT1', 'total_clubs': '20', 'total_players': '536', 'average_age': '26.9', 'foreigner_percentage': '68.7 %', 'average_market_value': None, 'total_value': '€5.28bn', 'competition_type': 'first_tier', 'competition_name': 'Serie A', 'href': '/serie-a/startseite/wettbewerb/IT1', 'seasoned_href': 'https://www.transfermarkt.co.uk/serie-a/startseite/wettbewerb/IT1/plus/0?saison_id=2019'}",,28,27.8,17,60.7 %,11,Olimpico di Roma,70634,13550000.0,Simone Inzaghi,/simone-inzaghi/profil/trainer/21624,https://tmssl.akamaized.net//images/wappen/head/398.png?lm=1601537785,,lazio-rom,SS Lazio,2019-serie-a,2019,serie-a,Serie A,Italy,€5.28bn,first_tier,5280000000.0,60.7
club,/us-sassuolo/startseite/verein/6574,"{'type': 'competition', 'country_id': '75', 'country_name': 'Italy', 'country_code': 'IT1', 'total_clubs': '20', 'total_players': '536', 'average_age': '26.9', 'foreigner_percentage': '68.7 %', 'average_market_value': None, 'total_value': '€5.28bn', 'competition_type': 'first_tier', 'competition_name': 'Serie A', 'href': '/serie-a/startseite/wettbewerb/IT1', 'seasoned_href': 'https://www.transfermarkt.co.uk/serie-a/startseite/wettbewerb/IT1/plus/0?saison_id=2019'}",,29,26.1,18,62.1 %,12,Mapei Stadium - Città del Tricolore,21584,-34630000.0,Roberto De Zerbi,/roberto-de-zerbi/profil/trainer/32157,https://tmssl.akamaized.net//images/wappen/head/6574.png?lm=1755894334,,us-sassuolo,US Sassuolo,2019-serie-a,2019,serie-a,Serie A,Italy,€5.28bn,first_tier,5280000000.0,62.1
club,/ac-mailand/startseite/verein/5,"{'type': 'competition', 'country_id': '75', 'country_name': 'Italy', 'country_code': 'IT1', 'total_clubs': '20', 'total_players': '536', 'average_age': '26.9', 'foreigner_percentage': '68.7 %', 'average_market_value': None, 'total_value': '€5.28bn', 'competition_type': 'first_tier', 'competition_name': 'Serie A', 'href': '/serie-a/startseite/wettbewerb/IT1', 'seasoned_href': 'https://www.transfermarkt.co.uk/serie-a/startseite/wettbewerb/IT1/plus/0?saison_id=2019'}",,23,27.4,18,78.3 %,19,Giuseppe Meazza,75923,6000000.0,Marco Giampaolo,/marco-giampaolo/profil/trainer/3257,https://tmssl.akamaized.net//images/wappen/head/5.png?lm=1605166627,,ac-mailand,AC Milan,2019-serie-a,2019,serie-a,Serie A,Italy,€5.28bn,first_tier,5280000000.0,78.3
club,/genua-cfc/startseite/verein/252,"{'type': 'competition', 'country_id': '75', 'country_name': 'Italy', 'country_code': 'IT1', 'total_clubs': '20', 'total_players': '536', 'average_age': '26.9', 'foreigner_percentage': '68.7 %', 'average_market_value': None, 'total_value': '€5.28bn', 'competition_type': 'first_tier', 'competition_name': 'Serie A', 'href': '/serie-a/startseite/wettbewerb/IT1', 'seasoned_href': 'https://www.transfermarkt.co.uk/serie-a/startseite/wettbewerb/IT1/plus/0?saison_id=2019'}",,26,26.8,18,69.2 %,8,Luigi Ferraris,34901,47930000.0,Aurelio Andreazzoli,/aurelio-andreazzoli/profil/trainer/8646,https://tmssl.akamaized.net//images/wappen/head/252.png?lm=1655305880,,genua-cfc,Genoa CFC,2019-serie-a,2019,serie-a,Serie A,Italy,€5.28bn,first_tier,5280000000.0,69.2
club,/brescia-calcio/startseite/verein/19,"{'type': 'competition', 'country_id': '75', 'country_name': 'Italy', 'country_code': 'IT1', 'total_clubs': '20', 'total_players': '536', 'average_age': '26.9', 'foreigner_percentage': '68.7 %', 'average_market_value': None, 'total_value': '€5.28bn', 'competition_type': 'first_tier', 'competition_name': 'Serie A', 'href': '/serie-a/startseite/wettbewerb/IT1', 'seasoned_href': 'https://www.transfermarkt.co.uk/serie-a/startseite/wettbewerb/IT1/plus/0?saison_id=2019'}",,0,0.0,,,0,Mario Rigamonti,19550,-0.0,Eugenio Corini,/eugenio-corini/profil/trainer/14577,https://tmssl.akamaized.net//images/wappen/head/19.png?lm=1511961167,,brescia-calcio,Brescia Calcio (- 2025),2019-serie-a,2019,serie-a,Serie A,Italy,€5.28bn,first_tier,5280000000.0,0.0
club,/spal/startseite/verein/2722,"{'type': 'competition', 'country_id': '75', 'country_name': 'Italy', 'country_code': 'IT1', 'total_clubs': '20', 'total_players': '536', 'average_age': '26.9', 'foreigner_percentage': '68.7 %', 'average_market_value': None, 'total_value': '€5.28bn', 'competition_type': 'first_tier', 'competition_name': 'Serie A', 'href': '/serie-a/startseite/wettbewerb/IT1', 'seasoned_href': 'https://www.transfermarkt.co.uk/serie-a/startseite/wettbewerb/IT1/plus/0?saison_id=2019'}",,0,0.0,,,0,Paolo Mazza,16134,-0.0,Leonardo Semplici,/leonardo-semplici/profil/trainer/14546,https://tmssl.akamaized.net//images/wappen/head/2722.png?lm=1626441491,,spal,SPAL,2019-serie-a,2019,serie-a,Serie A,Italy,€5.28bn,first_tier,5280000000.0,0.0
club,/fc-bologna/startseite/verein/1025,"{'type': 'competition', 'country_id': '75', 'country_name': 'Italy', 'country_code': 'IT1', 'total_clubs': '20', 'total_players': '536', 'average_age': '26.9', 'foreigner_percentage': '68.7 %', 'average_market_value': None, 'total_value': '€5.28bn', 'competition_type': 'first_tier', 'competition_name': 'Serie A', 'href': '/serie-a/startseite/wettbewerb/IT1', 'seasoned_href': 'https://www.transfermarkt.co.uk/serie-a/startseite/wettbewerb/IT1/plus/0?saison_id=2019'}",,27,27.4,17,63.0 %,11,Stadio Renato Dall’Ara,36462,27700000.0,Sinisa Mihajlovic,/sinisa-mihajlovic/profil/trainer/3896,https://tmssl.akamaized.net//images/wappen/head/1025.png?lm=1626441324,,fc-bologna,Bologna FC 1909,2019-serie-a,2019,serie-a,Serie A,Italy,€5.28bn,first_tier,5280000000.0,63.0
club,/udinese-calcio/startseite/verein/410,"{'type': 'competition', 'country_id': '75', 'country_name': 'Italy', 'country_code': 'IT1', 'total_clubs': '20', 'total_players': '536', 'average_age': '26.9', 'foreigner_percentage': '68.7 %', 'average_market_value': None, 'total_value': '€5.28bn', 'competition_type': 'first_tier', 'competition_name': 'Serie A', 'href': '/serie-a/startseite/wettbewerb/IT1', 'seasoned_href': 'https://www.transfermarkt.co.uk/serie-a/startseite/wettbewerb/IT1/plus/0?saison_id=2019'}",,26,26.3,21,80.8 %,8,Bluenergy Stadium,25144,47650000.0,Igor Tudor,/igor-tudor/profil/trainer/28632,https://tmssl.akamaized.net//images/wappen/head/410.png?lm=1688982584,,udinese-calcio,Udinese Calcio,2019-serie-a,2019,serie-a,Serie A,Italy,€5.28bn,first_tier,5280000000.0,80.8
club,/sampdoria-genua/startseite/verein/1038,"{'type': 'competition', 'country_id': '75', 'country_name': 'Italy', 'country_code': 'IT1', 'total_clubs': '20', 'total_players': '536', 'average_age': '26.9', 'foreigner_percentage': '68.7 %', 'average_market_value': None, 'total_value': '€5.28bn', 'competition_type': 'first_tier', 'competition_name': 'Serie A', 'href': '/serie-a/startseite/wettbewerb/IT1', 'seasoned_href': 'https://www.transfermarkt.co.uk/serie-a/startseite/wettbewerb/IT1/plus/0?saison_id=2019'}",,30,27.2,8,26.7 %,3,Luigi Ferraris,33205,-11730000.0,Eusebio Di Francesco,/eusebio-di-francesco/profil/trainer/12924,https://tmssl.akamaized.net//images/wappen/head/1038.png?lm=1520934353,,sampdoria-genua,UC Sampdoria,2019-serie-a,2019,serie-a,Serie A,Italy,€5.28bn,first_tier,5280000000.0,26.7
club,/parma-calcio-1913/startseite/verein/130,"{'type': 'competition', 'country_id': '75', 'country_name': 'Italy', 'country_code': 'IT1', 'total_clubs': '20', 'total_players': '536', 'average_age': '26.9', 'foreigner_percentage': '68.7 %', 'average_market_value': None, 'total_value': '€5.28bn', 'competition_type': 'first_tier', 'competition_name': 'Serie A', 'href': '/serie-a/startseite/wettbewerb/IT1', 'seasoned_href': 'https://www.transfermarkt.co.uk/serie-a/startseite/wettbewerb/IT1/plus/0?saison_id=2019'}",,25,24.7,19,76.0 %,2,Ennio Tardini,22352,42290000.0,Roberto D'Aversa,/roberto-daversa/profil/trainer/35782,https://tmssl.akamaized.net//images/wappen/head/130.png?lm=1530945992,,parma-calcio-1913,Parma Calcio 1913,2019-serie-a,2019,serie-a,Serie A,Italy,€5.28bn,first_tier,5280000000.0,76.0
club,/us-lecce/startseite/verein/1005,"{'type': 'competition', 'country_id': '75', 'country_name': 'Italy', 'country_code': 'IT1', 'total_clubs': '20', 'total_players': '536', 'average_age': '26.9', 'foreigner_percentage': '68.7 %', 'average_market_value': None, 'total_value': '€5.28bn', 'competition_type': 'first_tier', 'competition_name': 'Serie A', 'href': '/serie-a/startseite/wettbewerb/IT1', 'seasoned_href': 'https://www.transfermarkt.co.uk/serie-a/startseite/wettbewerb/IT1/plus/0?saison_id=2019'}",,27,25.3,23,85.2 %,13,Ettore Giardiniero,31559,8620000.0,Fabio Liverani,/fabio-liverani/profil/trainer/27554,https://tmssl.akamaized.net//images/wappen/head/1005.png?lm=1689169528,,us-lecce,US Lecce,2019-serie-a,2019,serie-a,Serie A,Italy,€5.28bn,first_tier,5280000000.0,85.2
club,/hellas-verona/startseite/verein/276,"{'type': 'competition', 'country_id': '75', 'country_name': 'Italy', 'country_code': 'IT1', 'total_clubs': '20', 'total_players': '536', 'average_age': '26.9', 'foreigner_percentage': '68.7 %', 'average_market_value': None, 'total_value': '€5.28bn', 'competition_type': 'first_tier', 'competition_name': 'Serie A', 'href': '/serie-a/startseite/wettbewerb/IT1', 'seasoned_href': 'https://www.transfermarkt.co.uk/serie-a/startseite/wettbewerb/IT1/plus/0?saison_id=2019'}",,30,26.0,26,86.7 %,9,Marcantonio Bentegodi,39211,7300000.0,Ivan Juric,/ivan-juric/profil/trainer/16508,https://tmssl.akamaized.net//images/wappen/head/276.png?lm=1617228746,,hellas-verona,Hellas Verona,2019-serie-a,2019,serie-a,Serie A,Italy,€5.28bn,first_tier,5280000000.0,86.7
club,/sc-freiburg/startseite/verein/60,"{'type': 'competition', 'country_id': '40', 'country_name': 'Germany', 'country_code': 'L1', 'total_clubs': '18', 'total_players': '515', 'average_age': '26.1', 'foreigner_percentage': '59.0 %', 'average_market_value': '\n', 'total_value': '€5.13bn', 'competition_type': 'first_tier', 'competition_name': 'Bundesliga', 'href': '/bundesliga/startseite/wettbewerb/L1', 'seasoned_href': 'https://www.transfermarkt.co.uk/bundesliga/startseite/wettbewerb/L1/plus/0?saison_id=2021'}",,25,28.2,9,36.0 %,5,Europa-Park Stadion,34700,-2650000.0,Christian Streich,/christian-streich/profil/trainer/2989,https://tmssl.akamaized.net//images/wappen/head/60.png?lm=1517249279,,sc-freiburg,SC Freiburg,2021-bundesliga,2021,bundesliga,Bundesliga,Germany,€5.13bn,first_tier,5130000000.0,36.0
club,/tsg-1899-hoffenheim/startseite/verein/533,"{'type': 'competition', 'country_id': '40', 'country_name': 'Germany', 'country_code': 'L1', 'total_clubs': '18', 'total_players': '515', 'average_age': '26.1', 'foreigner_percentage': '59.0 %', 'average_market_value': '\n', 'total_value': '€5.13bn', 'competition_type': 'first_tier', 'competition_name': 'Bundesliga', 'href': '/bundesliga/startseite/wettbewerb/L1', 'seasoned_href': 'https://www.transfermarkt.co.uk/bundesliga/startseite/wettbewerb/L1/plus/0?saison_id=2021'}",,29,25.6,20,69.0 %,11,PreZero Arena,30150,1350000.0,Sebastian Hoeneß,/sebastian-hoeness/profil/trainer/20940,https://tmssl.akamaized.net//images/wappen/head/533.png?lm=1675591766,,tsg-1899-hoffenheim,TSG 1899 Hoffenheim,2021-bundesliga,2021,bundesliga,Bundesliga,Germany,€5.13bn,first_tier,5130000000.0,69.0
club,/bayer-04-leverkusen/startseite/verein/15,"{'type': 'competition', 'country_id': '40', 'country_name': 'Germany', 'country_code': 'L1', 'total_clubs': '18', 'total_players': '515', 'average_age': '26.1', 'foreigner_percentage': '59.0 %', 'average_market_value': '\n', 'total_value': '€5.13bn', 'competition_type': 'first_tier', 'competition_name': 'Bundesliga', 'href': '/bundesliga/startseite/wettbewerb/L1', 'seasoned_href': 'https://www.transfermarkt.co.uk/bundesliga/startseite/wettbewerb/L1/plus/0?saison_id=2021'}",,27,26.7,21,77.8 %,12,BayArena,30210,31700000.0,Gerardo Seoane,/gerardo-seoane/profil/trainer/23817,https://tmssl.akamaized.net//images/wappen/head/15.png?lm=1710156317,,bayer-04-leverkusen,Bayer 04 Leverkusen,2021-bundesliga,2021,bundesliga,Bundesliga,Germany,€5.13bn,first_tier,5130000000.0,77.8
club,/borussia-monchengladbach/startseite/verein/18,"{'type': 'competition', 'country_id': '40', 'country_name': 'Germany', 'country_code': 'L1', 'total_clubs': '18', 'total_players': '515', 'average_age': '26.1', 'foreigner_percentage': '59.0 %', 'average_market_value': '\n', 'total_value': '€5.13bn', 'competition_type': 'first_tier', 'competition_name': 'Bundesliga', 'href': '/bundesliga/startseite/wettbewerb/L1', 'seasoned_href': 'https://www.transfermarkt.co.uk/bundesliga/startseite/wettbewerb/L1/plus/0?saison_id=2021'}",,28,26.1,15,53.6 %,9,Stadion im Borussia-Park,54042,10750000.0,Adi Hütter,/adi-hutter/profil/trainer/5018,https://tmssl.akamaized.net//images/wappen/head/18.png?lm=1656585796,,borussia-monchengladbach,Borussia Mönchengladbach,2021-bundesliga,2021,bundesliga,Bundesliga,Germany,€5.13bn,first_tier,5130000000.0,53.6
club,/vfb-stuttgart/startseite/verein/79,"{'type': 'competition', 'country_id': '40', 'country_name': 'Germany', 'country_code': 'L1', 'total_clubs': '18', 'total_players': '515', 'average_age': '26.1', 'foreigner_percentage': '59.0 %', 'average_market_value': '\n', 'total_value': '€5.13bn', 'competition_type': 'first_tier', 'competition_name': 'Bundesliga', 'href': '/bundesliga/startseite/wettbewerb/L1', 'seasoned_href': 'https://www.transfermarkt.co.uk/bundesliga/startseite/wettbewerb/L1/plus/0?saison_id=2021'}",,30,25.0,14,46.7 %,14,MHPArena Stuttgart,60449,57050000.0,Pellegrino Matarazzo,/pellegrino-matarazzo/profil/trainer/10906,https://tmssl.akamaized.net//images/wappen/head/79.png?lm=1680587427,,vfb-stuttgart,VfB Stuttgart,2021-bundesliga,2021,bundesliga,Bundesliga,Germany,€5.13bn,first_tier,5130000000.0,46.7
club,/rasenballsport-leipzig/startseite/verein/23826,"{'type': 'competition', 'country_id': '40', 'country_name': 'Germany', 'country_code': 'L1', 'total_clubs': '18', 'total_players': '515', 'average_age': '26.1', 'foreigner_percentage': '59.0 %', 'average_market_value': '\n', 'total_value': '€5.13bn', 'competition_type': 'first_tier', 'competition_name': 'Bundesliga', 'href': '/bundesliga/startseite/wettbewerb/L1', 'seasoned_href': 'https://www.transfermarkt.co.uk/bundesliga/startseite/wettbewerb/L1/plus/0?saison_id=2021'}",,28,24.3,19,67.9 %,12,Red Bull Arena,47069,38050000.0,Jesse Marsch,/jesse-marsch/profil/trainer/17275,https://tmssl.akamaized.net//images/wappen/head/23826.png?lm=1619431624,,rasenballsport-leipzig,RB Leipzig,2021-bundesliga,2021,bundesliga,Bundesliga,Germany,€5.13bn,first_tier,5130000000.0,67.9
club,/fc-bayern-munchen/startseite/verein/27,"{'type': 'competition', 'country_id': '40', 'country_name': 'Germany', 'country_code': 'L1', 'total_clubs': '18', 'total_players': '515', 'average_age': '26.1', 'foreigner_percentage': '59.0 %', 'average_market_value': '\n', 'total_value': '€5.13bn', 'competition_type': 'first_tier', 'competition_name': 'Bundesliga', 'href': '/bundesliga/startseite/wettbewerb/L1', 'seasoned_href': 'https://www.transfermarkt.co.uk/bundesliga/startseite/wettbewerb/L1/plus/0?saison_id=2021'}",,25,27.1,13,52.0 %,20,Allianz Arena,75000,12900000.0,Julian Nagelsmann,/julian-nagelsmann/profil/trainer/8402,https://tmssl.akamaized.net//images/wappen/head/27.png?lm=1729503608,,fc-bayern-munchen,Bayern Munich,2021-bundesliga,2021,bundesliga,Bundesliga,Germany,€5.13bn,first_tier,5130000000.0,52.0
club,/eintracht-frankfurt/startseite/verein/24,"{'type': 'competition', 'country_id': '40', 'country_name': 'Germany', 'country_code': 'L1', 'total_clubs': '18', 'total_players': '515', 'average_age': '26.1', 'foreigner_percentage': '59.0 %', 'average_market_value': '\n', 'total_value': '€5.13bn', 'competition_type': 'first_tier', 'competition_name': 'Bundesliga', 'href': '/bundesliga/startseite/wettbewerb/L1', 'seasoned_href': 'https://www.transfermarkt.co.uk/bundesliga/startseite/wettbewerb/L1/plus/0?saison_id=2021'}",,29,25.7,19,65.5 %,14,Deutsche Bank Park,59500,53400000.0,Oliver Glasner,/oliver-glasner/profil/trainer/22891,https://tmssl.akamaized.net//images/wappen/head/24.png?lm=1700074979,,eintracht-frankfurt,Eintracht Frankfurt,2021-bundesliga,2021,bundesliga,Bundesliga,Germany,€5.13bn,first_tier,5130000000.0,65.5
club,/vfl-wolfsburg/startseite/verein/82,"{'type': 'competition', 'country_id': '40', 'country_name': 'Germany', 'country_code': 'L1', 'total_clubs': '18', 'total_players': '515', 'average_age': '26.1', 'foreigner_percentage': '59.0 %', 'average_market_value': '\n', 'total_value': '€5.13bn', 'competition_type': 'first_tier', 'competition_name': 'Bundesliga', 'href': '/bundesliga/startseite/wettbewerb/L1', 'seasoned_href': 'https://www.transfermarkt.co.uk/bundesliga/startseite/wettbewerb/L1/plus/0?saison_id=2021'}",,33,25.6,24,72.7 %,15,Volkswagen Arena,28917,-30980000.0,Mark van Bommel,/mark-van-bommel/profil/trainer/33479,https://tmssl.akamaized.net//images/wappen/head/82.png?lm=1778348110,,vfl-wolfsburg,VfL Wolfsburg,2021-bundesliga,2021,bundesliga,Bundesliga,Germany,€5.13bn,first_tier,5130000000.0,72.7
club,/borussia-dortmund/startseite/verein/16,"{'type': 'competition', 'country_id': '40', 'country_name': 'Germany', 'country_code': 'L1', 'total_clubs': '18', 'total_players': '515', 'average_age': '26.1', 'foreigner_percentage': '59.0 %', 'average_market_value': '\n', 'total_value': '€5.13bn', 'competition_type': 'first_tier', 'competition_name': 'Bundesliga', 'href': '/bundesliga/startseite/wettbewerb/L1', 'seasoned_href': 'https://www.transfermarkt.co.uk/bundesliga/startseite/wettbewerb/L1/plus/0?saison_id=2021'}",,26,26.5,14,53.8 %,16,SIGNAL IDUNA PARK,81365,-23200000.0,Marco Rose,/marco-rose/profil/trainer/24197,https://tmssl.akamaized.net//images/wappen/head/16.png?lm=1396275280,,borussia-dortmund,Borussia Dortmund,2021-bundesliga,2021,bundesliga,Bundesliga,Germany,€5.13bn,first_tier,5130000000.0,53.8
club,/1-fc-koln/startseite/verein/3,"{'type': 'competition', 'country_id': '40', 'country_name': 'Germany', 'country_code': 'L1', 'total_clubs': '18', 'total_players': '515', 'average_age': '26.1', 'foreigner_percentage': '59.0 %', 'average_market_value': '\n', 'total_value': '€5.13bn', 'competition_type': 'first_tier', 'competition_name': 'Bundesliga', 'href': '/bundesliga/startseite/wettbewerb/L1', 'seasoned_href': 'https://www.transfermarkt.co.uk/bundesliga/startseite/wettbewerb/L1/plus/0?saison_id=2021'}",,30,26.0,12,40.0 %,5,RheinEnergieSTADION,50000,-12130000.0,Steffen Baumgart,/steffen-baumgart/profil/trainer/9622,https://tmssl.akamaized.net//images/wappen/head/3.png?lm=1656580823,,1-fc-koln,1.FC Köln,2021-bundesliga,2021,bundesliga,Bundesliga,Germany,€5.13bn,first_tier,5130000000.0,40.0
club,/arminia-bielefeld/startseite/verein/10,"{'type': 'competition', 'country_id': '40', 'country_name': 'Germany', 'country_code': 'L1', 'total_clubs': '18', 'total_players': '515', 'average_age': '26.1', 'foreigner_percentage': '59.0 %', 'average_market_value': '\n', 'total_value': '€5.13bn', 'competition_type': 'first_tier', 'competition_name': 'Bundesliga', 'href': '/bundesliga/startseite/wettbewerb/L1', 'seasoned_href': 'https://www.transfermarkt.co.uk/bundesliga/startseite/wettbewerb/L1/plus/0?saison_id=2021'}",,29,26.1,6,20.7 %,1,SchücoArena,26750,-900000.0,Frank Kramer,/frank-kramer/profil/trainer/6088,https://tmssl.akamaized.net//images/wappen/head/10.png?lm=1629204733,,arminia-bielefeld,Arminia Bielefeld,2021-bundesliga,2021,bundesliga,Bundesliga,Germany,€5.13bn,first_tier,5130000000.0,20.7
club,/fc-augsburg/startseite/verein/167,"{'type': 'competition', 'country_id': '40', 'country_name': 'Germany', 'country_code': 'L1', 'total_clubs': '18', 'total_players': '515', 'average_age': '26.1', 'foreigner_percentage': '59.0 %', 'average_market_value': '\n', 'total_value': '€5.13bn', 'competition_type': 'first_tier', 'competition_name': 'Bundesliga', 'href': '/bundesliga/startseite/wettbewerb/L1', 'seasoned_href': 'https://www.transfermarkt.co.uk/bundesliga/startseite/wettbewerb/L1/plus/0?saison_id=2021'}",,29,25.7,19,65.5 %,8,WWK ARENA,30660,-8450000.0,Markus Weinzierl,/markus-weinzierl/profil/trainer/8513,https://tmssl.akamaized.net//images/wappen/head/167.png?lm=1656582897,,fc-augsburg,FC Augsburg,2021-bundesliga,2021,bundesliga,Bundesliga,Germany,€5.13bn,first_tier,5130000000.0,65.5
club,/1-fc-union-berlin/startseite/verein/89,"{'type': 'competition', 'country_id': '40', 'country_name': 'Germany', 'country_code': 'L1', 'total_clubs': '18', 'total_players': '515', 'average_age': '26.1', 'foreigner_percentage': '59.0 %', 'average_market_value': '\n', 'total_value': '€5.13bn', 'competition_type': 'first_tier', 'competition_name': 'Bundesliga', 'href': '/bundesliga/startseite/wettbewerb/L1', 'seasoned_href': 'https://www.transfermarkt.co.uk/bundesliga/startseite/wettbewerb/L1/plus/0?saison_id=2021'}",,26,27.2,17,65.4 %,8,Stadion An der Alten Försterei,22012,300000.0,Urs Fischer,/urs-fischer/profil/trainer/5965,https://tmssl.akamaized.net//images/wappen/head/89.png?lm=1402956210,,1-fc-union-berlin,1.FC Union Berlin,2021-bundesliga,2021,bundesliga,Bundesliga,Germany,€5.13bn,first_tier,5130000000.0,65.4
club,/hertha-bsc/startseite/verein/44,"{'type': 'competition', 'country_id': '40', 'country_name': 'Germany', 'country_code': 'L1', 'total_clubs': '18', 'total_players': '515', 'average_age': '26.1', 'foreigner_percentage': '59.0 %', 'average_market_value': '\n', 'total_value': '€5.13bn', 'competition_type': 'first_tier', 'competition_name': 'Bundesliga', 'href': '/bundesliga/startseite/wettbewerb/L1', 'seasoned_href': 'https://www.transfermarkt.co.uk/bundesliga/startseite/wettbewerb/L1/plus/0?saison_id=2021'}",,30,26.1,8,26.7 %,1,Olympiastadion Berlin,74667,13550000.0,Pál Dárdai,/pal-dardai/profil/trainer/23118,https://tmssl.akamaized.net//images/wappen/head/44.png?lm=1656580875,,hertha-bsc,Hertha BSC,2021-bundesliga,2021,bundesliga,Bundesliga,Germany,€5.13bn,first_tier,5130000000.0,26.7
club,/spvgg-greuther-furth/startseite/verein/65,"{'type': 'competition', 'country_id': '40', 'country_name': 'Germany', 'country_code': 'L1', 'total_clubs': '18', 'total_players': '515', 'average_age': '26.1', 'foreigner_percentage': '59.0 %', 'average_market_value': '\n', 'total_value': '€5.13bn', 'competition_type': 'first_tier', 'competition_name': 'Bundesliga', 'href': '/bundesliga/startseite/wettbewerb/L1', 'seasoned_href': 'https://www.transfermarkt.co.uk/bundesliga/startseite/wettbewerb/L1/plus/0?saison_id=2021'}",,32,25.6,14,43.8 %,3,Sportpark Ronhof | Thomas Sommer,16626,-1420000.0,Stefan Leitl,/stefan-leitl/profil/trainer/28936,https://tmssl.akamaized.net//images/wappen/head/65.png?lm=1503682935,,spvgg-greuther-furth,SpVgg Greuther Fürth,2021-bundesliga,2021,bundesliga,Bundesliga,Germany,€5.13bn,first_tier,5130000000.0,43.8
club,/vfl-bochum/startseite/verein/80,"{'type': 'competition', 'country_id': '40', 'country_name': 'Germany', 'country_code': 'L1', 'total_clubs': '18', 'total_players': '515', 'average_age': '26.1', 'foreigner_percentage': '59.0 %', 'average_market_value': '\n', 'total_value': '€5.13bn', 'competition_type': 'first_tier', 'competition_name': 'Bundesliga', 'href': '/bundesliga/startseite/wettbewerb/L1', 'seasoned_href': 'https://www.transfermarkt.co.uk/bundesliga/startseite/wettbewerb/L1/plus/0?saison_id=2021'}",,29,25.8,9,31.0 %,3,Vonovia Ruhrstadion,26000,5900000.0,Thomas Reis,/thomas-reis/profil/trainer/19735,https://tmssl.akamaized.net//images/wappen/head/80.png?lm=1656583090,,vfl-bochum,VfL Bochum,2021-bundesliga,2021,bundesliga,Bundesliga,Germany,€5.13bn,first_tier,5130000000.0,31.0
club,/1-fsv-mainz-05/startseite/verein/39,"{'type': 'competition', 'country_id': '40', 'country_name': 'Germany', 'country_code': 'L1', 'total_clubs': '18', 'total_players': '515', 'average_age': '26.1', 'foreigner_percentage': '59.0 %', 'average_market_value': '\n', 'total_value': '€5.13bn', 'competition_type': 'first_tier', 'competition_name': 'Bundesliga', 'href': '/bundesliga/startseite/wettbewerb/L1', 'seasoned_href': 'https://www.transfermarkt.co.uk/bundesliga/startseite/wettbewerb/L1/plus/0?saison_id=2021'}",,31,27.4,15,48.4 %,10,Mewa Arena,33305,5730000.0,Bo Svensson,/bo-svensson/profil/trainer/35997,https://tmssl.akamaized.net//images/wappen/head/39.png?lm=1564748880,,1-fsv-mainz-05,1.FSV Mainz 05,2021-bundesliga,2021,bundesliga,Bundesliga,Germany,€5.13bn,first_tier,5130000000.0,48.4
club,/oud-heverlee-leuven/startseite/verein/2727,"{'type': 'competition', 'country_id': '19', 'country_name': 'Belgium', 'country_code': 'BE1', 'total_clubs': '16', 'total_players': '454', 'average_age': '24.7', 'foreigner_percentage': '62.6 %', 'average_market_value': None, 'total_value': '€1.13bn', 'competition_type': 'first_tier', 'competition_name': 'Jupiler Pro League', 'href': '/jupiler-pro-league/startseite/wettbewerb/BE1', 'seasoned_href': 'https://www.transfermarkt.co.uk/jupiler-pro-league/startseite/wettbewerb/BE1/plus/0?saison_id=2021'}",,28,26.0,14,50.0 %,1,King Power at Den Dreef Stadion,9809,14450000.0,Marc Brys,/marc-brys/profil/trainer/1010,https://tmssl.akamaized.net//images/wappen/head/2727.png?lm=1723796027,,oud-heverlee-leuven,Oud-Heverlee Leuven,2021-jupiler-pro-league,2021,jupiler-pro-league,Jupiler Pro League,Belgium,€1.13bn,first_tier,1130000000.0,50.0
club,/rsc-anderlecht/startseite/verein/58,"{'type': 'competition', 'country_id': '19', 'country_name': 'Belgium', 'country_code': 'BE1', 'total_clubs': '16', 'total_players': '454', 'average_age': '24.7', 'foreigner_percentage': '62.6 %', 'average_market_value': None, 'total_value': '€1.13bn', 'competition_type': 'first_tier', 'competition_name': 'Jupiler Pro League', 'href': '/jupiler-pro-league/startseite/wettbewerb/BE1', 'seasoned_href': 'https://www.transfermarkt.co.uk/jupiler-pro-league/startseite/wettbewerb/BE1/plus/0?saison_id=2021'}",,30,24.6,20,66.7 %,7,Lotto Park,21900,14190000.0,Vincent Kompany,/vincent-kompany/profil/trainer/69681,https://tmssl.akamaized.net//images/wappen/head/58.png?lm=1718695206,,rsc-anderlecht,RSC Anderlecht,2021-jupiler-pro-league,2021,jupiler-pro-league,Jupiler Pro League,Belgium,€1.13bn,first_tier,1130000000.0,66.7
club,/royale-union-saint-gilloise/startseite/verein/3948,"{'type': 'competition', 'country_id': '19', 'country_name': 'Belgium', 'country_code': 'BE1', 'total_clubs': '16', 'total_players': '454', 'average_age': '24.7', 'foreigner_percentage': '62.6 %', 'average_market_value': None, 'total_value': '€1.13bn', 'competition_type': 'first_tier', 'competition_name': 'Jupiler Pro League', 'href': '/jupiler-pro-league/startseite/wettbewerb/BE1', 'seasoned_href': 'https://www.transfermarkt.co.uk/jupiler-pro-league/startseite/wettbewerb/BE1/plus/0?saison_id=2021'}",,27,25.3,18,66.7 %,7,Stade Joseph Mariën,9512,48460000.0,Felice Mazzù,/felice-mazzu/profil/trainer/7843,https://tmssl.akamaized.net//images/wappen/head/3948.png?lm=1624390507,,royale-union-saint-gilloise,Union Saint-Gilloise,2021-jupiler-pro-league,2021,jupiler-pro-league,Jupiler Pro League,Belgium,€1.13bn,first_tier,1130000000.0,66.7
club,/krc-genk/startseite/verein/1184,"{'type': 'competition', 'country_id': '19', 'country_name': 'Belgium', 'country_code': 'BE1', 'total_clubs': '16', 'total_players': '454', 'average_age': '24.7', 'foreigner_percentage': '62.6 %', 'average_market_value': None, 'total_value': '€1.13bn', 'competition_type': 'first_tier', 'competition_name': 'Jupiler Pro League', 'href': '/jupiler-pro-league/startseite/wettbewerb/BE1', 'seasoned_href': 'https://www.transfermarkt.co.uk/jupiler-pro-league/startseite/wettbewerb/BE1/plus/0?saison_id=2021'}",,27,23.8,14,51.9 %,9,Cegeka Arena,23718,41300000.0,John van den Brom,/john-van-den-brom/profil/trainer/1886,https://tmssl.akamaized.net//images/wappen/head/1184.png?lm=1717666245,,krc-genk,KRC Genk,2021-jupiler-pro-league,2021,jupiler-pro-league,Jupiler Pro League,Belgium,€1.13bn,first_tier,1130000000.0,51.9
club,/kaa-gent/startseite/verein/157,"{'type': 'competition', 'country_id': '19', 'country_name': 'Belgium', 'country_code': 'BE1', 'total_clubs': '16', 'total_players': '454', 'average_age': '24.7', 'foreigner_percentage': '62.6 %', 'average_market_value': None, 'total_value': '€1.13bn', 'competition_type': 'first_tier', 'competition_name': 'Jupiler Pro League', 'href': '/jupiler-pro-league/startseite/wettbewerb/BE1', 'seasoned_href': 'https://www.transfermarkt.co.uk/jupiler-pro-league/startseite/wettbewerb/BE1/plus/0?saison_id=2021'}",,30,24.2,18,60.0 %,6,Planet Group arena,20185,17850000.0,Hein Vanhaezebrouck,/hein-vanhaezebrouck/profil/trainer/14472,https://tmssl.akamaized.net//images/wappen/head/157.png?lm=1715694765,,kaa-gent,KAA Gent,2021-jupiler-pro-league,2021,jupiler-pro-league,Jupiler Pro League,Belgium,€1.13bn,first_tier,1130000000.0,60.0
club,/fc-brugge/startseite/verein/2282,"{'type': 'competition', 'country_id': '19', 'country_name': 'Belgium', 'country_code': 'BE1', 'total_clubs': '16', 'total_players': '454', 'average_age': '24.7', 'foreigner_percentage': '62.6 %', 'average_market_value': None, 'total_value': '€1.13bn', 'competition_type': 'first_tier', 'competition_name': 'Jupiler Pro League', 'href': '/jupiler-pro-league/startseite/wettbewerb/BE1', 'seasoned_href': 'https://www.transfermarkt.co.uk/jupiler-pro-league/startseite/wettbewerb/BE1/plus/0?saison_id=2021'}",,28,24.3,16,57.1 %,12,Jan Breydelstadion,29062,49000000.0,Philippe Clement,/philippe-clement/profil/trainer/26691,https://tmssl.akamaized.net//images/wappen/head/2282.png?lm=1716279106,,fc-brugge,Club Brugge KV,2021-jupiler-pro-league,2021,jupiler-pro-league,Jupiler Pro League,Belgium,€1.13bn,first_tier,1130000000.0,57.1
club,/royal-antwerpen-fc/startseite/verein/1096,"{'type': 'competition', 'country_id': '19', 'country_name': 'Belgium', 'country_code': 'BE1', 'total_clubs': '16', 'total_players': '454', 'average_age': '24.7', 'foreigner_percentage': '62.6 %', 'average_market_value': None, 'total_value': '€1.13bn', 'competition_type': 'first_tier', 'competition_name': 'Jupiler Pro League', 'href': '/jupiler-pro-league/startseite/wettbewerb/BE1', 'seasoned_href': 'https://www.transfermarkt.co.uk/jupiler-pro-league/startseite/wettbewerb/BE1/plus/0?saison_id=2021'}",,32,24.4,17,53.1 %,5,Bosuilstadion,21000,42750000.0,Brian Priske,/brian-priske/profil/trainer/19874,https://tmssl.akamaized.net//images/wappen/head/1096.png?lm=1623758865,,royal-antwerpen-fc,Royal Antwerp FC,2021-jupiler-pro-league,2021,jupiler-pro-league,Jupiler Pro League,Belgium,€1.13bn,first_tier,1130000000.0,53.1
club,/rsc-charleroi/startseite/verein/172,"{'type': 'competition', 'country_id': '19', 'country_name': 'Belgium', 'country_code': 'BE1', 'total_clubs': '16', 'total_players': '454', 'average_age': '24.7', 'foreigner_percentage': '62.6 %', 'average_market_value': None, 'total_value': '€1.13bn', 'competition_type': 'first_tier', 'competition_name': 'Jupiler Pro League', 'href': '/jupiler-pro-league/startseite/wettbewerb/BE1', 'seasoned_href': 'https://www.transfermarkt.co.uk/jupiler-pro-league/startseite/wettbewerb/BE1/plus/0?saison_id=2021'}",,27,24.8,17,63.0 %,5,Stade du Pays de Charleroi,14968,12960000.0,Edward Still,/edward-still/profil/trainer/54039,https://tmssl.akamaized.net//images/wappen/head/172.png?lm=1448474590,,rsc-charleroi,Royal Charleroi SC,2021-jupiler-pro-league,2021,jupiler-pro-league,Jupiler Pro League,Belgium,€1.13bn,first_tier,1130000000.0,63.0
club,/kv-mechelen/startseite/verein/354,"{'type': 'competition', 'country_id': '19', 'country_name': 'Belgium', 'country_code': 'BE1', 'total_clubs': '16', 'total_players': '454', 'average_age': '24.7', 'foreigner_percentage': '62.6 %', 'average_market_value': None, 'total_value': '€1.13bn', 'competition_type': 'first_tier', 'competition_name': 'Jupiler Pro League', 'href': '/jupiler-pro-league/startseite/wettbewerb/BE1', 'seasoned_href': 'https://www.transfermarkt.co.uk/jupiler-pro-league/startseite/wettbewerb/BE1/plus/0?saison_id=2021'}",,29,23.5,19,65.5 %,4,Achter de Kazerne,16672,5630000.0,Wouter Vrancken,/wouter-vrancken/profil/trainer/49546,https://tmssl.akamaized.net//images/wappen/head/354.png?lm=1693258903,,kv-mechelen,KV Mechelen,2021-jupiler-pro-league,2021,jupiler-pro-league,Jupiler Pro League,Belgium,€1.13bn,first_tier,1130000000.0,65.5
club,/kv-oostende/startseite/verein/2861,"{'type': 'competition', 'country_id': '19', 'country_name': 'Belgium', 'country_code': 'BE1', 'total_clubs': '16', 'total_players': '454', 'average_age': '24.7', 'foreigner_percentage': '62.6 %', 'average_market_value': None, 'total_value': '€1.13bn', 'competition_type': 'first_tier', 'competition_name': 'Jupiler Pro League', 'href': '/jupiler-pro-league/startseite/wettbewerb/BE1', 'seasoned_href': 'https://www.transfermarkt.co.uk/jupiler-pro-league/startseite/wettbewerb/BE1/plus/0?saison_id=2021'}",,0,0.0,,,0,Diaz Arena,8432,-0.0,Alexander Blessin,/alexander-blessin/profil/trainer/26099,https://tmssl.akamaized.net//images/wappen/head/2861.png?lm=1625231721,,kv-oostende,KV Oostende (-2024),2021-jupiler-pro-league,2021,jupiler-pro-league,Jupiler Pro League,Belgium,€1.13bn,first_tier,1130000000.0,0.0
club,/kas-eupen/startseite/verein/1245,"{'type': 'competition', 'country_id': '19', 'country_name': 'Belgium', 'country_code': 'BE1', 'total_clubs': '16', 'total_players': '454', 'average_age': '24.7', 'foreigner_percentage': '62.6 %', 'average_market_value': None, 'total_value': '€1.13bn', 'competition_type': 'first_tier', 'competition_name': 'Jupiler Pro League', 'href': '/jupiler-pro-league/startseite/wettbewerb/BE1', 'seasoned_href': 'https://www.transfermarkt.co.uk/jupiler-pro-league/startseite/wettbewerb/BE1/plus/0?saison_id=2021'}",,31,25.3,20,64.5 %,1,Kehrweg-Stadion,8363,-0.0,Stefan Krämer,/stefan-kramer/profil/trainer/4744,https://tmssl.akamaized.net//images/wappen/head/1245.png?lm=1464260524,,kas-eupen,KAS Eupen,2021-jupiler-pro-league,2021,jupiler-pro-league,Jupiler Pro League,Belgium,€1.13bn,first_tier,1130000000.0,64.5
club,/cercle-brugge/startseite/verein/520,"{'type': 'competition', 'country_id': '19', 'country_name': 'Belgium', 'country_code': 'BE1', 'total_clubs': '16', 'total_players': '454', 'average_age': '24.7', 'foreigner_percentage': '62.6 %', 'average_market_value': None, 'total_value': '€1.13bn', 'competition_type': 'first_tier', 'competition_name': 'Jupiler Pro League', 'href': '/jupiler-pro-league/startseite/wettbewerb/BE1', 'seasoned_href': 'https://www.transfermarkt.co.uk/jupiler-pro-league/startseite/wettbewerb/BE1/plus/0?saison_id=2021'}",,26,23.4,18,69.2 %,2,Jan Breydelstadion,29062,10450000.0,Yves Vanderhaeghe,/yves-vanderhaeghe/profil/trainer/6744,https://tmssl.akamaized.net//images/wappen/head/520.png?lm=1713864588,,cercle-brugge,Cercle Brugge,2021-jupiler-pro-league,2021,jupiler-pro-league,Jupiler Pro League,Belgium,€1.13bn,first_tier,1130000000.0,69.2
club,/kv-kortrijk/startseite/verein/601,"{'type': 'competition', 'country_id': '19', 'country_name': 'Belgium', 'country_code': 'BE1', 'total_clubs': '16', 'total_players': '454', 'average_age': '24.7', 'foreigner_percentage': '62.6 %', 'average_market_value': None, 'total_value': '€1.13bn', 'competition_type': 'first_tier', 'competition_name': 'Jupiler Pro League', 'href': '/jupiler-pro-league/startseite/wettbewerb/BE1', 'seasoned_href': 'https://www.transfermarkt.co.uk/jupiler-pro-league/startseite/wettbewerb/BE1/plus/0?saison_id=2021'}",,27,25.3,14,51.9 %,2,Guldensporenstadion,9399,4000000.0,Luka Elsner,/luka-elsner/profil/trainer/23576,https://tmssl.akamaized.net//images/wappen/head/601.png?lm=1534260191,,kv-kortrijk,KV Kortrijk,2021-jupiler-pro-league,2021,jupiler-pro-league,Jupiler Pro League,Belgium,€1.13bn,first_tier,1130000000.0,51.9
club,/vv-st-truiden/startseite/verein/475,"{'type': 'competition', 'country_id': '19', 'country_name': 'Belgium', 'country_code': 'BE1', 'total_clubs': '16', 'total_players': '454', 'average_age': '24.7', 'foreigner_percentage': '62.6 %', 'average_market_value': None, 'total_value': '€1.13bn', 'competition_type': 'first_tier', 'competition_name': 'Jupiler Pro League', 'href': '/jupiler-pro-league/startseite/wettbewerb/BE1', 'seasoned_href': 'https://www.transfermarkt.co.uk/jupiler-pro-league/startseite/wettbewerb/BE1/plus/0?saison_id=2021'}",,26,25.6,18,69.2 %,4,Daio Wasabi Stayen Stadium,11337,6200000.0,Bernd Hollerbach,/bernd-hollerbach/profil/trainer/3272,https://tmssl.akamaized.net//images/wappen/head/475.png?lm=1448474474,,vv-st-truiden,Sint-Truidense VV,2021-jupiler-pro-league,2021,jupiler-pro-league,Jupiler Pro League,Belgium,€1.13bn,first_tier,1130000000.0,69.2
club,/rfc-seraing/startseite/verein/2715,"{'type': 'competition', 'country_id': '19', 'country_name': 'Belgium', 'country_code': 'BE1', 'total_clubs': '16', 'total_players': '454', 'average_age': '24.7', 'foreigner_percentage': '62.6 %', 'average_market_value': None, 'total_value': '€1.13bn', 'competition_type': 'first_tier', 'competition_name': 'Jupiler Pro League', 'href': '/jupiler-pro-league/startseite/wettbewerb/BE1', 'seasoned_href': 'https://www.transfermarkt.co.uk/jupiler-pro-league/startseite/wettbewerb/BE1/plus/0?saison_id=2021'}",,29,22.8,17,58.6 %,1,Stade du Paray,7412,185000.0,Jordi Condom,/jordi-condom/profil/trainer/24730,https://tmssl.akamaized.net//images/wappen/head/2715.png?lm=1495287150,,rfc-seraing,RFC Seraing,2021-jupiler-pro-league,2021,jupiler-pro-league,Jupiler Pro League,Belgium,€1.13bn,first_tier,1130000000.0,58.6
club,/beerschot-v-a-/startseite/verein/41274,"{'type': 'competition', 'country_id': '19', 'country_name': 'Belgium', 'country_code': 'BE1', 'total_clubs': '16', 'total_players': '454', 'average_age': '24.7', 'foreigner_percentage': '62.6 %', 'average_market_value': None, 'total_value': '€1.13bn', 'competition_type': 'first_tier', 'competition_name': 'Jupiler Pro League', 'href': '/jupiler-pro-league/startseite/wettbewerb/BE1', 'seasoned_href': 'https://www.transfermarkt.co.uk/jupiler-pro-league/startseite/wettbewerb/BE1/plus/0?saison_id=2021'}",,32,26.4,20,62.5 %,2,Olympisch Stadion,12771,1150000.0,Peter Maes,/peter-maes/profil/trainer/3249,https://tmssl.akamaized.net//images/wappen/head/41274.png?lm=1568728391,,beerschot-v-a-,Beerschot VA,2021-jupiler-pro-league,2021,jupiler-pro-league,Jupiler Pro League,Belgium,€1.13bn,first_tier,1130000000.0,62.5
club,/sv-zulte-waregem/startseite/verein/3508,"{'type': 'competition', 'country_id': '19', 'country_name': 'Belgium', 'country_code': 'BE1', 'total_clubs': '16', 'total_players': '454', 'average_age': '24.7', 'foreigner_percentage': '62.6 %', 'average_market_value': None, 'total_value': '€1.13bn', 'competition_type': 'first_tier', 'competition_name': 'Jupiler Pro League', 'href': '/jupiler-pro-league/startseite/wettbewerb/BE1', 'seasoned_href': 'https://www.transfermarkt.co.uk/jupiler-pro-league/startseite/wettbewerb/BE1/plus/0?saison_id=2021'}",,31,24.4,17,54.8 %,1,Elindus Arena,12698,9670000.0,Francky Dury,/francky-dury/profil/trainer/1848,https://tmssl.akamaized.net//images/wappen/head/3508.png?lm=1420103130,,sv-zulte-waregem,Zulte Waregem,2021-jupiler-pro-league,2021,jupiler-pro-league,Jupiler Pro League,Belgium,€1.13bn,first_tier,1130000000.0,54.8
club,/standard-luttich/startseite/verein/3057,"{'type': 'competition', 'country_id': '19', 'country_name': 'Belgium', 'country_code': 'BE1', 'total_clubs': '16', 'total_players': '454', 'average_age': '24.7', 'foreigner_percentage': '62.6 %', 'average_market_value': None, 'total_value': '€1.13bn', 'competition_type': 'first_tier', 'competition_name': 'Jupiler Pro League', 'href': '/jupiler-pro-league/startseite/wettbewerb/BE1', 'seasoned_href': 'https://www.transfermarkt.co.uk/jupiler-pro-league/startseite/wettbewerb/BE1/plus/0?saison_id=2021'}",,31,26.4,21,67.7 %,6,Maurice Dufrasne Stadion,27221,400000.0,Mbaye Leye,/mbaye-leye/profil/trainer/70135,https://tmssl.akamaized.net//images/wappen/head/3057.png?lm=1719832545,,standard-luttich,Standard Liège,2021-jupiler-pro-league,2021,jupiler-pro-league,Jupiler Pro League,Belgium,€1.13bn,first_tier,1130000000.0,67.7
club,/athletic-bilbao/startseite/verein/621,"{'type': 'competition', 'country_id': '157', 'country_name': 'Spain', 'country_code': 'ES1', 'total_clubs': '20', 'total_players': '522', 'average_age': '27.5', 'foreigner_percentage': '43.7 %', 'average_market_value': None, 'total_value': '€5.44bn', 'competition_type': 'first_tier', 'competition_name': 'LaLiga', 'href': '/laliga/startseite/wettbewerb/ES1', 'seasoned_href': 'https://www.transfermarkt.co.uk/laliga/startseite/wettbewerb/ES1/plus/0?saison_id=2021'}",,28,27.3,3,10.7 %,6,San Mamés,53289,-17800000.0,Marcelino,/marcelino/profil/trainer/5095,https://tmssl.akamaized.net//images/wappen/head/621.png?lm=1695069038,,athletic-bilbao,Athletic Bilbao,2021-laliga,2021,laliga,LaLiga,Spain,€5.44bn,first_tier,5440000000.0,10.7
club,/fc-barcelona/startseite/verein/131,"{'type': 'competition', 'country_id': '157', 'country_name': 'Spain', 'country_code': 'ES1', 'total_clubs': '20', 'total_players': '522', 'average_age': '27.5', 'foreigner_percentage': '43.7 %', 'average_market_value': None, 'total_value': '€5.44bn', 'competition_type': 'first_tier', 'competition_name': 'LaLiga', 'href': '/laliga/startseite/wettbewerb/ES1', 'seasoned_href': 'https://www.transfermarkt.co.uk/laliga/startseite/wettbewerb/ES1/plus/0?saison_id=2021'}",,25,25.6,11,44.0 %,19,Spotify Camp Nou,62657,3700000.0,Ronald Koeman,/ronald-koeman/profil/trainer/439,https://tmssl.akamaized.net//images/wappen/head/131.png?lm=1406739548,,fc-barcelona,FC Barcelona,2021-laliga,2021,laliga,LaLiga,Spain,€5.44bn,first_tier,5440000000.0,44.0
club,/fc-villarreal/startseite/verein/1050,"{'type': 'competition', 'country_id': '157', 'country_name': 'Spain', 'country_code': 'ES1', 'total_clubs': '20', 'total_players': '522', 'average_age': '27.5', 'foreigner_percentage': '43.7 %', 'average_market_value': None, 'total_value': '€5.44bn', 'competition_type': 'first_tier', 'competition_name': 'LaLiga', 'href': '/laliga/startseite/wettbewerb/ES1', 'seasoned_href': 'https://www.transfermarkt.co.uk/laliga/startseite/wettbewerb/ES1/plus/0?saison_id=2021'}",,27,26.6,13,48.1 %,11,La Cerámica,23500,2500000.0,Unai Emery,/unai-emery/profil/trainer/5075,https://tmssl.akamaized.net//images/wappen/head/1050.png?lm=1408655310,,fc-villarreal,Villarreal CF,2021-laliga,2021,laliga,LaLiga,Spain,€5.44bn,first_tier,5440000000.0,48.1
club,/atletico-madrid/startseite/verein/13,"{'type': 'competition', 'country_id': '157', 'country_name': 'Spain', 'country_code': 'ES1', 'total_clubs': '20', 'total_players': '522', 'average_age': '27.5', 'foreigner_percentage': '43.7 %', 'average_market_value': None, 'total_value': '€5.44bn', 'competition_type': 'first_tier', 'competition_name': 'LaLiga', 'href': '/laliga/startseite/wettbewerb/ES1', 'seasoned_href': 'https://www.transfermarkt.co.uk/laliga/startseite/wettbewerb/ES1/plus/0?saison_id=2021'}",,23,27.8,16,69.6 %,18,Riyadh Air Metropolitano,70460,-85450000.0,Diego Simeone,/diego-simeone/profil/trainer/2868,https://tmssl.akamaized.net//images/wappen/head/13.png?lm=1719915566,,atletico-madrid,Atlético de Madrid,2021-laliga,2021,laliga,LaLiga,Spain,€5.44bn,first_tier,5440000000.0,69.6
club,/fc-getafe/startseite/verein/3709,"{'type': 'competition', 'country_id': '157', 'country_name': 'Spain', 'country_code': 'ES1', 'total_clubs': '20', 'total_players': '522', 'average_age': '27.5', 'foreigner_percentage': '43.7 %', 'average_market_value': None, 'total_value': '€5.44bn', 'competition_type': 'first_tier', 'competition_name': 'LaLiga', 'href': '/laliga/startseite/wettbewerb/ES1', 'seasoned_href': 'https://www.transfermarkt.co.uk/laliga/startseite/wettbewerb/ES1/plus/0?saison_id=2021'}",,25,28.4,13,52.0 %,2,Coliseum,16800,10800000.0,Míchel,/michel/profil/trainer/9897,https://tmssl.akamaized.net//images/wappen/head/3709.png?lm=1408655116,,fc-getafe,Getafe CF,2021-laliga,2021,laliga,LaLiga,Spain,€5.44bn,first_tier,5440000000.0,52.0
club,/real-madrid/startseite/verein/418,"{'type': 'competition', 'country_id': '157', 'country_name': 'Spain', 'country_code': 'ES1', 'total_clubs': '20', 'total_players': '522', 'average_age': '27.5', 'foreigner_percentage': '43.7 %', 'average_market_value': None, 'total_value': '€5.44bn', 'competition_type': 'first_tier', 'competition_name': 'LaLiga', 'href': '/laliga/startseite/wettbewerb/ES1', 'seasoned_href': 'https://www.transfermarkt.co.uk/laliga/startseite/wettbewerb/ES1/plus/0?saison_id=2021'}",,29,25.8,17,58.6 %,17,Santiago Bernabéu,83186,-165500000.0,Carlo Ancelotti,/carlo-ancelotti/profil/trainer/523,https://tmssl.akamaized.net//images/wappen/head/418.png?lm=1729684474,,real-madrid,Real Madrid,2021-laliga,2021,laliga,LaLiga,Spain,€5.44bn,first_tier,5440000000.0,58.6
club,/real-betis-sevilla/startseite/verein/150,"{'type': 'competition', 'country_id': '157', 'country_name': 'Spain', 'country_code': 'ES1', 'total_clubs': '20', 'total_players': '522', 'average_age': '27.5', 'foreigner_percentage': '43.7 %', 'average_market_value': None, 'total_value': '€5.44bn', 'competition_type': 'first_tier', 'competition_name': 'LaLiga', 'href': '/laliga/startseite/wettbewerb/ES1', 'seasoned_href': 'https://www.transfermarkt.co.uk/laliga/startseite/wettbewerb/ES1/plus/0?saison_id=2021'}",,27,29.3,13,48.1 %,9,La Cartuja,71374,-875000.0,Manuel Pellegrini,/manuel-pellegrini/profil/trainer/1558,https://tmssl.akamaized.net//images/wappen/head/150.png?lm=1663358526,,real-betis-sevilla,Real Betis Balompié,2021-laliga,2021,laliga,LaLiga,Spain,€5.44bn,first_tier,5440000000.0,48.1
club,/real-sociedad-san-sebastian/startseite/verein/681,"{'type': 'competition', 'country_id': '157', 'country_name': 'Spain', 'country_code': 'ES1', 'total_clubs': '20', 'total_players': '522', 'average_age': '27.5', 'foreigner_percentage': '43.7 %', 'average_market_value': None, 'total_value': '€5.44bn', 'competition_type': 'first_tier', 'competition_name': 'LaLiga', 'href': '/laliga/startseite/wettbewerb/ES1', 'seasoned_href': 'https://www.transfermarkt.co.uk/laliga/startseite/wettbewerb/ES1/plus/0?saison_id=2021'}",,25,26.3,9,36.0 %,14,Anoeta,40000,63500000.0,Imanol Alguacil,/imanol-alguacil/profil/trainer/33333,https://tmssl.akamaized.net//images/wappen/head/681.png?lm=1614795530,,real-sociedad-san-sebastian,Real Sociedad,2021-laliga,2021,laliga,LaLiga,Spain,€5.44bn,first_tier,5440000000.0,36.0
club,/fc-valencia/startseite/verein/1049,"{'type': 'competition', 'country_id': '157', 'country_name': 'Spain', 'country_code': 'ES1', 'total_clubs': '20', 'total_players': '522', 'average_age': '27.5', 'foreigner_percentage': '43.7 %', 'average_market_value': None, 'total_value': '€5.44bn', 'competition_type': 'first_tier', 'competition_name': 'LaLiga', 'href': '/laliga/startseite/wettbewerb/ES1', 'seasoned_href': 'https://www.transfermarkt.co.uk/laliga/startseite/wettbewerb/ES1/plus/0?saison_id=2021'}",,27,28.3,14,51.9 %,4,Mestalla,49430,9630000.0,José Bordalás,/jose-bordalas/profil/trainer/6440,https://tmssl.akamaized.net//images/wappen/head/1049.png?lm=1406966320,,fc-valencia,Valencia CF,2021-laliga,2021,laliga,LaLiga,Spain,€5.44bn,first_tier,5440000000.0,51.9
club,/fc-sevilla/startseite/verein/368,"{'type': 'competition', 'country_id': '157', 'country_name': 'Spain', 'country_code': 'ES1', 'total_clubs': '20', 'total_players': '522', 'average_age': '27.5', 'foreigner_percentage': '43.7 %', 'average_market_value': None, 'total_value': '€5.44bn', 'competition_type': 'first_tier', 'competition_name': 'LaLiga', 'href': '/laliga/startseite/wettbewerb/ES1', 'seasoned_href': 'https://www.transfermarkt.co.uk/laliga/startseite/wettbewerb/ES1/plus/0?saison_id=2021'}",,28,28.1,17,60.7 %,8,Ramón Sánchez-Pizjuán,43883,54750000.0,Julen Lopetegui,/julen-lopetegui/profil/trainer/6615,https://tmssl.akamaized.net//images/wappen/head/368.png?lm=1730896593,,fc-sevilla,Sevilla FC,2021-laliga,2021,laliga,LaLiga,Spain,€5.44bn,first_tier,5440000000.0,60.7
club,/espanyol-barcelona/startseite/verein/714,"{'type': 'competition', 'country_id': '157', 'country_name': 'Spain', 'country_code': 'ES1', 'total_clubs': '20', 'total_players': '522', 'average_age': '27.5', 'foreigner_percentage': '43.7 %', 'average_market_value': None, 'total_value': '€5.44bn', 'competition_type': 'first_tier', 'competition_name': 'LaLiga', 'href': '/laliga/startseite/wettbewerb/ES1', 'seasoned_href': 'https://www.transfermarkt.co.uk/laliga/startseite/wettbewerb/ES1/plus/0?saison_id=2021'}",,24,27.4,7,29.2 %,2,RCDE Stadium,37776,9800000.0,Vicente Moreno,/vicente-moreno/profil/trainer/19601,https://tmssl.akamaized.net//images/wappen/head/714.png?lm=1406966369,,espanyol-barcelona,RCD Espanyol Barcelona,2021-laliga,2021,laliga,LaLiga,Spain,€5.44bn,first_tier,5440000000.0,29.2
club,/fc-elche/startseite/verein/1531,"{'type': 'competition', 'country_id': '157', 'country_name': 'Spain', 'country_code': 'ES1', 'total_clubs': '20', 'total_players': '522', 'average_age': '27.5', 'foreigner_percentage': '43.7 %', 'average_market_value': None, 'total_value': '€5.44bn', 'competition_type': 'first_tier', 'competition_name': 'LaLiga', 'href': '/laliga/startseite/wettbewerb/ES1', 'seasoned_href': 'https://www.transfermarkt.co.uk/laliga/startseite/wettbewerb/ES1/plus/0?saison_id=2021'}",,26,26.9,10,38.5 %,2,Manuel Martínez Valero,31388,22900000.0,Fran Escribá,/fran-escriba/profil/trainer/2562,https://tmssl.akamaized.net//images/wappen/head/1531.png?lm=1421955260,,fc-elche,Elche CF,2021-laliga,2021,laliga,LaLiga,Spain,€5.44bn,first_tier,5440000000.0,38.5
club,/fc-granada/startseite/verein/16795,"{'type': 'competition', 'country_id': '157', 'country_name': 'Spain', 'country_code': 'ES1', 'total_clubs': '20', 'total_players': '522', 'average_age': '27.5', 'foreigner_percentage': '43.7 %', 'average_market_value': None, 'total_value': '€5.44bn', 'competition_type': 'first_tier', 'competition_name': 'LaLiga', 'href': '/laliga/startseite/wettbewerb/ES1', 'seasoned_href': 'https://www.transfermarkt.co.uk/laliga/startseite/wettbewerb/ES1/plus/0?saison_id=2021'}",,25,25.7,6,24.0 %,2,Nuevo Los Cármenes,19336,11850000.0,Robert Moreno,/robert-moreno/profil/trainer/20727,https://tmssl.akamaized.net//images/wappen/head/16795.png?lm=1724157697,,fc-granada,Granada CF,2021-laliga,2021,laliga,LaLiga,Spain,€5.44bn,first_tier,5440000000.0,24.0
club,/ca-osasuna/startseite/verein/331,"{'type': 'competition', 'country_id': '157', 'country_name': 'Spain', 'country_code': 'ES1', 'total_clubs': '20', 'total_players': '522', 'average_age': '27.5', 'foreigner_percentage': '43.7 %', 'average_market_value': None, 'total_value': '€5.44bn', 'competition_type': 'first_tier', 'competition_name': 'LaLiga', 'href': '/laliga/startseite/wettbewerb/ES1', 'seasoned_href': 'https://www.transfermarkt.co.uk/laliga/startseite/wettbewerb/ES1/plus/0?saison_id=2021'}",,23,28.2,3,13.0 %,3,El Sadar,23576,1500000.0,Jagoba Arrasate,/jagoba-arrasate/profil/trainer/29192,https://tmssl.akamaized.net//images/wappen/head/331.png?lm=1686070937,,ca-osasuna,CA Osasuna,2021-laliga,2021,laliga,LaLiga,Spain,€5.44bn,first_tier,5440000000.0,13.0
club,/fc-cadiz/startseite/verein/2687,"{'type': 'competition', 'country_id': '157', 'country_name': 'Spain', 'country_code': 'ES1', 'total_clubs': '20', 'total_players': '522', 'average_age': '27.5', 'foreigner_percentage': '43.7 %', 'average_market_value': None, 'total_value': '€5.44bn', 'competition_type': 'first_tier', 'competition_name': 'LaLiga', 'href': '/laliga/startseite/wettbewerb/ES1', 'seasoned_href': 'https://www.transfermarkt.co.uk/laliga/startseite/wettbewerb/ES1/plus/0?saison_id=2021'}",,29,26.2,10,34.5 %,2,JP Financial,21094,-2400000.0,Álvaro Cervera,/alvaro-cervera/profil/trainer/15103,https://tmssl.akamaized.net//images/wappen/head/2687.png?lm=1683542431,,fc-cadiz,Cádiz CF,2021-laliga,2021,laliga,LaLiga,Spain,€5.44bn,first_tier,5440000000.0,34.5
club,/celta-vigo/startseite/verein/940,"{'type': 'competition', 'country_id': '157', 'country_name': 'Spain', 'country_code': 'ES1', 'total_clubs': '20', 'total_players': '522', 'average_age': '27.5', 'foreigner_percentage': '43.7 %', 'average_market_value': None, 'total_value': '€5.44bn', 'competition_type': 'first_tier', 'competition_name': 'LaLiga', 'href': '/laliga/startseite/wettbewerb/ES1', 'seasoned_href': 'https://www.transfermarkt.co.uk/laliga/startseite/wettbewerb/ES1/plus/0?saison_id=2021'}",,28,27.2,9,32.1 %,6,Abanca Balaídos,22803,41700000.0,Eduardo Coudet,/eduardo-coudet/profil/trainer/38808,https://tmssl.akamaized.net//images/wappen/head/940.png?lm=1406966406,,celta-vigo,Celta de Vigo,2021-laliga,2021,laliga,LaLiga,Spain,€5.44bn,first_tier,5440000000.0,32.1
club,/rayo-vallecano/startseite/verein/367,"{'type': 'competition', 'country_id': '157', 'country_name': 'Spain', 'country_code': 'ES1', 'total_clubs': '20', 'total_players': '522', 'average_age': '27.5', 'foreigner_percentage': '43.7 %', 'average_market_value': None, 'total_value': '€5.44bn', 'competition_type': 'first_tier', 'competition_name': 'LaLiga', 'href': '/laliga/startseite/wettbewerb/ES1', 'seasoned_href': 'https://www.transfermarkt.co.uk/laliga/startseite/wettbewerb/ES1/plus/0?saison_id=2021'}",,27,28.9,14,51.9 %,8,Estadio de Vallecas,14708,-7100000.0,Andoni Iraola,/andoni-iraola/profil/trainer/60677,https://tmssl.akamaized.net//images/wappen/head/367.png?lm=1653488445,,rayo-vallecano,Rayo Vallecano,2021-laliga,2021,laliga,LaLiga,Spain,€5.44bn,first_tier,5440000000.0,51.9
club,/deportivo-alaves/startseite/verein/1108,"{'type': 'competition', 'country_id': '157', 'country_name': 'Spain', 'country_code': 'ES1', 'total_clubs': '20', 'total_players': '522', 'average_age': '27.5', 'foreigner_percentage': '43.7 %', 'average_market_value': None, 'total_value': '€5.44bn', 'competition_type': 'first_tier', 'competition_name': 'LaLiga', 'href': '/laliga/startseite/wettbewerb/ES1', 'seasoned_href': 'https://www.transfermarkt.co.uk/laliga/startseite/wettbewerb/ES1/plus/0?saison_id=2021'}",,24,28.2,10,41.7 %,3,Mendizorroza,19840,20880000.0,Javier Calleja,/javier-calleja/profil/trainer/42706,https://tmssl.akamaized.net//images/wappen/head/1108.png?lm=1596131395,,deportivo-alaves,Deportivo Alavés,2021-laliga,2021,laliga,LaLiga,Spain,€5.44bn,first_tier,5440000000.0,41.7
club,/ud-levante/startseite/verein/3368,"{'type': 'competition', 'country_id': '157', 'country_name': 'Spain', 'country_code': 'ES1', 'total_clubs': '20', 'total_players': '522', 'average_age': '27.5', 'foreigner_percentage': '43.7 %', 'average_market_value': None, 'total_value': '€5.44bn', 'competition_type': 'first_tier', 'competition_name': 'LaLiga', 'href': '/laliga/startseite/wettbewerb/ES1', 'seasoned_href': 'https://www.transfermarkt.co.uk/laliga/startseite/wettbewerb/ES1/plus/0?saison_id=2021'}",,27,25.9,8,29.6 %,4,Ciutat de València,26354,300000.0,Paco López,/paco-lopez/profil/trainer/8115,https://tmssl.akamaized.net//images/wappen/head/3368.png?lm=1408655062,,ud-levante,Levante UD,2021-laliga,2021,laliga,LaLiga,Spain,€5.44bn,first_tier,5440000000.0,29.6
club,/rcd-mallorca/startseite/verein/237,"{'type': 'competition', 'country_id': '157', 'country_name': 'Spain', 'country_code': 'ES1', 'total_clubs': '20', 'total_players': '522', 'average_age': '27.5', 'foreigner_percentage': '43.7 %', 'average_market_value': None, 'total_value': '€5.44bn', 'competition_type': 'first_tier', 'competition_name': 'LaLiga', 'href': '/laliga/startseite/wettbewerb/ES1', 'seasoned_href': 'https://www.transfermarkt.co.uk/laliga/startseite/wettbewerb/ES1/plus/0?saison_id=2021'}",,26,27.9,11,42.3 %,9,Mallorca Son Moix,25736,800000.0,Luis García,/luis-garcia/profil/trainer/6444,https://tmssl.akamaized.net//images/wappen/head/237.png?lm=1407484750,,rcd-mallorca,RCD Mallorca,2021-laliga,2021,laliga,LaLiga,Spain,€5.44bn,first_tier,5440000000.0,42.3
club,/cd-santa-clara/startseite/verein/2423,"{'type': 'competition', 'country_id': '136', 'country_name': 'Portugal', 'country_code': 'PO1', 'total_clubs': '18', 'total_players': '491', 'average_age': '25.7', 'foreigner_percentage': '70.1 %', 'average_market_value': None, 'total_value': '€2.03bn', 'competition_type': 'first_tier', 'competition_name': 'Liga Portugal', 'href': '/liga-portugal/startseite/wettbewerb/PO1', 'seasoned_href': 'https://www.transfermarkt.co.uk/liga-portugal/startseite/wettbewerb/PO1/plus/0?saison_id=2021'}",,28,26.1,21,75.0 %,1,Estádio de São Miguel,12500,1570000.0,Daniel Ramos,/daniel-ramos/profil/trainer/7561,https://tmssl.akamaized.net//images/wappen/head/2423.png?lm=1718909294,,cd-santa-clara,CD Santa Clara,2021-liga-portugal,2021,liga-portugal,Liga Portugal,Portugal,€2.03bn,first_tier,2029999999.9999998,75.0
club,/fc-famalicao/startseite/verein/3329,"{'type': 'competition', 'country_id': '136', 'country_name': 'Portugal', 'country_code': 'PO1', 'total_clubs': '18', 'total_players': '491', 'average_age': '25.7', 'foreigner_percentage': '70.1 %', 'average_market_value': None, 'total_value': '€2.03bn', 'competition_type': 'first_tier', 'competition_name': 'Liga Portugal', 'href': '/liga-portugal/startseite/wettbewerb/PO1', 'seasoned_href': 'https://www.transfermarkt.co.uk/liga-portugal/startseite/wettbewerb/PO1/plus/0?saison_id=2021'}",,25,24.5,18,72.0 %,2,Estádio Municipal de Famalicão,5186,450000.0,Ivo Vieira,/ivo-vieira/profil/trainer/2819,https://tmssl.akamaized.net//images/wappen/head/3329.png?lm=1737563329,,fc-famalicao,FC Famalicão,2021-liga-portugal,2021,liga-portugal,Liga Portugal,Portugal,€2.03bn,first_tier,2029999999.9999998,72.0
club,/vitoria-guimaraes-sc/startseite/verein/2420,"{'type': 'competition', 'country_id': '136', 'country_name': 'Portugal', 'country_code': 'PO1', 'total_clubs': '18', 'total_players': '491', 'average_age': '25.7', 'foreigner_percentage': '70.1 %', 'average_market_value': None, 'total_value': '€2.03bn', 'competition_type': 'first_tier', 'competition_name': 'Liga Portugal', 'href': '/liga-portugal/startseite/wettbewerb/PO1', 'seasoned_href': 'https://www.transfermarkt.co.uk/liga-portugal/startseite/wettbewerb/PO1/plus/0?saison_id=2021'}",,26,24.8,14,53.8 %,3,Estádio D. Afonso Henriques,30029,4750000.0,Pedro Gonçalves,/pedro-goncalves/profil/trainer/136458,https://tmssl.akamaized.net//images/wappen/head/2420.png?lm=1432894021,,vitoria-guimaraes-sc,Vitória Guimarães SC,2021-liga-portugal,2021,liga-portugal,Liga Portugal,Portugal,€2.03bn,first_tier,2029999999.9999998,53.8
club,/benfica-lissabon/startseite/verein/294,"{'type': 'competition', 'country_id': '136', 'country_name': 'Portugal', 'country_code': 'PO1', 'total_clubs': '18', 'total_players': '491', 'average_age': '25.7', 'foreigner_percentage': '70.1 %', 'average_market_value': None, 'total_value': '€2.03bn', 'competition_type': 'first_tier', 'competition_name': 'Liga Portugal', 'href': '/liga-portugal/startseite/wettbewerb/PO1', 'seasoned_href': 'https://www.transfermarkt.co.uk/liga-portugal/startseite/wettbewerb/PO1/plus/0?saison_id=2021'}",,28,24.9,16,57.1 %,17,Estádio da Luz,68100,-15200000.0,Jorge Jesus,/jorge-jesus/profil/trainer/2145,https://tmssl.akamaized.net//images/wappen/head/294.png?lm=1535908439,,benfica-lissabon,SL Benfica,2021-liga-portugal,2021,liga-portugal,Liga Portugal,Portugal,€2.03bn,first_tier,2029999999.9999998,57.1
club,/portimonense-sc/startseite/verein/7378,"{'type': 'competition', 'country_id': '136', 'country_name': 'Portugal', 'country_code': 'PO1', 'total_clubs': '18', 'total_players': '491', 'average_age': '25.7', 'foreigner_percentage': '70.1 %', 'average_market_value': None, 'total_value': '€2.03bn', 'competition_type': 'first_tier', 'competition_name': 'Liga Portugal', 'href': '/liga-portugal/startseite/wettbewerb/PO1', 'seasoned_href': 'https://www.transfermarkt.co.uk/liga-portugal/startseite/wettbewerb/PO1/plus/0?saison_id=2021'}",,26,25.5,19,73.1 %,2,Estádio Municipal de Portimão,4961,2730000.0,Paulo Sérgio,/paulo-sergio/profil/trainer/5628,https://tmssl.akamaized.net//images/wappen/head/7378.png?lm=1665922885,,portimonense-sc,Portimonense SAD,2021-liga-portugal,2021,liga-portugal,Liga Portugal,Portugal,€2.03bn,first_tier,2029999999.9999998,73.1
club,/sporting-lissabon/startseite/verein/336,"{'type': 'competition', 'country_id': '136', 'country_name': 'Portugal', 'country_code': 'PO1', 'total_clubs': '18', 'total_players': '491', 'average_age': '25.7', 'foreigner_percentage': '70.1 %', 'average_market_value': None, 'total_value': '€2.03bn', 'competition_type': 'first_tier', 'competition_name': 'Liga Portugal', 'href': '/liga-portugal/startseite/wettbewerb/PO1', 'seasoned_href': 'https://www.transfermarkt.co.uk/liga-portugal/startseite/wettbewerb/PO1/plus/0?saison_id=2021'}",,26,25.2,13,50.0 %,13,Estádio José Alvalade,52095,43500000.0,Rúben Amorim,/ruben-amorim/profil/trainer/65202,https://tmssl.akamaized.net//images/wappen/head/336.png?lm=1621513752,,sporting-lissabon,Sporting CP,2021-liga-portugal,2021,liga-portugal,Liga Portugal,Portugal,€2.03bn,first_tier,2029999999.9999998,50.0
club,/fc-porto/startseite/verein/720,"{'type': 'competition', 'country_id': '136', 'country_name': 'Portugal', 'country_code': 'PO1', 'total_clubs': '18', 'total_players': '491', 'average_age': '25.7', 'foreigner_percentage': '70.1 %', 'average_market_value': None, 'total_value': '€2.03bn', 'competition_type': 'first_tier', 'competition_name': 'Liga Portugal', 'href': '/liga-portugal/startseite/wettbewerb/PO1', 'seasoned_href': 'https://www.transfermarkt.co.uk/liga-portugal/startseite/wettbewerb/PO1/plus/0?saison_id=2021'}",,27,26.5,20,74.1 %,12,Estádio do Dragão,50033,-24490000.0,Sérgio Conceição,/sergio-conceicao/profil/trainer/22532,https://tmssl.akamaized.net//images/wappen/head/720.png?lm=1486310161,,fc-porto,FC Porto,2021-liga-portugal,2021,liga-portugal,Liga Portugal,Portugal,€2.03bn,first_tier,2029999999.9999998,74.1
club,/sc-braga/startseite/verein/1075,"{'type': 'competition', 'country_id': '136', 'country_name': 'Portugal', 'country_code': 'PO1', 'total_clubs': '18', 'total_players': '491', 'average_age': '25.7', 'foreigner_percentage': '70.1 %', 'average_market_value': None, 'total_value': '€2.03bn', 'competition_type': 'first_tier', 'competition_name': 'Liga Portugal', 'href': '/liga-portugal/startseite/wettbewerb/PO1', 'seasoned_href': 'https://www.transfermarkt.co.uk/liga-portugal/startseite/wettbewerb/PO1/plus/0?saison_id=2021'}",,29,25.4,18,62.1 %,9,Estádio Municipal de Braga,30286,15240000.0,Carlos Carvalhal,/carlos-carvalhal/profil/trainer/1588,https://tmssl.akamaized.net//images/wappen/head/1075.png?lm=1432893871,,sc-braga,SC Braga,2021-liga-portugal,2021,liga-portugal,Liga Portugal,Portugal,€2.03bn,first_tier,2029999999.9999998,62.1
club,/moreirense-fc/startseite/verein/979,"{'type': 'competition', 'country_id': '136', 'country_name': 'Portugal', 'country_code': 'PO1', 'total_clubs': '18', 'total_players': '491', 'average_age': '25.7', 'foreigner_percentage': '70.1 %', 'average_market_value': None, 'total_value': '€2.03bn', 'competition_type': 'first_tier', 'competition_name': 'Liga Portugal', 'href': '/liga-portugal/startseite/wettbewerb/PO1', 'seasoned_href': 'https://www.transfermarkt.co.uk/liga-portugal/startseite/wettbewerb/PO1/plus/0?saison_id=2021'}",,26,24.7,15,57.7 %,1,Estádio C. J. de Almeida Freitas,6150,2500000.0,João Henriques,/joao-henriques/profil/trainer/55787,https://tmssl.akamaized.net//images/wappen/head/979.png?lm=1552324606,,moreirense-fc,Moreirense FC,2021-liga-portugal,2021,liga-portugal,Liga Portugal,Portugal,€2.03bn,first_tier,2029999999.9999998,57.7
club,/fc-arouca/startseite/verein/8024,"{'type': 'competition', 'country_id': '136', 'country_name': 'Portugal', 'country_code': 'PO1', 'total_clubs': '18', 'total_players': '491', 'average_age': '25.7', 'foreigner_percentage': '70.1 %', 'average_market_value': None, 'total_value': '€2.03bn', 'competition_type': 'first_tier', 'competition_name': 'Liga Portugal', 'href': '/liga-portugal/startseite/wettbewerb/PO1', 'seasoned_href': 'https://www.transfermarkt.co.uk/liga-portugal/startseite/wettbewerb/PO1/plus/0?saison_id=2021'}",,27,25.2,22,81.5 %,1,Estádio Municipal de Arouca,5000,1830000.0,Armando Evangelista,/armando-evangelista/profil/trainer/28508,https://tmssl.akamaized.net//images/wappen/head/8024.png?lm=1530096604,,fc-arouca,FC Arouca,2021-liga-portugal,2021,liga-portugal,Liga Portugal,Portugal,€2.03bn,first_tier,2029999999.9999998,81.5
club,/fc-vizela/startseite/verein/6912,"{'type': 'competition', 'country_id': '136', 'country_name': 'Portugal', 'country_code': 'PO1', 'total_clubs': '18', 'total_players': '491', 'average_age': '25.7', 'foreigner_percentage': '70.1 %', 'average_market_value': None, 'total_value': '€2.03bn', 'competition_type': 'first_tier', 'competition_name': 'Liga Portugal', 'href': '/liga-portugal/startseite/wettbewerb/PO1', 'seasoned_href': 'https://www.transfermarkt.co.uk/liga-portugal/startseite/wettbewerb/PO1/plus/0?saison_id=2021'}",,29,26.4,22,75.9 %,7,Estádio do Futebol Clube de Vizela,6000,4700000.0,Álvaro Pacheco,/alvaro-pacheco/profil/trainer/38406,https://tmssl.akamaized.net//images/wappen/head/6912.png?lm=1700587516,,fc-vizela,FC Vizela,2021-liga-portugal,2021,liga-portugal,Liga Portugal,Portugal,€2.03bn,first_tier,2029999999.9999998,75.9
club,/fc-pacos-de-ferreira/startseite/verein/2995,"{'type': 'competition', 'country_id': '136', 'country_name': 'Portugal', 'country_code': 'PO1', 'total_clubs': '18', 'total_players': '491', 'average_age': '25.7', 'foreigner_percentage': '70.1 %', 'average_market_value': None, 'total_value': '€2.03bn', 'competition_type': 'first_tier', 'competition_name': 'Liga Portugal', 'href': '/liga-portugal/startseite/wettbewerb/PO1', 'seasoned_href': 'https://www.transfermarkt.co.uk/liga-portugal/startseite/wettbewerb/PO1/plus/0?saison_id=2021'}",,27,25.0,9,33.3 %,2,Estádio Capital do Móvel,9076,250000.0,Jorge Simão,/jorge-simao/profil/trainer/34559,https://tmssl.akamaized.net//images/wappen/head/2995.png?lm=1578477741,,fc-pacos-de-ferreira,FC Paços de Ferreira,2021-liga-portugal,2021,liga-portugal,Liga Portugal,Portugal,€2.03bn,first_tier,2029999999.9999998,33.3
club,/gil-vicente-fc/startseite/verein/2424,"{'type': 'competition', 'country_id': '136', 'country_name': 'Portugal', 'country_code': 'PO1', 'total_clubs': '18', 'total_players': '491', 'average_age': '25.7', 'foreigner_percentage': '70.1 %', 'average_market_value': None, 'total_value': '€2.03bn', 'competition_type': 'first_tier', 'competition_name': 'Liga Portugal', 'href': '/liga-portugal/startseite/wettbewerb/PO1', 'seasoned_href': 'https://www.transfermarkt.co.uk/liga-portugal/startseite/wettbewerb/PO1/plus/0?saison_id=2021'}",,28,25.0,19,67.9 %,2,Estádio Cidade de Barcelos,12046,31400000.0,Ricardo Soares,/ricardo-soares/profil/trainer/46997,https://tmssl.akamaized.net//images/wappen/head/2424.png?lm=1624283300,,gil-vicente-fc,Gil Vicente FC,2021-liga-portugal,2021,liga-portugal,Liga Portugal,Portugal,€2.03bn,first_tier,2029999999.9999998,67.9
club,/belenenses-sad/startseite/verein/2457,"{'type': 'competition', 'country_id': '136', 'country_name': 'Portugal', 'country_code': 'PO1', 'total_clubs': '18', 'total_players': '491', 'average_age': '25.7', 'foreigner_percentage': '70.1 %', 'average_market_value': None, 'total_value': '€2.03bn', 'competition_type': 'first_tier', 'competition_name': 'Liga Portugal', 'href': '/liga-portugal/startseite/wettbewerb/PO1', 'seasoned_href': 'https://www.transfermarkt.co.uk/liga-portugal/startseite/wettbewerb/PO1/plus/0?saison_id=2021'}",,0,0.0,,,0,Campo da Boa Hora,3000,-0.0,Petit,/petit/profil/trainer/31291,https://tmssl.akamaized.net//images/wappen/head/2457.png?lm=1552479825,,belenenses-sad,B SAD (2018-2024),2021-liga-portugal,2021,liga-portugal,Liga Portugal,Portugal,€2.03bn,first_tier,2029999999.9999998,0.0
club,/gd-estoril-praia/startseite/verein/1465,"{'type': 'competition', 'country_id': '136', 'country_name': 'Portugal', 'country_code': 'PO1', 'total_clubs': '18', 'total_players': '491', 'average_age': '25.7', 'foreigner_percentage': '70.1 %', 'average_market_value': None, 'total_value': '€2.03bn', 'competition_type': 'first_tier', 'competition_name': 'Liga Portugal', 'href': '/liga-portugal/startseite/wettbewerb/PO1', 'seasoned_href': 'https://www.transfermarkt.co.uk/liga-portugal/startseite/wettbewerb/PO1/plus/0?saison_id=2021'}",,24,26.4,14,58.3 %,6,Estádio António Coimbra da Mota,5094,2300000.0,Bruno Pinheiro,/bruno-pinheiro/profil/trainer/64830,https://tmssl.akamaized.net//images/wappen/head/1465.png?lm=1534340702,,gd-estoril-praia,GD Estoril Praia,2021-liga-portugal,2021,liga-portugal,Liga Portugal,Portugal,€2.03bn,first_tier,2029999999.9999998,58.3
club,/cd-tondela/startseite/verein/7179,"{'type': 'competition', 'country_id': '136', 'country_name': 'Portugal', 'country_code': 'PO1', 'total_clubs': '18', 'total_players': '491', 'average_age': '25.7', 'foreigner_percentage': '70.1 %', 'average_market_value': None, 'total_value': '€2.03bn', 'competition_type': 'first_tier', 'competition_name': 'Liga Portugal', 'href': '/liga-portugal/startseite/wettbewerb/PO1', 'seasoned_href': 'https://www.transfermarkt.co.uk/liga-portugal/startseite/wettbewerb/PO1/plus/0?saison_id=2021'}",,26,27.0,19,73.1 %,3,Estádio João Cardoso,5000,-1250000.0,Eduardo Luís Silva,/eduardo-luis-silva/profil/trainer/139771,https://tmssl.akamaized.net//images/wappen/head/7179.png?lm=1506427804,,cd-tondela,CD Tondela,2021-liga-portugal,2021,liga-portugal,Liga Portugal,Portugal,€2.03bn,first_tier,2029999999.9999998,73.1
club,/boavista-porto-fc/startseite/verein/2503,"{'type': 'competition', 'country_id': '136', 'country_name': 'Portugal', 'country_code': 'PO1', 'total_clubs': '18', 'total_players': '491', 'average_age': '25.7', 'foreigner_percentage': '70.1 %', 'average_market_value': None, 'total_value': '€2.03bn', 'competition_type': 'first_tier', 'competition_name': 'Liga Portugal', 'href': '/liga-portugal/startseite/wettbewerb/PO1', 'seasoned_href': 'https://www.transfermarkt.co.uk/liga-portugal/startseite/wettbewerb/PO1/plus/0?saison_id=2021'}",,3,20.4,0,%,0,Estádio do Bessa Século XXI,28263,100000.0,João Pedro Sousa,/joao-pedro-sousa/profil/trainer/69953,https://tmssl.akamaized.net//images/wappen/head/2503.png?lm=1480959207,,boavista-porto-fc,Boavista FC,2021-liga-portugal,2021,liga-portugal,Liga Portugal,Portugal,€2.03bn,first_tier,2029999999.9999998,0.0
club,/cs-maritimo/startseite/verein/1301,"{'type': 'competition', 'country_id': '136', 'country_name': 'Portugal', 'country_code': 'PO1', 'total_clubs': '18', 'total_players': '491', 'average_age': '25.7', 'foreigner_percentage': '70.1 %', 'average_market_value': None, 'total_value': '€2.03bn', 'competition_type': 'first_tier', 'competition_name': 'Liga Portugal', 'href': '/liga-portugal/startseite/wettbewerb/PO1', 'seasoned_href': 'https://www.transfermarkt.co.uk/liga-portugal/startseite/wettbewerb/PO1/plus/0?saison_id=2021'}",,26,26.3,13,50.0 %,1,Estádio do Marítimo,10600,900000.0,Julio Velázquez,/julio-velazquez/profil/trainer/17326,https://tmssl.akamaized.net//images/wappen/head/1301.png?lm=1656600130,,cs-maritimo,CS Marítimo,2021-liga-portugal,2021,liga-portugal,Liga Portugal,Portugal,€2.03bn,first_tier,2029999999.9999998,50.0
club,/fc-stade-rennes/startseite/verein/273,"{'type': 'competition', 'country_id': '50', 'country_name': 'France', 'country_code': 'FR1', 'total_clubs': '18', 'total_players': '481', 'average_age': '25.8', 'foreigner_percentage': '63.2 %', 'average_market_value': None, 'total_value': '€4.70bn', 'competition_type': 'first_tier', 'competition_name': 'Ligue 1', 'href': '/ligue-1/startseite/wettbewerb/FR1', 'seasoned_href': 'https://www.transfermarkt.co.uk/ligue-1/startseite/wettbewerb/FR1/plus/0?saison_id=2021'}",,23,25.6,10,43.5 %,11,Roazhon Park,29778,50150000.0,Bruno Genesio,/bruno-genesio/profil/trainer/5036,https://tmssl.akamaized.net//images/wappen/head/273.png?lm=1691503972,,fc-stade-rennes,Stade Rennais FC,2021-ligue-1,2021,ligue-1,Ligue 1,France,€4.70bn,first_tier,4700000000.0,43.5
club,/montpellier-hsc/startseite/verein/969,"{'type': 'competition', 'country_id': '50', 'country_name': 'France', 'country_code': 'FR1', 'total_clubs': '18', 'total_players': '481', 'average_age': '25.8', 'foreigner_percentage': '63.2 %', 'average_market_value': None, 'total_value': '€4.70bn', 'competition_type': 'first_tier', 'competition_name': 'Ligue 1', 'href': '/ligue-1/startseite/wettbewerb/FR1', 'seasoned_href': 'https://www.transfermarkt.co.uk/ligue-1/startseite/wettbewerb/FR1/plus/0?saison_id=2021'}",,23,24.5,10,43.5 %,2,Stade de la Mosson,22000,6550000.0,Olivier Dall'Oglio,/olivier-dalloglio/profil/trainer/14547,https://tmssl.akamaized.net//images/wappen/head/969.png?lm=1748640687,,montpellier-hsc,Montpellier HSC,2021-ligue-1,2021,ligue-1,Ligue 1,France,€4.70bn,first_tier,4700000000.0,43.5
club,/stade-reims/startseite/verein/1421,"{'type': 'competition', 'country_id': '50', 'country_name': 'France', 'country_code': 'FR1', 'total_clubs': '18', 'total_players': '481', 'average_age': '25.8', 'foreigner_percentage': '63.2 %', 'average_market_value': None, 'total_value': '€4.70bn', 'competition_type': 'first_tier', 'competition_name': 'Ligue 1', 'href': '/ligue-1/startseite/wettbewerb/FR1', 'seasoned_href': 'https://www.transfermarkt.co.uk/ligue-1/startseite/wettbewerb/FR1/plus/0?saison_id=2021'}",,24,24.2,19,79.2 %,5,Stade Auguste-Delaune,20519,81980000.0,Óscar García,/oscar-garcia/profil/trainer/16362,https://tmssl.akamaized.net//images/wappen/head/1421.png?lm=1592601839,,stade-reims,Stade Reims,2021-ligue-1,2021,ligue-1,Ligue 1,France,€4.70bn,first_tier,4700000000.0,79.2
club,/rc-lens/startseite/verein/826,"{'type': 'competition', 'country_id': '50', 'country_name': 'France', 'country_code': 'FR1', 'total_clubs': '18', 'total_players': '481', 'average_age': '25.8', 'foreigner_percentage': '63.2 %', 'average_market_value': None, 'total_value': '€4.70bn', 'competition_type': 'first_tier', 'competition_name': 'Ligue 1', 'href': '/ligue-1/startseite/wettbewerb/FR1', 'seasoned_href': 'https://www.transfermarkt.co.uk/ligue-1/startseite/wettbewerb/FR1/plus/0?saison_id=2021'}",,29,26.6,9,31.0 %,9,Stade Bollaert-Delelis,38223,45550000.0,Franck Haise,/franck-haise/profil/trainer/27176,https://tmssl.akamaized.net//images/wappen/head/826.png?lm=1595457059,,rc-lens,RC Lens,2021-ligue-1,2021,ligue-1,Ligue 1,France,€4.70bn,first_tier,4700000000.0,31.0
club,/as-monaco/startseite/verein/162,"{'type': 'competition', 'country_id': '50', 'country_name': 'France', 'country_code': 'FR1', 'total_clubs': '18', 'total_players': '481', 'average_age': '25.8', 'foreigner_percentage': '63.2 %', 'average_market_value': None, 'total_value': '€4.70bn', 'competition_type': 'first_tier', 'competition_name': 'Ligue 1', 'href': '/ligue-1/startseite/wettbewerb/FR1', 'seasoned_href': 'https://www.transfermarkt.co.uk/ligue-1/startseite/wettbewerb/FR1/plus/0?saison_id=2021'}",,28,26.0,28,100.0 %,12,Stade Louis-II,18525,135570000.0,Niko Kovac,/niko-kovac/profil/trainer/10463,https://tmssl.akamaized.net//images/wappen/head/162.png?lm=1654781919,,as-monaco,AS Monaco,2021-ligue-1,2021,ligue-1,Ligue 1,France,€4.70bn,first_tier,4700000000.0,100.0
club,/ogc-nizza/startseite/verein/417,"{'type': 'competition', 'country_id': '50', 'country_name': 'France', 'country_code': 'FR1', 'total_clubs': '18', 'total_players': '481', 'average_age': '25.8', 'foreigner_percentage': '63.2 %', 'average_market_value': None, 'total_value': '€4.70bn', 'competition_type': 'first_tier', 'competition_name': 'Ligue 1', 'href': '/ligue-1/startseite/wettbewerb/FR1', 'seasoned_href': 'https://www.transfermarkt.co.uk/ligue-1/startseite/wettbewerb/FR1/plus/0?saison_id=2021'}",,29,25.9,19,65.5 %,13,Allianz Riviera,36178,72820000.0,Christophe Galtier,/christophe-galtier/profil/trainer/5035,https://tmssl.akamaized.net//images/wappen/head/417.png?lm=1408779490,,ogc-nizza,OGC Nice,2021-ligue-1,2021,ligue-1,Ligue 1,France,€4.70bn,first_tier,4700000000.0,65.5
club,/olympique-marseille/startseite/verein/244,"{'type': 'competition', 'country_id': '50', 'country_name': 'France', 'country_code': 'FR1', 'total_clubs': '18', 'total_players': '481', 'average_age': '25.8', 'foreigner_percentage': '63.2 %', 'average_market_value': None, 'total_value': '€4.70bn', 'competition_type': 'first_tier', 'competition_name': 'Ligue 1', 'href': '/ligue-1/startseite/wettbewerb/FR1', 'seasoned_href': 'https://www.transfermarkt.co.uk/ligue-1/startseite/wettbewerb/FR1/plus/0?saison_id=2021'}",,25,27.0,24,96.0 %,14,Orange Vélodrome,67394,20350000.0,Jorge Sampaoli,/jorge-sampaoli/profil/trainer/10819,https://tmssl.akamaized.net//images/wappen/head/244.png?lm=1775675175,,olympique-marseille,Olympique Marseille,2021-ligue-1,2021,ligue-1,Ligue 1,France,€4.70bn,first_tier,4700000000.0,96.0
club,/olympique-lyon/startseite/verein/1041,"{'type': 'competition', 'country_id': '50', 'country_name': 'France', 'country_code': 'FR1', 'total_clubs': '18', 'total_players': '481', 'average_age': '25.8', 'foreigner_percentage': '63.2 %', 'average_market_value': None, 'total_value': '€4.70bn', 'competition_type': 'first_tier', 'competition_name': 'Ligue 1', 'href': '/ligue-1/startseite/wettbewerb/FR1', 'seasoned_href': 'https://www.transfermarkt.co.uk/ligue-1/startseite/wettbewerb/FR1/plus/0?saison_id=2021'}",,29,25.6,23,79.3 %,12,Groupama Stadium,59186,62110000.0,Peter Bosz,/peter-bosz/profil/trainer/1269,https://tmssl.akamaized.net//images/wappen/head/1041.png?lm=1656668172,,olympique-lyon,Olympique Lyon,2021-ligue-1,2021,ligue-1,Ligue 1,France,€4.70bn,first_tier,4700000000.0,79.3
club,/losc-lille/startseite/verein/1082,"{'type': 'competition', 'country_id': '50', 'country_name': 'France', 'country_code': 'FR1', 'total_clubs': '18', 'total_players': '481', 'average_age': '25.8', 'foreigner_percentage': '63.2 %', 'average_market_value': None, 'total_value': '€4.70bn', 'competition_type': 'first_tier', 'competition_name': 'Ligue 1', 'href': '/ligue-1/startseite/wettbewerb/FR1', 'seasoned_href': 'https://www.transfermarkt.co.uk/ligue-1/startseite/wettbewerb/FR1/plus/0?saison_id=2021'}",,28,26.5,19,67.9 %,12,Decathlon Arena-Stade Pierre-Mauroy,50186,61600000.0,Jocelyn Gourvennec,/jocelyn-gourvennec/profil/trainer/14011,https://tmssl.akamaized.net//images/wappen/head/1082.png?lm=1529521041,,losc-lille,LOSC Lille,2021-ligue-1,2021,ligue-1,Ligue 1,France,€4.70bn,first_tier,4700000000.0,67.9
club,/fc-paris-saint-germain/startseite/verein/583,"{'type': 'competition', 'country_id': '50', 'country_name': 'France', 'country_code': 'FR1', 'total_clubs': '18', 'total_players': '481', 'average_age': '25.8', 'foreigner_percentage': '63.2 %', 'average_market_value': None, 'total_value': '€4.70bn', 'competition_type': 'first_tier', 'competition_name': 'Ligue 1', 'href': '/ligue-1/startseite/wettbewerb/FR1', 'seasoned_href': 'https://www.transfermarkt.co.uk/ligue-1/startseite/wettbewerb/FR1/plus/0?saison_id=2021'}",,24,24.2,16,66.7 %,20,Parc des Princes,48583,-47200000.0,Mauricio Pochettino,/mauricio-pochettino/profil/trainer/9044,https://tmssl.akamaized.net//images/wappen/head/583.png?lm=1728026461,,fc-paris-saint-germain,Paris Saint-Germain,2021-ligue-1,2021,ligue-1,Ligue 1,France,€4.70bn,first_tier,4700000000.0,66.7
club,/stade-brest-29/startseite/verein/3911,"{'type': 'competition', 'country_id': '50', 'country_name': 'France', 'country_code': 'FR1', 'total_clubs': '18', 'total_players': '481', 'average_age': '25.8', 'foreigner_percentage': '63.2 %', 'average_market_value': None, 'total_value': '€4.70bn', 'competition_type': 'first_tier', 'competition_name': 'Ligue 1', 'href': '/ligue-1/startseite/wettbewerb/FR1', 'seasoned_href': 'https://www.transfermarkt.co.uk/ligue-1/startseite/wettbewerb/FR1/plus/0?saison_id=2021'}",,23,25.6,11,47.8 %,6,Stade Francis-Le Blé,15220,23700000.0,Michel Der Zakarian,/michel-der-zakarian/profil/trainer/4002,https://tmssl.akamaized.net//images/wappen/head/3911.png?lm=1768836091,,stade-brest-29,Stade Brestois 29,2021-ligue-1,2021,ligue-1,Ligue 1,France,€4.70bn,first_tier,4700000000.0,47.8
club,/fc-nantes/startseite/verein/995,"{'type': 'competition', 'country_id': '50', 'country_name': 'France', 'country_code': 'FR1', 'total_clubs': '18', 'total_players': '481', 'average_age': '25.8', 'foreigner_percentage': '63.2 %', 'average_market_value': None, 'total_value': '€4.70bn', 'competition_type': 'first_tier', 'competition_name': 'Ligue 1', 'href': '/ligue-1/startseite/wettbewerb/FR1', 'seasoned_href': 'https://www.transfermarkt.co.uk/ligue-1/startseite/wettbewerb/FR1/plus/0?saison_id=2021'}",,29,27.0,16,55.2 %,8,Stade de la Beaujoire,35322,32000000.0,Antoine Kombouaré,/antoine-kombouare/profil/trainer/1224,https://tmssl.akamaized.net//images/wappen/head/995.png?lm=1581355747,,fc-nantes,FC Nantes,2021-ligue-1,2021,ligue-1,Ligue 1,France,€4.70bn,first_tier,4700000000.0,55.2
club,/fc-lorient/startseite/verein/1158,"{'type': 'competition', 'country_id': '50', 'country_name': 'France', 'country_code': 'FR1', 'total_clubs': '18', 'total_players': '481', 'average_age': '25.8', 'foreigner_percentage': '63.2 %', 'average_market_value': None, 'total_value': '€4.70bn', 'competition_type': 'first_tier', 'competition_name': 'Ligue 1', 'href': '/ligue-1/startseite/wettbewerb/FR1', 'seasoned_href': 'https://www.transfermarkt.co.uk/ligue-1/startseite/wettbewerb/FR1/plus/0?saison_id=2021'}",,25,26.1,18,72.0 %,10,Stade du Moustoir,16787,600000.0,Christophe Pélissier,/christophe-pelissier/profil/trainer/24802,https://tmssl.akamaized.net//images/wappen/head/1158.png?lm=1406642498,,fc-lorient,FC Lorient,2021-ligue-1,2021,ligue-1,Ligue 1,France,€4.70bn,first_tier,4700000000.0,72.0
club,/rc-strassburg-alsace/startseite/verein/667,"{'type': 'competition', 'country_id': '50', 'country_name': 'France', 'country_code': 'FR1', 'total_clubs': '18', 'total_players': '481', 'average_age': '25.8', 'foreigner_percentage': '63.2 %', 'average_market_value': None, 'total_value': '€4.70bn', 'competition_type': 'first_tier', 'competition_name': 'Ligue 1', 'href': '/ligue-1/startseite/wettbewerb/FR1', 'seasoned_href': 'https://www.transfermarkt.co.uk/ligue-1/startseite/wettbewerb/FR1/plus/0?saison_id=2021'}",,26,22.9,22,84.6 %,12,Stade de la Meinau,32000,-26300000.0,Julien Stéphan,/julien-stephan/profil/trainer/61003,https://tmssl.akamaized.net//images/wappen/head/667.png?lm=1664991833,,rc-strassburg-alsace,RC Strasbourg Alsace,2021-ligue-1,2021,ligue-1,Ligue 1,France,€4.70bn,first_tier,4700000000.0,84.6
club,/as-saint-etienne/startseite/verein/618,"{'type': 'competition', 'country_id': '50', 'country_name': 'France', 'country_code': 'FR1', 'total_clubs': '18', 'total_players': '481', 'average_age': '25.8', 'foreigner_percentage': '63.2 %', 'average_market_value': None, 'total_value': '€4.70bn', 'competition_type': 'first_tier', 'competition_name': 'Ligue 1', 'href': '/ligue-1/startseite/wettbewerb/FR1', 'seasoned_href': 'https://www.transfermarkt.co.uk/ligue-1/startseite/wettbewerb/FR1/plus/0?saison_id=2021'}",,29,24.3,16,55.2 %,8,Stade Geoffroy-Guichard,41965,-22050000.0,Claude Puel,/claude-puel/profil/trainer/1240,https://tmssl.akamaized.net//images/wappen/head/618.png?lm=1658260152,,as-saint-etienne,AS Saint-Étienne,2021-ligue-1,2021,ligue-1,Ligue 1,France,€4.70bn,first_tier,4700000000.0,55.2
club,/fc-metz/startseite/verein/347,"{'type': 'competition', 'country_id': '50', 'country_name': 'France', 'country_code': 'FR1', 'total_clubs': '18', 'total_players': '481', 'average_age': '25.8', 'foreigner_percentage': '63.2 %', 'average_market_value': None, 'total_value': '€4.70bn', 'competition_type': 'first_tier', 'competition_name': 'Ligue 1', 'href': '/ligue-1/startseite/wettbewerb/FR1', 'seasoned_href': 'https://www.transfermarkt.co.uk/ligue-1/startseite/wettbewerb/FR1/plus/0?saison_id=2021'}",,27,25.9,19,70.4 %,9,Stade Saint-Symphorien,28786,29850000.0,Frédéric Antonetti,/frederic-antonetti/profil/trainer/2302,https://tmssl.akamaized.net//images/wappen/head/347.png?lm=1625391843,,fc-metz,FC Metz,2021-ligue-1,2021,ligue-1,Ligue 1,France,€4.70bn,first_tier,4700000000.0,70.4
club,/sco-angers/startseite/verein/1420,"{'type': 'competition', 'country_id': '50', 'country_name': 'France', 'country_code': 'FR1', 'total_clubs': '18', 'total_players': '481', 'average_age': '25.8', 'foreigner_percentage': '63.2 %', 'average_market_value': None, 'total_value': '€4.70bn', 'competition_type': 'first_tier', 'competition_name': 'Ligue 1', 'href': '/ligue-1/startseite/wettbewerb/FR1', 'seasoned_href': 'https://www.transfermarkt.co.uk/ligue-1/startseite/wettbewerb/FR1/plus/0?saison_id=2021'}",,24,26.0,14,58.3 %,7,Stade Raymond-Kopa,19350,20250000.0,Gérald Baticle,/gerald-baticle/profil/trainer/8183,https://tmssl.akamaized.net//images/wappen/head/1420.png?lm=1687525425,,sco-angers,Angers SCO,2021-ligue-1,2021,ligue-1,Ligue 1,France,€4.70bn,first_tier,4700000000.0,58.3
club,/es-troyes-ac/startseite/verein/1095,"{'type': 'competition', 'country_id': '50', 'country_name': 'France', 'country_code': 'FR1', 'total_clubs': '18', 'total_players': '481', 'average_age': '25.8', 'foreigner_percentage': '63.2 %', 'average_market_value': None, 'total_value': '€4.70bn', 'competition_type': 'first_tier', 'competition_name': 'Ligue 1', 'href': '/ligue-1/startseite/wettbewerb/FR1', 'seasoned_href': 'https://www.transfermarkt.co.uk/ligue-1/startseite/wettbewerb/FR1/plus/0?saison_id=2021'}",,29,25.4,9,31.0 %,4,Stade de l'Aube,20460,21900000.0,Laurent Batlles,/laurent-batlles/profil/trainer/30609,https://tmssl.akamaized.net//images/wappen/head/1095.png?lm=1599945497,,es-troyes-ac,ESTAC Troyes,2021-ligue-1,2021,ligue-1,Ligue 1,France,€4.70bn,first_tier,4700000000.0,31.0
club,/clermont-foot-63/startseite/verein/3524,"{'type': 'competition', 'country_id': '50', 'country_name': 'France', 'country_code': 'FR1', 'total_clubs': '18', 'total_players': '481', 'average_age': '25.8', 'foreigner_percentage': '63.2 %', 'average_market_value': None, 'total_value': '€4.70bn', 'competition_type': 'first_tier', 'competition_name': 'Ligue 1', 'href': '/ligue-1/startseite/wettbewerb/FR1', 'seasoned_href': 'https://www.transfermarkt.co.uk/ligue-1/startseite/wettbewerb/FR1/plus/0?saison_id=2021'}",,28,26.0,17,60.7 %,1,Stade Gabriel-Montpied,10800,-0.0,Pascal Gastien,/pascal-gastien/profil/trainer/13916,https://tmssl.akamaized.net//images/wappen/head/3524.png?lm=1625739356,,clermont-foot-63,Clermont Foot 63,2021-ligue-1,2021,ligue-1,Ligue 1,France,€4.70bn,first_tier,4700000000.0,60.7
club,/fc-girondins-bordeaux/startseite/verein/40,"{'type': 'competition', 'country_id': '50', 'country_name': 'France', 'country_code': 'FR1', 'total_clubs': '18', 'total_players': '481', 'average_age': '25.8', 'foreigner_percentage': '63.2 %', 'average_market_value': None, 'total_value': '€4.70bn', 'competition_type': 'first_tier', 'competition_name': 'Ligue 1', 'href': '/ligue-1/startseite/wettbewerb/FR1', 'seasoned_href': 'https://www.transfermarkt.co.uk/ligue-1/startseite/wettbewerb/FR1/plus/0?saison_id=2021'}",,22,27.2,8,36.4 %,1,Stade Atlantique Bordeaux Métropole,42115,-0.0,Jean-Louis Gasset,/jean-louis-gasset/profil/trainer/2024,https://tmssl.akamaized.net//images/wappen/head/40.png?lm=1627322046,,fc-girondins-bordeaux,FC Girondins Bordeaux,2021-ligue-1,2021,ligue-1,Ligue 1,France,€4.70bn,first_tier,4700000000.0,36.4
club,/leicester-city/startseite/verein/1003,"{'type': 'competition', 'country_id': '189', 'country_name': 'England', 'country_code': 'GB1', 'total_clubs': '20', 'total_players': '555', 'average_age': '26.5', 'foreigner_percentage': '70.6 %', 'average_market_value': None, 'total_value': '€12.47bn', 'competition_type': 'first_tier', 'competition_name': 'Premier League', 'href': '/premier-league/startseite/wettbewerb/GB1', 'seasoned_href': 'https://www.transfermarkt.co.uk/premier-league/startseite/wettbewerb/GB1/plus/0?saison_id=2021'}",,27,26.3,15,55.6 %,7,King Power Stadium,32259,57300000.0,Brendan Rodgers,/brendan-rodgers/profil/trainer/1366,https://tmssl.akamaized.net//images/wappen/head/1003.png?lm=1472229265,,leicester-city,Leicester City,2021-premier-league,2021,premier-league,Premier League,England,€12.47bn,first_tier,12470000000.0,55.6
club,/wolverhampton-wanderers/startseite/verein/543,"{'type': 'competition', 'country_id': '189', 'country_name': 'England', 'country_code': 'GB1', 'total_clubs': '20', 'total_players': '555', 'average_age': '26.5', 'foreigner_percentage': '70.6 %', 'average_market_value': None, 'total_value': '€12.47bn', 'competition_type': 'first_tier', 'competition_name': 'Premier League', 'href': '/premier-league/startseite/wettbewerb/GB1', 'seasoned_href': 'https://www.transfermarkt.co.uk/premier-league/startseite/wettbewerb/GB1/plus/0?saison_id=2021'}",,27,26.1,22,81.5 %,14,Molineux Stadium,31750,81100000.0,Bruno Lage,/bruno-lage/profil/trainer/61477,https://tmssl.akamaized.net//images/wappen/head/543.png?lm=1467496784,,wolverhampton-wanderers,Wolverhampton Wanderers,2021-premier-league,2021,premier-league,Premier League,England,€12.47bn,first_tier,12470000000.0,81.5
club,/fc-chelsea/startseite/verein/631,"{'type': 'competition', 'country_id': '189', 'country_name': 'England', 'country_code': 'GB1', 'total_clubs': '20', 'total_players': '555', 'average_age': '26.5', 'foreigner_percentage': '70.6 %', 'average_market_value': None, 'total_value': '€12.47bn', 'competition_type': 'first_tier', 'competition_name': 'Premier League', 'href': '/premier-league/startseite/wettbewerb/GB1', 'seasoned_href': 'https://www.transfermarkt.co.uk/premier-league/startseite/wettbewerb/GB1/plus/0?saison_id=2021'}",,30,23.7,21,70.0 %,14,Stamford Bridge,41631,98000.0,Thomas Tuchel,/thomas-tuchel/profil/trainer/7471,https://tmssl.akamaized.net//images/wappen/head/631.png?lm=1682435911,,fc-chelsea,Chelsea FC,2021-premier-league,2021,premier-league,Premier League,England,€12.47bn,first_tier,12470000000.0,70.0
club,/manchester-city/startseite/verein/281,"{'type': 'competition', 'country_id': '189', 'country_name': 'England', 'country_code': 'GB1', 'total_clubs': '20', 'total_players': '555', 'average_age': '26.5', 'foreigner_percentage': '70.6 %', 'average_market_value': None, 'total_value': '€12.47bn', 'competition_type': 'first_tier', 'competition_name': 'Premier League', 'href': '/premier-league/startseite/wettbewerb/GB1', 'seasoned_href': 'https://www.transfermarkt.co.uk/premier-league/startseite/wettbewerb/GB1/plus/0?saison_id=2021'}",,28,26.4,19,67.9 %,22,Etihad Stadium,61000,-194520000.0,Pep Guardiola,/pep-guardiola/profil/trainer/5672,https://tmssl.akamaized.net//images/wappen/head/281.png?lm=1467356331,,manchester-city,Manchester City,2021-premier-league,2021,premier-league,Premier League,England,€12.47bn,first_tier,12470000000.0,67.9
club,/aston-villa/startseite/verein/405,"{'type': 'competition', 'country_id': '189', 'country_name': 'England', 'country_code': 'GB1', 'total_clubs': '20', 'total_players': '555', 'average_age': '26.5', 'foreigner_percentage': '70.6 %', 'average_market_value': None, 'total_value': '€12.47bn', 'competition_type': 'first_tier', 'competition_name': 'Premier League', 'href': '/premier-league/startseite/wettbewerb/GB1', 'seasoned_href': 'https://www.transfermarkt.co.uk/premier-league/startseite/wettbewerb/GB1/plus/0?saison_id=2021'}",,26,28.2,17,65.4 %,13,Villa Park,43205,-12650000.0,Dean Smith,/dean-smith/profil/trainer/15315,https://tmssl.akamaized.net//images/wappen/head/405.png?lm=1717155982,,aston-villa,Aston Villa,2021-premier-league,2021,premier-league,Premier League,England,€12.47bn,first_tier,12470000000.0,65.4
club,/tottenham-hotspur/startseite/verein/148,"{'type': 'competition', 'country_id': '189', 'country_name': 'England', 'country_code': 'GB1', 'total_clubs': '20', 'total_players': '555', 'average_age': '26.5', 'foreigner_percentage': '70.6 %', 'average_market_value': None, 'total_value': '€12.47bn', 'competition_type': 'first_tier', 'competition_name': 'Premier League', 'href': '/premier-league/startseite/wettbewerb/GB1', 'seasoned_href': 'https://www.transfermarkt.co.uk/premier-league/startseite/wettbewerb/GB1/plus/0?saison_id=2021'}",,30,25.7,22,73.3 %,19,Tottenham Hotspur Stadium,62850,-182900000.0,Nuno Espírito Santo,/nuno-espirito-santo/profil/trainer/16520,https://tmssl.akamaized.net//images/wappen/head/148.png?lm=1732011953,,tottenham-hotspur,Tottenham Hotspur,2021-premier-league,2021,premier-league,Premier League,England,€12.47bn,first_tier,12470000000.0,73.3
club,/fc-arsenal/startseite/verein/11,"{'type': 'competition', 'country_id': '189', 'country_name': 'England', 'country_code': 'GB1', 'total_clubs': '20', 'total_players': '555', 'average_age': '26.5', 'foreigner_percentage': '70.6 %', 'average_market_value': None, 'total_value': '€12.47bn', 'competition_type': 'first_tier', 'competition_name': 'Premier League', 'href': '/premier-league/startseite/wettbewerb/GB1', 'seasoned_href': 'https://www.transfermarkt.co.uk/premier-league/startseite/wettbewerb/GB1/plus/0?saison_id=2021'}",,24,26.6,17,70.8 %,20,Emirates Stadium,60704,-280730000.0,Mikel Arteta,/mikel-arteta/profil/trainer/47620,https://tmssl.akamaized.net//images/wappen/head/11.png?lm=1489787850,,fc-arsenal,Arsenal FC,2021-premier-league,2021,premier-league,Premier League,England,€12.47bn,first_tier,12470000000.0,70.8
club,/fc-everton/startseite/verein/29,"{'type': 'competition', 'country_id': '189', 'country_name': 'England', 'country_code': 'GB1', 'total_clubs': '20', 'total_players': '555', 'average_age': '26.5', 'foreigner_percentage': '70.6 %', 'average_market_value': None, 'total_value': '€12.47bn', 'competition_type': 'first_tier', 'competition_name': 'Premier League', 'href': '/premier-league/startseite/wettbewerb/GB1', 'seasoned_href': 'https://www.transfermarkt.co.uk/premier-league/startseite/wettbewerb/GB1/plus/0?saison_id=2021'}",,26,26.8,13,50.0 %,11,Hill Dickinson Stadium,52769,-117150000.0,Rafael Benítez,/rafael-benitez/profil/trainer/1522,https://tmssl.akamaized.net//images/wappen/head/29.png?lm=1445949846,,fc-everton,Everton FC,2021-premier-league,2021,premier-league,Premier League,England,€12.47bn,first_tier,12470000000.0,50.0
club,/manchester-united/startseite/verein/985,"{'type': 'competition', 'country_id': '189', 'country_name': 'England', 'country_code': 'GB1', 'total_clubs': '20', 'total_players': '555', 'average_age': '26.5', 'foreigner_percentage': '70.6 %', 'average_market_value': None, 'total_value': '€12.47bn', 'competition_type': 'first_tier', 'competition_name': 'Premier League', 'href': '/premier-league/startseite/wettbewerb/GB1', 'seasoned_href': 'https://www.transfermarkt.co.uk/premier-league/startseite/wettbewerb/GB1/plus/0?saison_id=2021'}",,25,26.5,18,72.0 %,16,Old Trafford,74879,-172500000.0,Ole Gunnar Solskjaer,/ole-gunnar-solskjaer/profil/trainer/7286,https://tmssl.akamaized.net//images/wappen/head/985.png?lm=1457975903,,manchester-united,Manchester United,2021-premier-league,2021,premier-league,Premier League,England,€12.47bn,first_tier,12470000000.0,72.0
club,/west-ham-united/startseite/verein/379,"{'type': 'competition', 'country_id': '189', 'country_name': 'England', 'country_code': 'GB1', 'total_clubs': '20', 'total_players': '555', 'average_age': '26.5', 'foreigner_percentage': '70.6 %', 'average_market_value': None, 'total_value': '€12.47bn', 'competition_type': 'first_tier', 'competition_name': 'Premier League', 'href': '/premier-league/startseite/wettbewerb/GB1', 'seasoned_href': 'https://www.transfermarkt.co.uk/premier-league/startseite/wettbewerb/GB1/plus/0?saison_id=2021'}",,23,27.1,17,73.9 %,9,London Stadium,62500,-53100000.0,David Moyes,/david-moyes/profil/trainer/450,https://tmssl.akamaized.net//images/wappen/head/379.png?lm=1464675260,,west-ham-united,West Ham United,2021-premier-league,2021,premier-league,Premier League,England,€12.47bn,first_tier,12470000000.0,73.9
club,/fc-southampton/startseite/verein/180,"{'type': 'competition', 'country_id': '189', 'country_name': 'England', 'country_code': 'GB1', 'total_clubs': '20', 'total_players': '555', 'average_age': '26.5', 'foreigner_percentage': '70.6 %', 'average_market_value': None, 'total_value': '€12.47bn', 'competition_type': 'first_tier', 'competition_name': 'Premier League', 'href': '/premier-league/startseite/wettbewerb/GB1', 'seasoned_href': 'https://www.transfermarkt.co.uk/premier-league/startseite/wettbewerb/GB1/plus/0?saison_id=2021'}",,31,26.7,19,61.3 %,9,St Mary's Stadium,32384,87060000.0,Ralph Hasenhüttl,/ralph-hasenhuttl/profil/trainer/2300,https://tmssl.akamaized.net//images/wappen/head/180.png?lm=1444560086,,fc-southampton,Southampton FC,2021-premier-league,2021,premier-league,Premier League,England,€12.47bn,first_tier,12470000000.0,61.3
club,/brighton-amp-hove-albion/startseite/verein/1237,"{'type': 'competition', 'country_id': '189', 'country_name': 'England', 'country_code': 'GB1', 'total_clubs': '20', 'total_players': '555', 'average_age': '26.5', 'foreigner_percentage': '70.6 %', 'average_market_value': None, 'total_value': '€12.47bn', 'competition_type': 'first_tier', 'competition_name': 'Premier League', 'href': '/premier-league/startseite/wettbewerb/GB1', 'seasoned_href': 'https://www.transfermarkt.co.uk/premier-league/startseite/wettbewerb/GB1/plus/0?saison_id=2021'}",,33,26.6,22,66.7 %,17,AMEX Stadium,31876,63150000.0,Graham Potter,/graham-potter/profil/trainer/23954,https://tmssl.akamaized.net//images/wappen/head/1237.png?lm=1492718902,,brighton-amp-hove-albion,Brighton & Hove Albion,2021-premier-league,2021,premier-league,Premier League,England,€12.47bn,first_tier,12470000000.0,66.7
club,/newcastle-united/startseite/verein/762,"{'type': 'competition', 'country_id': '189', 'country_name': 'England', 'country_code': 'GB1', 'total_clubs': '20', 'total_players': '555', 'average_age': '26.5', 'foreigner_percentage': '70.6 %', 'average_market_value': None, 'total_value': '€12.47bn', 'competition_type': 'first_tier', 'competition_name': 'Premier League', 'href': '/premier-league/startseite/wettbewerb/GB1', 'seasoned_href': 'https://www.transfermarkt.co.uk/premier-league/startseite/wettbewerb/GB1/plus/0?saison_id=2021'}",,29,28.1,13,44.8 %,16,St James' Park,52258,-102850000.0,Steve Bruce,/steve-bruce/profil/trainer/447,https://tmssl.akamaized.net//images/wappen/head/762.png?lm=1472921161,,newcastle-united,Newcastle United,2021-premier-league,2021,premier-league,Premier League,England,€12.47bn,first_tier,12470000000.0,44.8
club,/crystal-palace/startseite/verein/873,"{'type': 'competition', 'country_id': '189', 'country_name': 'England', 'country_code': 'GB1', 'total_clubs': '20', 'total_players': '555', 'average_age': '26.5', 'foreigner_percentage': '70.6 %', 'average_market_value': None, 'total_value': '€12.47bn', 'competition_type': 'first_tier', 'competition_name': 'Premier League', 'href': '/premier-league/startseite/wettbewerb/GB1', 'seasoned_href': 'https://www.transfermarkt.co.uk/premier-league/startseite/wettbewerb/GB1/plus/0?saison_id=2021'}",,30,26.3,20,66.7 %,20,Selhurst Park,25486,-47850000.0,Patrick Vieira,/patrick-vieira/profil/trainer/20029,https://tmssl.akamaized.net//images/wappen/head/873.png?lm=1457723287,,crystal-palace,Crystal Palace,2021-premier-league,2021,premier-league,Premier League,England,€12.47bn,first_tier,12470000000.0,66.7
club,/leeds-united/startseite/verein/399,"{'type': 'competition', 'country_id': '189', 'country_name': 'England', 'country_code': 'GB1', 'total_clubs': '20', 'total_players': '555', 'average_age': '26.5', 'foreigner_percentage': '70.6 %', 'average_market_value': None, 'total_value': '€12.47bn', 'competition_type': 'first_tier', 'competition_name': 'Premier League', 'href': '/premier-league/startseite/wettbewerb/GB1', 'seasoned_href': 'https://www.transfermarkt.co.uk/premier-league/startseite/wettbewerb/GB1/plus/0?saison_id=2021'}",,26,27.4,20,76.9 %,14,Elland Road,37890,-106700000.0,Marcelo Bielsa,/marcelo-bielsa/profil/trainer/2553,https://tmssl.akamaized.net//images/wappen/head/399.png?lm=1645652224,,leeds-united,Leeds United,2021-premier-league,2021,premier-league,Premier League,England,€12.47bn,first_tier,12470000000.0,76.9
club,/norwich-city/startseite/verein/1123,"{'type': 'competition', 'country_id': '189', 'country_name': 'England', 'country_code': 'GB1', 'total_clubs': '20', 'total_players': '555', 'average_age': '26.5', 'foreigner_percentage': '70.6 %', 'average_market_value': None, 'total_value': '€12.47bn', 'competition_type': 'first_tier', 'competition_name': 'Premier League', 'href': '/premier-league/startseite/wettbewerb/GB1', 'seasoned_href': 'https://www.transfermarkt.co.uk/premier-league/startseite/wettbewerb/GB1/plus/0?saison_id=2021'}",,36,24.8,23,63.9 %,7,Carrow Road,27244,21520000.0,Daniel Farke,/daniel-farke/profil/trainer/10939,https://tmssl.akamaized.net//images/wappen/head/1123.png?lm=1655469640,,norwich-city,Norwich City,2021-premier-league,2021,premier-league,Premier League,England,€12.47bn,first_tier,12470000000.0,63.9
club,/fc-watford/startseite/verein/1010,"{'type': 'competition', 'country_id': '189', 'country_name': 'England', 'country_code': 'GB1', 'total_clubs': '20', 'total_players': '555', 'average_age': '26.5', 'foreigner_percentage': '70.6 %', 'average_market_value': None, 'total_value': '€12.47bn', 'competition_type': 'first_tier', 'competition_name': 'Premier League', 'href': '/premier-league/startseite/wettbewerb/GB1', 'seasoned_href': 'https://www.transfermarkt.co.uk/premier-league/startseite/wettbewerb/GB1/plus/0?saison_id=2021'}",,29,24.6,23,79.3 %,12,Vicarage Road,21577,6070000.0,Xisco Muñoz,/xisco-munoz/profil/trainer/67577,https://tmssl.akamaized.net//images/wappen/head/1010.png?lm=1468103673,,fc-watford,Watford FC,2021-premier-league,2021,premier-league,Premier League,England,€12.47bn,first_tier,12470000000.0,79.3
club,/fc-brentford/startseite/verein/1148,"{'type': 'competition', 'country_id': '189', 'country_name': 'England', 'country_code': 'GB1', 'total_clubs': '20', 'total_players': '555', 'average_age': '26.5', 'foreigner_percentage': '70.6 %', 'average_market_value': None, 'total_value': '€12.47bn', 'competition_type': 'first_tier', 'competition_name': 'Premier League', 'href': '/premier-league/startseite/wettbewerb/GB1', 'seasoned_href': 'https://www.transfermarkt.co.uk/premier-league/startseite/wettbewerb/GB1/plus/0?saison_id=2021'}",,31,25.2,22,71.0 %,15,Gtech Community Stadium,17250,50910000.0,Thomas Frank,/thomas-frank/profil/trainer/9002,https://tmssl.akamaized.net//images/wappen/head/1148.png?lm=1625150543,,fc-brentford,Brentford FC,2021-premier-league,2021,premier-league,Premier League,England,€12.47bn,first_tier,12470000000.0,71.0
club,/fc-burnley/startseite/verein/1132,"{'type': 'competition', 'country_id': '189', 'country_name': 'England', 'country_code': 'GB1', 'total_clubs': '20', 'total_players': '555', 'average_age': '26.5', 'foreigner_percentage': '70.6 %', 'average_market_value': None, 'total_value': '€12.47bn', 'competition_type': 'first_tier', 'competition_name': 'Premier League', 'href': '/premier-league/startseite/wettbewerb/GB1', 'seasoned_href': 'https://www.transfermarkt.co.uk/premier-league/startseite/wettbewerb/GB1/plus/0?saison_id=2021'}",,31,27.7,22,71.0 %,11,Turf Moor,21994,-96500000.0,Sean Dyche,/sean-dyche/profil/trainer/15856,https://tmssl.akamaized.net//images/wappen/head/1132.png?lm=1686818840,,fc-burnley,Burnley FC,2021-premier-league,2021,premier-league,Premier League,England,€12.47bn,first_tier,12470000000.0,71.0
club,/fc-liverpool/startseite/verein/31,"{'type': 'competition', 'country_id': '189', 'country_name': 'England', 'country_code': 'GB1', 'total_clubs': '20', 'total_players': '555', 'average_age': '26.5', 'foreigner_percentage': '70.6 %', 'average_market_value': None, 'total_value': '€12.47bn', 'competition_type': 'first_tier', 'competition_name': 'Premier League', 'href': '/premier-league/startseite/wettbewerb/GB1', 'seasoned_href': 'https://www.transfermarkt.co.uk/premier-league/startseite/wettbewerb/GB1/plus/0?saison_id=2021'}",,28,26.2,21,75.0 %,17,Anfield,61276,-261850000.0,Jürgen Klopp,/jurgen-klopp/profil/trainer/118,https://tmssl.akamaized.net//images/wappen/head/31.png?lm=1727873452,,fc-liverpool,Liverpool FC,2021-premier-league,2021,premier-league,Premier League,England,€12.47bn,first_tier,12470000000.0,75.0
club,/atalanta-bergamo/startseite/verein/800,"{'type': 'competition', 'country_id': '75', 'country_name': 'Italy', 'country_code': 'IT1', 'total_clubs': '20', 'total_players': '536', 'average_age': '26.9', 'foreigner_percentage': '68.7 %', 'average_market_value': None, 'total_value': '€5.28bn', 'competition_type': 'first_tier', 'competition_name': 'Serie A', 'href': '/serie-a/startseite/wettbewerb/IT1', 'seasoned_href': 'https://www.transfermarkt.co.uk/serie-a/startseite/wettbewerb/IT1/plus/0?saison_id=2021'}",,24,27.5,14,58.3 %,18,New Balance Arena - Bergamo,24950,-8280000.0,Gian Piero Gasperini,/gian-piero-gasperini/profil/trainer/3436,https://tmssl.akamaized.net//images/wappen/head/800.png?lm=1780904763,,atalanta-bergamo,Atalanta BC,2021-serie-a,2021,serie-a,Serie A,Italy,€5.28bn,first_tier,5280000000.0,58.3
club,/fc-turin/startseite/verein/416,"{'type': 'competition', 'country_id': '75', 'country_name': 'Italy', 'country_code': 'IT1', 'total_clubs': '20', 'total_players': '536', 'average_age': '26.9', 'foreigner_percentage': '68.7 %', 'average_market_value': None, 'total_value': '€5.28bn', 'competition_type': 'first_tier', 'competition_name': 'Serie A', 'href': '/serie-a/startseite/wettbewerb/IT1', 'seasoned_href': 'https://www.transfermarkt.co.uk/serie-a/startseite/wettbewerb/IT1/plus/0?saison_id=2021'}",,30,26.4,24,80.0 %,10,Olimpico Grande Torino,28177,21840000.0,Ivan Juric,/ivan-juric/profil/trainer/16508,https://tmssl.akamaized.net//images/wappen/head/416.png?lm=1438548174,,fc-turin,Torino FC,2021-serie-a,2021,serie-a,Serie A,Italy,€5.28bn,first_tier,5280000000.0,80.0
club,/juventus-turin/startseite/verein/506,"{'type': 'competition', 'country_id': '75', 'country_name': 'Italy', 'country_code': 'IT1', 'total_clubs': '20', 'total_players': '536', 'average_age': '26.9', 'foreigner_percentage': '68.7 %', 'average_market_value': None, 'total_value': '€5.28bn', 'competition_type': 'first_tier', 'competition_name': 'Serie A', 'href': '/serie-a/startseite/wettbewerb/IT1', 'seasoned_href': 'https://www.transfermarkt.co.uk/serie-a/startseite/wettbewerb/IT1/plus/0?saison_id=2021'}",,25,27.5,18,72.0 %,18,Allianz Stadium,41507,-48750000.0,Massimiliano Allegri,/massimiliano-allegri/profil/trainer/7671,https://tmssl.akamaized.net//images/wappen/head/506.png?lm=1626441487,,juventus-turin,Juventus FC,2021-serie-a,2021,serie-a,Serie A,Italy,€5.28bn,first_tier,5280000000.0,72.0
club,/ssc-neapel/startseite/verein/6195,"{'type': 'competition', 'country_id': '75', 'country_name': 'Italy', 'country_code': 'IT1', 'total_clubs': '20', 'total_players': '536', 'average_age': '26.9', 'foreigner_percentage': '68.7 %', 'average_market_value': None, 'total_value': '€5.28bn', 'competition_type': 'first_tier', 'competition_name': 'Serie A', 'href': '/serie-a/startseite/wettbewerb/IT1', 'seasoned_href': 'https://www.transfermarkt.co.uk/serie-a/startseite/wettbewerb/IT1/plus/0?saison_id=2021'}",,26,28.8,17,65.4 %,16,Diego Armando Maradona,54726,-15350000.0,Luciano Spalletti,/luciano-spalletti/profil/trainer/517,https://tmssl.akamaized.net//images/wappen/head/6195.png?lm=1753167643,,ssc-neapel,SSC Napoli,2021-serie-a,2021,serie-a,Serie A,Italy,€5.28bn,first_tier,5280000000.0,65.4
club,/lazio-rom/startseite/verein/398,"{'type': 'competition', 'country_id': '75', 'country_name': 'Italy', 'country_code': 'IT1', 'total_clubs': '20', 'total_players': '536', 'average_age': '26.9', 'foreigner_percentage': '68.7 %', 'average_market_value': None, 'total_value': '€5.28bn', 'competition_type': 'first_tier', 'competition_name': 'Serie A', 'href': '/serie-a/startseite/wettbewerb/IT1', 'seasoned_href': 'https://www.transfermarkt.co.uk/serie-a/startseite/wettbewerb/IT1/plus/0?saison_id=2021'}",,28,27.8,17,60.7 %,11,Olimpico di Roma,70634,13550000.0,Maurizio Sarri,/maurizio-sarri/profil/trainer/10073,https://tmssl.akamaized.net//images/wappen/head/398.png?lm=1601537785,,lazio-rom,SS Lazio,2021-serie-a,2021,serie-a,Serie A,Italy,€5.28bn,first_tier,5280000000.0,60.7
club,/inter-mailand/startseite/verein/46,"{'type': 'competition', 'country_id': '75', 'country_name': 'Italy', 'country_code': 'IT1', 'total_clubs': '20', 'total_players': '536', 'average_age': '26.9', 'foreigner_percentage': '68.7 %', 'average_market_value': None, 'total_value': '€5.28bn', 'competition_type': 'first_tier', 'competition_name': 'Serie A', 'href': '/serie-a/startseite/wettbewerb/IT1', 'seasoned_href': 'https://www.transfermarkt.co.uk/serie-a/startseite/wettbewerb/IT1/plus/0?saison_id=2021'}",,24,29.5,16,66.7 %,15,Giuseppe Meazza,75923,-48350000.0,Simone Inzaghi,/simone-inzaghi/profil/trainer/21624,https://tmssl.akamaized.net//images/wappen/head/46.png?lm=1618900989,,inter-mailand,Inter Milan,2021-serie-a,2021,serie-a,Serie A,Italy,€5.28bn,first_tier,5280000000.0,66.7
club,/ac-florenz/startseite/verein/430,"{'type': 'competition', 'country_id': '75', 'country_name': 'Italy', 'country_code': 'IT1', 'total_clubs': '20', 'total_players': '536', 'average_age': '26.9', 'foreigner_percentage': '68.7 %', 'average_market_value': None, 'total_value': '€5.28bn', 'competition_type': 'first_tier', 'competition_name': 'Serie A', 'href': '/serie-a/startseite/wettbewerb/IT1', 'seasoned_href': 'https://www.transfermarkt.co.uk/serie-a/startseite/wettbewerb/IT1/plus/0?saison_id=2021'}",,27,26.1,11,40.7 %,9,Artemio Franchi,43147,-29210000.0,Vincenzo Italiano,/vincenzo-italiano/profil/trainer/47288,https://tmssl.akamaized.net//images/wappen/head/430.png?lm=1722844765,,ac-florenz,ACF Fiorentina,2021-serie-a,2021,serie-a,Serie A,Italy,€5.28bn,first_tier,5280000000.0,40.7
club,/us-sassuolo/startseite/verein/6574,"{'type': 'competition', 'country_id': '75', 'country_name': 'Italy', 'country_code': 'IT1', 'total_clubs': '20', 'total_players': '536', 'average_age': '26.9', 'foreigner_percentage': '68.7 %', 'average_market_value': None, 'total_value': '€5.28bn', 'competition_type': 'first_tier', 'competition_name': 'Serie A', 'href': '/serie-a/startseite/wettbewerb/IT1', 'seasoned_href': 'https://www.transfermarkt.co.uk/serie-a/startseite/wettbewerb/IT1/plus/0?saison_id=2021'}",,29,26.1,18,62.1 %,12,Mapei Stadium - Città del Tricolore,21584,-34630000.0,Alessio Dionisi,/alessio-dionisi/profil/trainer/36126,https://tmssl.akamaized.net//images/wappen/head/6574.png?lm=1755894334,,us-sassuolo,US Sassuolo,2021-serie-a,2021,serie-a,Serie A,Italy,€5.28bn,first_tier,5280000000.0,62.1
club,/ac-mailand/startseite/verein/5,"{'type': 'competition', 'country_id': '75', 'country_name': 'Italy', 'country_code': 'IT1', 'total_clubs': '20', 'total_players': '536', 'average_age': '26.9', 'foreigner_percentage': '68.7 %', 'average_market_value': None, 'total_value': '€5.28bn', 'competition_type': 'first_tier', 'competition_name': 'Serie A', 'href': '/serie-a/startseite/wettbewerb/IT1', 'seasoned_href': 'https://www.transfermarkt.co.uk/serie-a/startseite/wettbewerb/IT1/plus/0?saison_id=2021'}",,23,27.4,18,78.3 %,19,Giuseppe Meazza,75923,6000000.0,Stefano Pioli,/stefano-pioli/profil/trainer/2135,https://tmssl.akamaized.net//images/wappen/head/5.png?lm=1605166627,,ac-mailand,AC Milan,2021-serie-a,2021,serie-a,Serie A,Italy,€5.28bn,first_tier,5280000000.0,78.3
club,/as-rom/startseite/verein/12,"{'type': 'competition', 'country_id': '75', 'country_name': 'Italy', 'country_code': 'IT1', 'total_clubs': '20', 'total_players': '536', 'average_age': '26.9', 'foreigner_percentage': '68.7 %', 'average_market_value': None, 'total_value': '€5.28bn', 'competition_type': 'first_tier', 'competition_name': 'Serie A', 'href': '/serie-a/startseite/wettbewerb/IT1', 'seasoned_href': 'https://www.transfermarkt.co.uk/serie-a/startseite/wettbewerb/IT1/plus/0?saison_id=2021'}",,27,26.3,19,70.4 %,13,Olimpico di Roma,70634,-24450000.0,José Mourinho,/jose-mourinho/profil/trainer/781,https://tmssl.akamaized.net//images/wappen/head/12.png?lm=1751979202,,as-rom,AS Roma,2021-serie-a,2021,serie-a,Serie A,Italy,€5.28bn,first_tier,5280000000.0,70.4
club,/fc-bologna/startseite/verein/1025,"{'type': 'competition', 'country_id': '75', 'country_name': 'Italy', 'country_code': 'IT1', 'total_clubs': '20', 'total_players': '536', 'average_age': '26.9', 'foreigner_percentage': '68.7 %', 'average_market_value': None, 'total_value': '€5.28bn', 'competition_type': 'first_tier', 'competition_name': 'Serie A', 'href': '/serie-a/startseite/wettbewerb/IT1', 'seasoned_href': 'https://www.transfermarkt.co.uk/serie-a/startseite/wettbewerb/IT1/plus/0?saison_id=2021'}",,27,27.4,17,63.0 %,11,Stadio Renato Dall’Ara,36462,27700000.0,Sinisa Mihajlovic,/sinisa-mihajlovic/profil/trainer/3896,https://tmssl.akamaized.net//images/wappen/head/1025.png?lm=1626441324,,fc-bologna,Bologna FC 1909,2021-serie-a,2021,serie-a,Serie A,Italy,€5.28bn,first_tier,5280000000.0,63.0
club,/hellas-verona/startseite/verein/276,"{'type': 'competition', 'country_id': '75', 'country_name': 'Italy', 'country_code': 'IT1', 'total_clubs': '20', 'total_players': '536', 'average_age': '26.9', 'foreigner_percentage': '68.7 %', 'average_market_value': None, 'total_value': '€5.28bn', 'competition_type': 'first_tier', 'competition_name': 'Serie A', 'href': '/serie-a/startseite/wettbewerb/IT1', 'seasoned_href': 'https://www.transfermarkt.co.uk/serie-a/startseite/wettbewerb/IT1/plus/0?saison_id=2021'}",,30,26.0,26,86.7 %,9,Marcantonio Bentegodi,39211,7300000.0,Eusebio Di Francesco,/eusebio-di-francesco/profil/trainer/12924,https://tmssl.akamaized.net//images/wappen/head/276.png?lm=1617228746,,hellas-verona,Hellas Verona,2021-serie-a,2021,serie-a,Serie A,Italy,€5.28bn,first_tier,5280000000.0,86.7
club,/cagliari-calcio/startseite/verein/1390,"{'type': 'competition', 'country_id': '75', 'country_name': 'Italy', 'country_code': 'IT1', 'total_clubs': '20', 'total_players': '536', 'average_age': '26.9', 'foreigner_percentage': '68.7 %', 'average_market_value': None, 'total_value': '€5.28bn', 'competition_type': 'first_tier', 'competition_name': 'Serie A', 'href': '/serie-a/startseite/wettbewerb/IT1', 'seasoned_href': 'https://www.transfermarkt.co.uk/serie-a/startseite/wettbewerb/IT1/plus/0?saison_id=2021'}",,29,25.6,14,48.3 %,6,Unipol Domus,16416,800000.0,Leonardo Semplici,/leonardo-semplici/profil/trainer/14546,https://tmssl.akamaized.net//images/wappen/head/1390.png?lm=1626441409,,cagliari-calcio,Cagliari Calcio,2021-serie-a,2021,serie-a,Serie A,Italy,€5.28bn,first_tier,5280000000.0,48.3
club,/udinese-calcio/startseite/verein/410,"{'type': 'competition', 'country_id': '75', 'country_name': 'Italy', 'country_code': 'IT1', 'total_clubs': '20', 'total_players': '536', 'average_age': '26.9', 'foreigner_percentage': '68.7 %', 'average_market_value': None, 'total_value': '€5.28bn', 'competition_type': 'first_tier', 'competition_name': 'Serie A', 'href': '/serie-a/startseite/wettbewerb/IT1', 'seasoned_href': 'https://www.transfermarkt.co.uk/serie-a/startseite/wettbewerb/IT1/plus/0?saison_id=2021'}",,26,26.3,21,80.8 %,8,Bluenergy Stadium,25144,47650000.0,Luca Gotti,/luca-gotti/profil/trainer/7521,https://tmssl.akamaized.net//images/wappen/head/410.png?lm=1688982584,,udinese-calcio,Udinese Calcio,2021-serie-a,2021,serie-a,Serie A,Italy,€5.28bn,first_tier,5280000000.0,80.8
club,/fc-empoli/startseite/verein/749,"{'type': 'competition', 'country_id': '75', 'country_name': 'Italy', 'country_code': 'IT1', 'total_clubs': '20', 'total_players': '536', 'average_age': '26.9', 'foreigner_percentage': '68.7 %', 'average_market_value': None, 'total_value': '€5.28bn', 'competition_type': 'first_tier', 'competition_name': 'Serie A', 'href': '/serie-a/startseite/wettbewerb/IT1', 'seasoned_href': 'https://www.transfermarkt.co.uk/serie-a/startseite/wettbewerb/IT1/plus/0?saison_id=2021'}",,33,24.7,9,27.3 %,1,Carlo Castellani,19847,23330000.0,Aurelio Andreazzoli,/aurelio-andreazzoli/profil/trainer/8646,https://tmssl.akamaized.net//images/wappen/head/749.png?lm=1626441481,,fc-empoli,FC Empoli,2021-serie-a,2021,serie-a,Serie A,Italy,€5.28bn,first_tier,5280000000.0,27.3
club,/sampdoria-genua/startseite/verein/1038,"{'type': 'competition', 'country_id': '75', 'country_name': 'Italy', 'country_code': 'IT1', 'total_clubs': '20', 'total_players': '536', 'average_age': '26.9', 'foreigner_percentage': '68.7 %', 'average_market_value': None, 'total_value': '€5.28bn', 'competition_type': 'first_tier', 'competition_name': 'Serie A', 'href': '/serie-a/startseite/wettbewerb/IT1', 'seasoned_href': 'https://www.transfermarkt.co.uk/serie-a/startseite/wettbewerb/IT1/plus/0?saison_id=2021'}",,30,27.2,8,26.7 %,3,Luigi Ferraris,33205,-11730000.0,Roberto D'Aversa,/roberto-daversa/profil/trainer/35782,https://tmssl.akamaized.net//images/wappen/head/1038.png?lm=1520934353,,sampdoria-genua,UC Sampdoria,2021-serie-a,2021,serie-a,Serie A,Italy,€5.28bn,first_tier,5280000000.0,26.7
club,/genua-cfc/startseite/verein/252,"{'type': 'competition', 'country_id': '75', 'country_name': 'Italy', 'country_code': 'IT1', 'total_clubs': '20', 'total_players': '536', 'average_age': '26.9', 'foreigner_percentage': '68.7 %', 'average_market_value': None, 'total_value': '€5.28bn', 'competition_type': 'first_tier', 'competition_name': 'Serie A', 'href': '/serie-a/startseite/wettbewerb/IT1', 'seasoned_href': 'https://www.transfermarkt.co.uk/serie-a/startseite/wettbewerb/IT1/plus/0?saison_id=2021'}",,26,26.8,18,69.2 %,8,Luigi Ferraris,34901,47930000.0,Davide Ballardini,/davide-ballardini/profil/trainer/3793,https://tmssl.akamaized.net//images/wappen/head/252.png?lm=1655305880,,genua-cfc,Genoa CFC,2021-serie-a,2021,serie-a,Serie A,Italy,€5.28bn,first_tier,5280000000.0,69.2
club,/spezia-calcio/startseite/verein/3522,"{'type': 'competition', 'country_id': '75', 'country_name': 'Italy', 'country_code': 'IT1', 'total_clubs': '20', 'total_players': '536', 'average_age': '26.9', 'foreigner_percentage': '68.7 %', 'average_market_value': None, 'total_value': '€5.28bn', 'competition_type': 'first_tier', 'competition_name': 'Serie A', 'href': '/serie-a/startseite/wettbewerb/IT1', 'seasoned_href': 'https://www.transfermarkt.co.uk/serie-a/startseite/wettbewerb/IT1/plus/0?saison_id=2021'}",,28,26.8,11,39.3 %,1,Alberto Picco,12273,5630000.0,Thiago Motta,/thiago-motta/profil/trainer/61868,https://tmssl.akamaized.net//images/wappen/head/3522.png?lm=1751366796,,spezia-calcio,Spezia Calcio,2021-serie-a,2021,serie-a,Serie A,Italy,€5.28bn,first_tier,5280000000.0,39.3
club,/venezia-fc/startseite/verein/607,"{'type': 'competition', 'country_id': '75', 'country_name': 'Italy', 'country_code': 'IT1', 'total_clubs': '20', 'total_players': '536', 'average_age': '26.9', 'foreigner_percentage': '68.7 %', 'average_market_value': None, 'total_value': '€5.28bn', 'competition_type': 'first_tier', 'competition_name': 'Serie A', 'href': '/serie-a/startseite/wettbewerb/IT1', 'seasoned_href': 'https://www.transfermarkt.co.uk/serie-a/startseite/wettbewerb/IT1/plus/0?saison_id=2021'}",,29,26.5,19,65.5 %,8,Pier Luigi Penzo,12048,-12360000.0,Paolo Zanetti,/paolo-zanetti/profil/trainer/52249,https://tmssl.akamaized.net//images/wappen/head/607.png?lm=1657392944,,venezia-fc,Venezia FC,2021-serie-a,2021,serie-a,Serie A,Italy,€5.28bn,first_tier,5280000000.0,65.5
club,/us-salernitana-1919/startseite/verein/380,"{'type': 'competition', 'country_id': '75', 'country_name': 'Italy', 'country_code': 'IT1', 'total_clubs': '20', 'total_players': '536', 'average_age': '26.9', 'foreigner_percentage': '68.7 %', 'average_market_value': None, 'total_value': '€5.28bn', 'competition_type': 'first_tier', 'competition_name': 'Serie A', 'href': '/serie-a/startseite/wettbewerb/IT1', 'seasoned_href': 'https://www.transfermarkt.co.uk/serie-a/startseite/wettbewerb/IT1/plus/0?saison_id=2021'}",,26,27.1,7,26.9 %,0,Arechi,29739,2140000.0,Fabrizio Castori,/fabrizio-castori/profil/trainer/2126,https://tmssl.akamaized.net//images/wappen/head/380.png?lm=1601390035,,us-salernitana-1919,US Salernitana 1919,2021-serie-a,2021,serie-a,Serie A,Italy,€5.28bn,first_tier,5280000000.0,26.9
club,/1-fc-union-berlin/startseite/verein/89,"{'type': 'competition', 'country_id': '40', 'country_name': 'Germany', 'country_code': 'L1', 'total_clubs': '18', 'total_players': '515', 'average_age': '26.1', 'foreigner_percentage': '59.0 %', 'average_market_value': '\n', 'total_value': '€5.13bn', 'competition_type': 'first_tier', 'competition_name': 'Bundesliga', 'href': '/bundesliga/startseite/wettbewerb/L1', 'seasoned_href': 'https://www.transfermarkt.co.uk/bundesliga/startseite/wettbewerb/L1/plus/0?saison_id=2022'}",,26,27.2,17,65.4 %,8,Stadion An der Alten Försterei,22012,300000.0,Urs Fischer,/urs-fischer/profil/trainer/5965,https://tmssl.akamaized.net//images/wappen/head/89.png?lm=1402956210,,1-fc-union-berlin,1.FC Union Berlin,2022-bundesliga,2022,bundesliga,Bundesliga,Germany,€5.13bn,first_tier,5130000000.0,65.4
club,/rasenballsport-leipzig/startseite/verein/23826,"{'type': 'competition', 'country_id': '40', 'country_name': 'Germany', 'country_code': 'L1', 'total_clubs': '18', 'total_players': '515', 'average_age': '26.1', 'foreigner_percentage': '59.0 %', 'average_market_value': '\n', 'total_value': '€5.13bn', 'competition_type': 'first_tier', 'competition_name': 'Bundesliga', 'href': '/bundesliga/startseite/wettbewerb/L1', 'seasoned_href': 'https://www.transfermarkt.co.uk/bundesliga/startseite/wettbewerb/L1/plus/0?saison_id=2022'}",,28,24.3,19,67.9 %,12,Red Bull Arena,47069,38050000.0,Domenico Tedesco,/domenico-tedesco/profil/trainer/30857,https://tmssl.akamaized.net//images/wappen/head/23826.png?lm=1619431624,,rasenballsport-leipzig,RB Leipzig,2022-bundesliga,2022,bundesliga,Bundesliga,Germany,€5.13bn,first_tier,5130000000.0,67.9
club,/tsg-1899-hoffenheim/startseite/verein/533,"{'type': 'competition', 'country_id': '40', 'country_name': 'Germany', 'country_code': 'L1', 'total_clubs': '18', 'total_players': '515', 'average_age': '26.1', 'foreigner_percentage': '59.0 %', 'average_market_value': '\n', 'total_value': '€5.13bn', 'competition_type': 'first_tier', 'competition_name': 'Bundesliga', 'href': '/bundesliga/startseite/wettbewerb/L1', 'seasoned_href': 'https://www.transfermarkt.co.uk/bundesliga/startseite/wettbewerb/L1/plus/0?saison_id=2022'}",,29,25.6,20,69.0 %,11,PreZero Arena,30150,1350000.0,André Breitenreiter,/andre-breitenreiter/profil/trainer/17465,https://tmssl.akamaized.net//images/wappen/head/533.png?lm=1675591766,,tsg-1899-hoffenheim,TSG 1899 Hoffenheim,2022-bundesliga,2022,bundesliga,Bundesliga,Germany,€5.13bn,first_tier,5130000000.0,69.0
club,/borussia-dortmund/startseite/verein/16,"{'type': 'competition', 'country_id': '40', 'country_name': 'Germany', 'country_code': 'L1', 'total_clubs': '18', 'total_players': '515', 'average_age': '26.1', 'foreigner_percentage': '59.0 %', 'average_market_value': '\n', 'total_value': '€5.13bn', 'competition_type': 'first_tier', 'competition_name': 'Bundesliga', 'href': '/bundesliga/startseite/wettbewerb/L1', 'seasoned_href': 'https://www.transfermarkt.co.uk/bundesliga/startseite/wettbewerb/L1/plus/0?saison_id=2022'}",,26,26.5,14,53.8 %,16,SIGNAL IDUNA PARK,81365,-23200000.0,Edin Terzic,/edin-terzic/profil/trainer/14226,https://tmssl.akamaized.net//images/wappen/head/16.png?lm=1396275280,,borussia-dortmund,Borussia Dortmund,2022-bundesliga,2022,bundesliga,Bundesliga,Germany,€5.13bn,first_tier,5130000000.0,53.8
club,/sc-freiburg/startseite/verein/60,"{'type': 'competition', 'country_id': '40', 'country_name': 'Germany', 'country_code': 'L1', 'total_clubs': '18', 'total_players': '515', 'average_age': '26.1', 'foreigner_percentage': '59.0 %', 'average_market_value': '\n', 'total_value': '€5.13bn', 'competition_type': 'first_tier', 'competition_name': 'Bundesliga', 'href': '/bundesliga/startseite/wettbewerb/L1', 'seasoned_href': 'https://www.transfermarkt.co.uk/bundesliga/startseite/wettbewerb/L1/plus/0?saison_id=2022'}",,25,28.2,9,36.0 %,5,Europa-Park Stadion,34700,-2650000.0,Christian Streich,/christian-streich/profil/trainer/2989,https://tmssl.akamaized.net//images/wappen/head/60.png?lm=1517249279,,sc-freiburg,SC Freiburg,2022-bundesliga,2022,bundesliga,Bundesliga,Germany,€5.13bn,first_tier,5130000000.0,36.0
club,/vfl-wolfsburg/startseite/verein/82,"{'type': 'competition', 'country_id': '40', 'country_name': 'Germany', 'country_code': 'L1', 'total_clubs': '18', 'total_players': '515', 'average_age': '26.1', 'foreigner_percentage': '59.0 %', 'average_market_value': '\n', 'total_value': '€5.13bn', 'competition_type': 'first_tier', 'competition_name': 'Bundesliga', 'href': '/bundesliga/startseite/wettbewerb/L1', 'seasoned_href': 'https://www.transfermarkt.co.uk/bundesliga/startseite/wettbewerb/L1/plus/0?saison_id=2022'}",,33,25.6,24,72.7 %,15,Volkswagen Arena,28917,-30980000.0,Niko Kovac,/niko-kovac/profil/trainer/10463,https://tmssl.akamaized.net//images/wappen/head/82.png?lm=1778348110,,vfl-wolfsburg,VfL Wolfsburg,2022-bundesliga,2022,bundesliga,Bundesliga,Germany,€5.13bn,first_tier,5130000000.0,72.7
club,/eintracht-frankfurt/startseite/verein/24,"{'type': 'competition', 'country_id': '40', 'country_name': 'Germany', 'country_code': 'L1', 'total_clubs': '18', 'total_players': '515', 'average_age': '26.1', 'foreigner_percentage': '59.0 %', 'average_market_value': '\n', 'total_value': '€5.13bn', 'competition_type': 'first_tier', 'competition_name': 'Bundesliga', 'href': '/bundesliga/startseite/wettbewerb/L1', 'seasoned_href': 'https://www.transfermarkt.co.uk/bundesliga/startseite/wettbewerb/L1/plus/0?saison_id=2022'}",,29,25.7,19,65.5 %,14,Deutsche Bank Park,59500,53400000.0,Oliver Glasner,/oliver-glasner/profil/trainer/22891,https://tmssl.akamaized.net//images/wappen/head/24.png?lm=1700074979,,eintracht-frankfurt,Eintracht Frankfurt,2022-bundesliga,2022,bundesliga,Bundesliga,Germany,€5.13bn,first_tier,5130000000.0,65.5
club,/1-fc-koln/startseite/verein/3,"{'type': 'competition', 'country_id': '40', 'country_name': 'Germany', 'country_code': 'L1', 'total_clubs': '18', 'total_players': '515', 'average_age': '26.1', 'foreigner_percentage': '59.0 %', 'average_market_value': '\n', 'total_value': '€5.13bn', 'competition_type': 'first_tier', 'competition_name': 'Bundesliga', 'href': '/bundesliga/startseite/wettbewerb/L1', 'seasoned_href': 'https://www.transfermarkt.co.uk/bundesliga/startseite/wettbewerb/L1/plus/0?saison_id=2022'}",,30,26.0,12,40.0 %,5,RheinEnergieSTADION,50000,-12130000.0,Steffen Baumgart,/steffen-baumgart/profil/trainer/9622,https://tmssl.akamaized.net//images/wappen/head/3.png?lm=1656580823,,1-fc-koln,1.FC Köln,2022-bundesliga,2022,bundesliga,Bundesliga,Germany,€5.13bn,first_tier,5130000000.0,40.0
club,/hertha-bsc/startseite/verein/44,"{'type': 'competition', 'country_id': '40', 'country_name': 'Germany', 'country_code': 'L1', 'total_clubs': '18', 'total_players': '515', 'average_age': '26.1', 'foreigner_percentage': '59.0 %', 'average_market_value': '\n', 'total_value': '€5.13bn', 'competition_type': 'first_tier', 'competition_name': 'Bundesliga', 'href': '/bundesliga/startseite/wettbewerb/L1', 'seasoned_href': 'https://www.transfermarkt.co.uk/bundesliga/startseite/wettbewerb/L1/plus/0?saison_id=2022'}",,30,26.1,8,26.7 %,1,Olympiastadion Berlin,74667,13550000.0,Sandro Schwarz,/sandro-schwarz/profil/trainer/9570,https://tmssl.akamaized.net//images/wappen/head/44.png?lm=1656580875,,hertha-bsc,Hertha BSC,2022-bundesliga,2022,bundesliga,Bundesliga,Germany,€5.13bn,first_tier,5130000000.0,26.7
club,/vfb-stuttgart/startseite/verein/79,"{'type': 'competition', 'country_id': '40', 'country_name': 'Germany', 'country_code': 'L1', 'total_clubs': '18', 'total_players': '515', 'average_age': '26.1', 'foreigner_percentage': '59.0 %', 'average_market_value': '\n', 'total_value': '€5.13bn', 'competition_type': 'first_tier', 'competition_name': 'Bundesliga', 'href': '/bundesliga/startseite/wettbewerb/L1', 'seasoned_href': 'https://www.transfermarkt.co.uk/bundesliga/startseite/wettbewerb/L1/plus/0?saison_id=2022'}",,30,25.0,14,46.7 %,14,MHPArena Stuttgart,60449,57050000.0,Pellegrino Matarazzo,/pellegrino-matarazzo/profil/trainer/10906,https://tmssl.akamaized.net//images/wappen/head/79.png?lm=1680587427,,vfb-stuttgart,VfB Stuttgart,2022-bundesliga,2022,bundesliga,Bundesliga,Germany,€5.13bn,first_tier,5130000000.0,46.7
club,/sv-werder-bremen/startseite/verein/86,"{'type': 'competition', 'country_id': '40', 'country_name': 'Germany', 'country_code': 'L1', 'total_clubs': '18', 'total_players': '515', 'average_age': '26.1', 'foreigner_percentage': '59.0 %', 'average_market_value': '\n', 'total_value': '€5.13bn', 'competition_type': 'first_tier', 'competition_name': 'Bundesliga', 'href': '/bundesliga/startseite/wettbewerb/L1', 'seasoned_href': 'https://www.transfermarkt.co.uk/bundesliga/startseite/wettbewerb/L1/plus/0?saison_id=2022'}",,30,25.5,18,60.0 %,9,Weserstadion,41800,-2150000.0,Ole Werner,/ole-werner/profil/trainer/34514,https://tmssl.akamaized.net//images/wappen/head/86.png?lm=1403082298,,sv-werder-bremen,SV Werder Bremen,2022-bundesliga,2022,bundesliga,Bundesliga,Germany,€5.13bn,first_tier,5130000000.0,60.0
club,/1-fsv-mainz-05/startseite/verein/39,"{'type': 'competition', 'country_id': '40', 'country_name': 'Germany', 'country_code': 'L1', 'total_clubs': '18', 'total_players': '515', 'average_age': '26.1', 'foreigner_percentage': '59.0 %', 'average_market_value': '\n', 'total_value': '€5.13bn', 'competition_type': 'first_tier', 'competition_name': 'Bundesliga', 'href': '/bundesliga/startseite/wettbewerb/L1', 'seasoned_href': 'https://www.transfermarkt.co.uk/bundesliga/startseite/wettbewerb/L1/plus/0?saison_id=2022'}",,31,27.4,15,48.4 %,10,Mewa Arena,33305,5730000.0,Bo Svensson,/bo-svensson/profil/trainer/35997,https://tmssl.akamaized.net//images/wappen/head/39.png?lm=1564748880,,1-fsv-mainz-05,1.FSV Mainz 05,2022-bundesliga,2022,bundesliga,Bundesliga,Germany,€5.13bn,first_tier,5130000000.0,48.4
club,/vfl-bochum/startseite/verein/80,"{'type': 'competition', 'country_id': '40', 'country_name': 'Germany', 'country_code': 'L1', 'total_clubs': '18', 'total_players': '515', 'average_age': '26.1', 'foreigner_percentage': '59.0 %', 'average_market_value': '\n', 'total_value': '€5.13bn', 'competition_type': 'first_tier', 'competition_name': 'Bundesliga', 'href': '/bundesliga/startseite/wettbewerb/L1', 'seasoned_href': 'https://www.transfermarkt.co.uk/bundesliga/startseite/wettbewerb/L1/plus/0?saison_id=2022'}",,29,25.8,9,31.0 %,3,Vonovia Ruhrstadion,26000,5900000.0,Thomas Reis,/thomas-reis/profil/trainer/19735,https://tmssl.akamaized.net//images/wappen/head/80.png?lm=1656583090,,vfl-bochum,VfL Bochum,2022-bundesliga,2022,bundesliga,Bundesliga,Germany,€5.13bn,first_tier,5130000000.0,31.0
club,/fc-schalke-04/startseite/verein/33,"{'type': 'competition', 'country_id': '40', 'country_name': 'Germany', 'country_code': 'L1', 'total_clubs': '18', 'total_players': '515', 'average_age': '26.1', 'foreigner_percentage': '59.0 %', 'average_market_value': '\n', 'total_value': '€5.13bn', 'competition_type': 'first_tier', 'competition_name': 'Bundesliga', 'href': '/bundesliga/startseite/wettbewerb/L1', 'seasoned_href': 'https://www.transfermarkt.co.uk/bundesliga/startseite/wettbewerb/L1/plus/0?saison_id=2022'}",,33,26.3,19,57.6 %,6,Veltins-Arena,62278,5350000.0,Frank Kramer,/frank-kramer/profil/trainer/6088,https://tmssl.akamaized.net//images/wappen/head/33.png?lm=1656580846,,fc-schalke-04,FC Schalke 04,2022-bundesliga,2022,bundesliga,Bundesliga,Germany,€5.13bn,first_tier,5130000000.0,57.6
club,/fc-augsburg/startseite/verein/167,"{'type': 'competition', 'country_id': '40', 'country_name': 'Germany', 'country_code': 'L1', 'total_clubs': '18', 'total_players': '515', 'average_age': '26.1', 'foreigner_percentage': '59.0 %', 'average_market_value': '\n', 'total_value': '€5.13bn', 'competition_type': 'first_tier', 'competition_name': 'Bundesliga', 'href': '/bundesliga/startseite/wettbewerb/L1', 'seasoned_href': 'https://www.transfermarkt.co.uk/bundesliga/startseite/wettbewerb/L1/plus/0?saison_id=2022'}",,29,25.7,19,65.5 %,8,WWK ARENA,30660,-8450000.0,Enrico Maaßen,/enrico-maassen/profil/trainer/35442,https://tmssl.akamaized.net//images/wappen/head/167.png?lm=1656582897,,fc-augsburg,FC Augsburg,2022-bundesliga,2022,bundesliga,Bundesliga,Germany,€5.13bn,first_tier,5130000000.0,65.5
club,/bayer-04-leverkusen/startseite/verein/15,"{'type': 'competition', 'country_id': '40', 'country_name': 'Germany', 'country_code': 'L1', 'total_clubs': '18', 'total_players': '515', 'average_age': '26.1', 'foreigner_percentage': '59.0 %', 'average_market_value': '\n', 'total_value': '€5.13bn', 'competition_type': 'first_tier', 'competition_name': 'Bundesliga', 'href': '/bundesliga/startseite/wettbewerb/L1', 'seasoned_href': 'https://www.transfermarkt.co.uk/bundesliga/startseite/wettbewerb/L1/plus/0?saison_id=2022'}",,27,26.7,21,77.8 %,12,BayArena,30210,31700000.0,Gerardo Seoane,/gerardo-seoane/profil/trainer/23817,https://tmssl.akamaized.net//images/wappen/head/15.png?lm=1710156317,,bayer-04-leverkusen,Bayer 04 Leverkusen,2022-bundesliga,2022,bundesliga,Bundesliga,Germany,€5.13bn,first_tier,5130000000.0,77.8
club,/borussia-monchengladbach/startseite/verein/18,"{'type': 'competition', 'country_id': '40', 'country_name': 'Germany', 'country_code': 'L1', 'total_clubs': '18', 'total_players': '515', 'average_age': '26.1', 'foreigner_percentage': '59.0 %', 'average_market_value': '\n', 'total_value': '€5.13bn', 'competition_type': 'first_tier', 'competition_name': 'Bundesliga', 'href': '/bundesliga/startseite/wettbewerb/L1', 'seasoned_href': 'https://www.transfermarkt.co.uk/bundesliga/startseite/wettbewerb/L1/plus/0?saison_id=2022'}",,28,26.1,15,53.6 %,9,Stadion im Borussia-Park,54042,10750000.0,Daniel Farke,/daniel-farke/profil/trainer/10939,https://tmssl.akamaized.net//images/wappen/head/18.png?lm=1656585796,,borussia-monchengladbach,Borussia Mönchengladbach,2022-bundesliga,2022,bundesliga,Bundesliga,Germany,€5.13bn,first_tier,5130000000.0,53.6
club,/fc-bayern-munchen/startseite/verein/27,"{'type': 'competition', 'country_id': '40', 'country_name': 'Germany', 'country_code': 'L1', 'total_clubs': '18', 'total_players': '515', 'average_age': '26.1', 'foreigner_percentage': '59.0 %', 'average_market_value': '\n', 'total_value': '€5.13bn', 'competition_type': 'first_tier', 'competition_name': 'Bundesliga', 'href': '/bundesliga/startseite/wettbewerb/L1', 'seasoned_href': 'https://www.transfermarkt.co.uk/bundesliga/startseite/wettbewerb/L1/plus/0?saison_id=2022'}",,25,27.1,13,52.0 %,20,Allianz Arena,75000,12900000.0,Julian Nagelsmann,/julian-nagelsmann/profil/trainer/8402,https://tmssl.akamaized.net//images/wappen/head/27.png?lm=1729503608,,fc-bayern-munchen,Bayern Munich,2022-bundesliga,2022,bundesliga,Bundesliga,Germany,€5.13bn,first_tier,5130000000.0,52.0
club,/royal-antwerpen-fc/startseite/verein/1096,"{'type': 'competition', 'country_id': '19', 'country_name': 'Belgium', 'country_code': 'BE1', 'total_clubs': '16', 'total_players': '454', 'average_age': '24.7', 'foreigner_percentage': '62.6 %', 'average_market_value': None, 'total_value': '€1.13bn', 'competition_type': 'first_tier', 'competition_name': 'Jupiler Pro League', 'href': '/jupiler-pro-league/startseite/wettbewerb/BE1', 'seasoned_href': 'https://www.transfermarkt.co.uk/jupiler-pro-league/startseite/wettbewerb/BE1/plus/0?saison_id=2022'}",,32,24.4,17,53.1 %,5,Bosuilstadion,21000,42750000.0,Mark van Bommel,/mark-van-bommel/profil/trainer/33479,https://tmssl.akamaized.net//images/wappen/head/1096.png?lm=1623758865,,royal-antwerpen-fc,Royal Antwerp FC,2022-jupiler-pro-league,2022,jupiler-pro-league,Jupiler Pro League,Belgium,€1.13bn,first_tier,1130000000.0,53.1
club,/rsc-charleroi/startseite/verein/172,"{'type': 'competition', 'country_id': '19', 'country_name': 'Belgium', 'country_code': 'BE1', 'total_clubs': '16', 'total_players': '454', 'average_age': '24.7', 'foreigner_percentage': '62.6 %', 'average_market_value': None, 'total_value': '€1.13bn', 'competition_type': 'first_tier', 'competition_name': 'Jupiler Pro League', 'href': '/jupiler-pro-league/startseite/wettbewerb/BE1', 'seasoned_href': 'https://www.transfermarkt.co.uk/jupiler-pro-league/startseite/wettbewerb/BE1/plus/0?saison_id=2022'}",,27,24.8,17,63.0 %,5,Stade du Pays de Charleroi,14968,12960000.0,Edward Still,/edward-still/profil/trainer/54039,https://tmssl.akamaized.net//images/wappen/head/172.png?lm=1448474590,,rsc-charleroi,Royal Charleroi SC,2022-jupiler-pro-league,2022,jupiler-pro-league,Jupiler Pro League,Belgium,€1.13bn,first_tier,1130000000.0,63.0
club,/cercle-brugge/startseite/verein/520,"{'type': 'competition', 'country_id': '19', 'country_name': 'Belgium', 'country_code': 'BE1', 'total_clubs': '16', 'total_players': '454', 'average_age': '24.7', 'foreigner_percentage': '62.6 %', 'average_market_value': None, 'total_value': '€1.13bn', 'competition_type': 'first_tier', 'competition_name': 'Jupiler Pro League', 'href': '/jupiler-pro-league/startseite/wettbewerb/BE1', 'seasoned_href': 'https://www.transfermarkt.co.uk/jupiler-pro-league/startseite/wettbewerb/BE1/plus/0?saison_id=2022'}",,26,23.4,18,69.2 %,2,Jan Breydelstadion,29062,10450000.0,Dominik Thalhammer,/dominik-thalhammer/profil/trainer/1089,https://tmssl.akamaized.net//images/wappen/head/520.png?lm=1713864588,,cercle-brugge,Cercle Brugge,2022-jupiler-pro-league,2022,jupiler-pro-league,Jupiler Pro League,Belgium,€1.13bn,first_tier,1130000000.0,69.2
club,/krc-genk/startseite/verein/1184,"{'type': 'competition', 'country_id': '19', 'country_name': 'Belgium', 'country_code': 'BE1', 'total_clubs': '16', 'total_players': '454', 'average_age': '24.7', 'foreigner_percentage': '62.6 %', 'average_market_value': None, 'total_value': '€1.13bn', 'competition_type': 'first_tier', 'competition_name': 'Jupiler Pro League', 'href': '/jupiler-pro-league/startseite/wettbewerb/BE1', 'seasoned_href': 'https://www.transfermarkt.co.uk/jupiler-pro-league/startseite/wettbewerb/BE1/plus/0?saison_id=2022'}",,27,23.8,14,51.9 %,9,Cegeka Arena,23718,41300000.0,Wouter Vrancken,/wouter-vrancken/profil/trainer/49546,https://tmssl.akamaized.net//images/wappen/head/1184.png?lm=1717666245,,krc-genk,KRC Genk,2022-jupiler-pro-league,2022,jupiler-pro-league,Jupiler Pro League,Belgium,€1.13bn,first_tier,1130000000.0,51.9
club,/kvc-westerlo/startseite/verein/968,"{'type': 'competition', 'country_id': '19', 'country_name': 'Belgium', 'country_code': 'BE1', 'total_clubs': '16', 'total_players': '454', 'average_age': '24.7', 'foreigner_percentage': '62.6 %', 'average_market_value': None, 'total_value': '€1.13bn', 'competition_type': 'first_tier', 'competition_name': 'Jupiler Pro League', 'href': '/jupiler-pro-league/startseite/wettbewerb/BE1', 'seasoned_href': 'https://www.transfermarkt.co.uk/jupiler-pro-league/startseite/wettbewerb/BE1/plus/0?saison_id=2022'}",,29,23.8,21,72.4 %,3,Het Kuipje,9062,13680000.0,Jonas De Roeck,/jonas-de-roeck/profil/trainer/53051,https://tmssl.akamaized.net//images/wappen/head/968.png?lm=1715694370,,kvc-westerlo,KVC Westerlo,2022-jupiler-pro-league,2022,jupiler-pro-league,Jupiler Pro League,Belgium,€1.13bn,first_tier,1130000000.0,72.4
club,/rsc-anderlecht/startseite/verein/58,"{'type': 'competition', 'country_id': '19', 'country_name': 'Belgium', 'country_code': 'BE1', 'total_clubs': '16', 'total_players': '454', 'average_age': '24.7', 'foreigner_percentage': '62.6 %', 'average_market_value': None, 'total_value': '€1.13bn', 'competition_type': 'first_tier', 'competition_name': 'Jupiler Pro League', 'href': '/jupiler-pro-league/startseite/wettbewerb/BE1', 'seasoned_href': 'https://www.transfermarkt.co.uk/jupiler-pro-league/startseite/wettbewerb/BE1/plus/0?saison_id=2022'}",,30,24.6,20,66.7 %,7,Lotto Park,21900,14190000.0,Felice Mazzù,/felice-mazzu/profil/trainer/7843,https://tmssl.akamaized.net//images/wappen/head/58.png?lm=1718695206,,rsc-anderlecht,RSC Anderlecht,2022-jupiler-pro-league,2022,jupiler-pro-league,Jupiler Pro League,Belgium,€1.13bn,first_tier,1130000000.0,66.7
club,/kaa-gent/startseite/verein/157,"{'type': 'competition', 'country_id': '19', 'country_name': 'Belgium', 'country_code': 'BE1', 'total_clubs': '16', 'total_players': '454', 'average_age': '24.7', 'foreigner_percentage': '62.6 %', 'average_market_value': None, 'total_value': '€1.13bn', 'competition_type': 'first_tier', 'competition_name': 'Jupiler Pro League', 'href': '/jupiler-pro-league/startseite/wettbewerb/BE1', 'seasoned_href': 'https://www.transfermarkt.co.uk/jupiler-pro-league/startseite/wettbewerb/BE1/plus/0?saison_id=2022'}",,30,24.2,18,60.0 %,6,Planet Group arena,20185,17850000.0,Hein Vanhaezebrouck,/hein-vanhaezebrouck/profil/trainer/14472,https://tmssl.akamaized.net//images/wappen/head/157.png?lm=1715694765,,kaa-gent,KAA Gent,2022-jupiler-pro-league,2022,jupiler-pro-league,Jupiler Pro League,Belgium,€1.13bn,first_tier,1130000000.0,60.0
club,/royale-union-saint-gilloise/startseite/verein/3948,"{'type': 'competition', 'country_id': '19', 'country_name': 'Belgium', 'country_code': 'BE1', 'total_clubs': '16', 'total_players': '454', 'average_age': '24.7', 'foreigner_percentage': '62.6 %', 'average_market_value': None, 'total_value': '€1.13bn', 'competition_type': 'first_tier', 'competition_name': 'Jupiler Pro League', 'href': '/jupiler-pro-league/startseite/wettbewerb/BE1', 'seasoned_href': 'https://www.transfermarkt.co.uk/jupiler-pro-league/startseite/wettbewerb/BE1/plus/0?saison_id=2022'}",,27,25.3,18,66.7 %,7,Stade Joseph Mariën,9512,48460000.0,Karel Geraerts,/karel-geraerts/profil/trainer/54653,https://tmssl.akamaized.net//images/wappen/head/3948.png?lm=1624390507,,royale-union-saint-gilloise,Union Saint-Gilloise,2022-jupiler-pro-league,2022,jupiler-pro-league,Jupiler Pro League,Belgium,€1.13bn,first_tier,1130000000.0,66.7
club,/fc-brugge/startseite/verein/2282,"{'type': 'competition', 'country_id': '19', 'country_name': 'Belgium', 'country_code': 'BE1', 'total_clubs': '16', 'total_players': '454', 'average_age': '24.7', 'foreigner_percentage': '62.6 %', 'average_market_value': None, 'total_value': '€1.13bn', 'competition_type': 'first_tier', 'competition_name': 'Jupiler Pro League', 'href': '/jupiler-pro-league/startseite/wettbewerb/BE1', 'seasoned_href': 'https://www.transfermarkt.co.uk/jupiler-pro-league/startseite/wettbewerb/BE1/plus/0?saison_id=2022'}",,28,24.3,16,57.1 %,12,Jan Breydelstadion,29062,49000000.0,Carl Hoefkens,/carl-hoefkens/profil/trainer/58865,https://tmssl.akamaized.net//images/wappen/head/2282.png?lm=1716279106,,fc-brugge,Club Brugge KV,2022-jupiler-pro-league,2022,jupiler-pro-league,Jupiler Pro League,Belgium,€1.13bn,first_tier,1130000000.0,57.1
club,/standard-luttich/startseite/verein/3057,"{'type': 'competition', 'country_id': '19', 'country_name': 'Belgium', 'country_code': 'BE1', 'total_clubs': '16', 'total_players': '454', 'average_age': '24.7', 'foreigner_percentage': '62.6 %', 'average_market_value': None, 'total_value': '€1.13bn', 'competition_type': 'first_tier', 'competition_name': 'Jupiler Pro League', 'href': '/jupiler-pro-league/startseite/wettbewerb/BE1', 'seasoned_href': 'https://www.transfermarkt.co.uk/jupiler-pro-league/startseite/wettbewerb/BE1/plus/0?saison_id=2022'}",,31,26.4,21,67.7 %,6,Maurice Dufrasne Stadion,27221,400000.0,Ronny Deila,/ronny-deila/profil/trainer/7537,https://tmssl.akamaized.net//images/wappen/head/3057.png?lm=1719832545,,standard-luttich,Standard Liège,2022-jupiler-pro-league,2022,jupiler-pro-league,Jupiler Pro League,Belgium,€1.13bn,first_tier,1130000000.0,67.7
club,/oud-heverlee-leuven/startseite/verein/2727,"{'type': 'competition', 'country_id': '19', 'country_name': 'Belgium', 'country_code': 'BE1', 'total_clubs': '16', 'total_players': '454', 'average_age': '24.7', 'foreigner_percentage': '62.6 %', 'average_market_value': None, 'total_value': '€1.13bn', 'competition_type': 'first_tier', 'competition_name': 'Jupiler Pro League', 'href': '/jupiler-pro-league/startseite/wettbewerb/BE1', 'seasoned_href': 'https://www.transfermarkt.co.uk/jupiler-pro-league/startseite/wettbewerb/BE1/plus/0?saison_id=2022'}",,28,26.0,14,50.0 %,1,King Power at Den Dreef Stadion,9809,14450000.0,Marc Brys,/marc-brys/profil/trainer/1010,https://tmssl.akamaized.net//images/wappen/head/2727.png?lm=1723796027,,oud-heverlee-leuven,Oud-Heverlee Leuven,2022-jupiler-pro-league,2022,jupiler-pro-league,Jupiler Pro League,Belgium,€1.13bn,first_tier,1130000000.0,50.0
club,/kv-oostende/startseite/verein/2861,"{'type': 'competition', 'country_id': '19', 'country_name': 'Belgium', 'country_code': 'BE1', 'total_clubs': '16', 'total_players': '454', 'average_age': '24.7', 'foreigner_percentage': '62.6 %', 'average_market_value': None, 'total_value': '€1.13bn', 'competition_type': 'first_tier', 'competition_name': 'Jupiler Pro League', 'href': '/jupiler-pro-league/startseite/wettbewerb/BE1', 'seasoned_href': 'https://www.transfermarkt.co.uk/jupiler-pro-league/startseite/wettbewerb/BE1/plus/0?saison_id=2022'}",,0,0.0,,,0,Diaz Arena,8432,-0.0,Yves Vanderhaeghe,/yves-vanderhaeghe/profil/trainer/6744,https://tmssl.akamaized.net//images/wappen/head/2861.png?lm=1625231721,,kv-oostende,KV Oostende (-2024),2022-jupiler-pro-league,2022,jupiler-pro-league,Jupiler Pro League,Belgium,€1.13bn,first_tier,1130000000.0,0.0
club,/kas-eupen/startseite/verein/1245,"{'type': 'competition', 'country_id': '19', 'country_name': 'Belgium', 'country_code': 'BE1', 'total_clubs': '16', 'total_players': '454', 'average_age': '24.7', 'foreigner_percentage': '62.6 %', 'average_market_value': None, 'total_value': '€1.13bn', 'competition_type': 'first_tier', 'competition_name': 'Jupiler Pro League', 'href': '/jupiler-pro-league/startseite/wettbewerb/BE1', 'seasoned_href': 'https://www.transfermarkt.co.uk/jupiler-pro-league/startseite/wettbewerb/BE1/plus/0?saison_id=2022'}",,31,25.3,20,64.5 %,1,Kehrweg-Stadion,8363,-0.0,Bernd Storck,/bernd-storck/profil/trainer/694,https://tmssl.akamaized.net//images/wappen/head/1245.png?lm=1464260524,,kas-eupen,KAS Eupen,2022-jupiler-pro-league,2022,jupiler-pro-league,Jupiler Pro League,Belgium,€1.13bn,first_tier,1130000000.0,64.5
club,/vv-st-truiden/startseite/verein/475,"{'type': 'competition', 'country_id': '19', 'country_name': 'Belgium', 'country_code': 'BE1', 'total_clubs': '16', 'total_players': '454', 'average_age': '24.7', 'foreigner_percentage': '62.6 %', 'average_market_value': None, 'total_value': '€1.13bn', 'competition_type': 'first_tier', 'competition_name': 'Jupiler Pro League', 'href': '/jupiler-pro-league/startseite/wettbewerb/BE1', 'seasoned_href': 'https://www.transfermarkt.co.uk/jupiler-pro-league/startseite/wettbewerb/BE1/plus/0?saison_id=2022'}",,26,25.6,18,69.2 %,4,Daio Wasabi Stayen Stadium,11337,6200000.0,Bernd Hollerbach,/bernd-hollerbach/profil/trainer/3272,https://tmssl.akamaized.net//images/wappen/head/475.png?lm=1448474474,,vv-st-truiden,Sint-Truidense VV,2022-jupiler-pro-league,2022,jupiler-pro-league,Jupiler Pro League,Belgium,€1.13bn,first_tier,1130000000.0,69.2
club,/sv-zulte-waregem/startseite/verein/3508,"{'type': 'competition', 'country_id': '19', 'country_name': 'Belgium', 'country_code': 'BE1', 'total_clubs': '16', 'total_players': '454', 'average_age': '24.7', 'foreigner_percentage': '62.6 %', 'average_market_value': None, 'total_value': '€1.13bn', 'competition_type': 'first_tier', 'competition_name': 'Jupiler Pro League', 'href': '/jupiler-pro-league/startseite/wettbewerb/BE1', 'seasoned_href': 'https://www.transfermarkt.co.uk/jupiler-pro-league/startseite/wettbewerb/BE1/plus/0?saison_id=2022'}",,31,24.4,17,54.8 %,1,Elindus Arena,12698,9670000.0,Mbaye Leye,/mbaye-leye/profil/trainer/70135,https://tmssl.akamaized.net//images/wappen/head/3508.png?lm=1420103130,,sv-zulte-waregem,Zulte Waregem,2022-jupiler-pro-league,2022,jupiler-pro-league,Jupiler Pro League,Belgium,€1.13bn,first_tier,1130000000.0,54.8
club,/kv-kortrijk/startseite/verein/601,"{'type': 'competition', 'country_id': '19', 'country_name': 'Belgium', 'country_code': 'BE1', 'total_clubs': '16', 'total_players': '454', 'average_age': '24.7', 'foreigner_percentage': '62.6 %', 'average_market_value': None, 'total_value': '€1.13bn', 'competition_type': 'first_tier', 'competition_name': 'Jupiler Pro League', 'href': '/jupiler-pro-league/startseite/wettbewerb/BE1', 'seasoned_href': 'https://www.transfermarkt.co.uk/jupiler-pro-league/startseite/wettbewerb/BE1/plus/0?saison_id=2022'}",,27,25.3,14,51.9 %,2,Guldensporenstadion,9399,4000000.0,Karim Belhocine,/karim-belhocine/profil/trainer/45182,https://tmssl.akamaized.net//images/wappen/head/601.png?lm=1534260191,,kv-kortrijk,KV Kortrijk,2022-jupiler-pro-league,2022,jupiler-pro-league,Jupiler Pro League,Belgium,€1.13bn,first_tier,1130000000.0,51.9
club,/rfc-seraing/startseite/verein/2715,"{'type': 'competition', 'country_id': '19', 'country_name': 'Belgium', 'country_code': 'BE1', 'total_clubs': '16', 'total_players': '454', 'average_age': '24.7', 'foreigner_percentage': '62.6 %', 'average_market_value': None, 'total_value': '€1.13bn', 'competition_type': 'first_tier', 'competition_name': 'Jupiler Pro League', 'href': '/jupiler-pro-league/startseite/wettbewerb/BE1', 'seasoned_href': 'https://www.transfermarkt.co.uk/jupiler-pro-league/startseite/wettbewerb/BE1/plus/0?saison_id=2022'}",,29,22.8,17,58.6 %,1,Stade du Paray,7412,185000.0,José Jeunechamps,/jose-jeunechamps/profil/trainer/24006,https://tmssl.akamaized.net//images/wappen/head/2715.png?lm=1495287150,,rfc-seraing,RFC Seraing,2022-jupiler-pro-league,2022,jupiler-pro-league,Jupiler Pro League,Belgium,€1.13bn,first_tier,1130000000.0,58.6
club,/kv-mechelen/startseite/verein/354,"{'type': 'competition', 'country_id': '19', 'country_name': 'Belgium', 'country_code': 'BE1', 'total_clubs': '16', 'total_players': '454', 'average_age': '24.7', 'foreigner_percentage': '62.6 %', 'average_market_value': None, 'total_value': '€1.13bn', 'competition_type': 'first_tier', 'competition_name': 'Jupiler Pro League', 'href': '/jupiler-pro-league/startseite/wettbewerb/BE1', 'seasoned_href': 'https://www.transfermarkt.co.uk/jupiler-pro-league/startseite/wettbewerb/BE1/plus/0?saison_id=2022'}",,29,23.5,19,65.5 %,4,Achter de Kazerne,16672,5630000.0,Wouter Vrancken,/wouter-vrancken/profil/trainer/49546,https://tmssl.akamaized.net//images/wappen/head/354.png?lm=1693258903,,kv-mechelen,KV Mechelen,2022-jupiler-pro-league,2022,jupiler-pro-league,Jupiler Pro League,Belgium,€1.13bn,first_tier,1130000000.0,65.5
club,/fc-valencia/startseite/verein/1049,"{'type': 'competition', 'country_id': '157', 'country_name': 'Spain', 'country_code': 'ES1', 'total_clubs': '20', 'total_players': '522', 'average_age': '27.5', 'foreigner_percentage': '43.7 %', 'average_market_value': None, 'total_value': '€5.44bn', 'competition_type': 'first_tier', 'competition_name': 'LaLiga', 'href': '/laliga/startseite/wettbewerb/ES1', 'seasoned_href': 'https://www.transfermarkt.co.uk/laliga/startseite/wettbewerb/ES1/plus/0?saison_id=2022'}",,27,28.3,14,51.9 %,4,Mestalla,49430,9630000.0,Gennaro Gattuso,/gennaro-gattuso/profil/trainer/27803,https://tmssl.akamaized.net//images/wappen/head/1049.png?lm=1406966320,,fc-valencia,Valencia CF,2022-laliga,2022,laliga,LaLiga,Spain,€5.44bn,first_tier,5440000000.0,51.9
club,/athletic-bilbao/startseite/verein/621,"{'type': 'competition', 'country_id': '157', 'country_name': 'Spain', 'country_code': 'ES1', 'total_clubs': '20', 'total_players': '522', 'average_age': '27.5', 'foreigner_percentage': '43.7 %', 'average_market_value': None, 'total_value': '€5.44bn', 'competition_type': 'first_tier', 'competition_name': 'LaLiga', 'href': '/laliga/startseite/wettbewerb/ES1', 'seasoned_href': 'https://www.transfermarkt.co.uk/laliga/startseite/wettbewerb/ES1/plus/0?saison_id=2022'}",,28,27.3,3,10.7 %,6,San Mamés,53289,-17800000.0,Ernesto Valverde,/ernesto-valverde/profil/trainer/1559,https://tmssl.akamaized.net//images/wappen/head/621.png?lm=1695069038,,athletic-bilbao,Athletic Bilbao,2022-laliga,2022,laliga,LaLiga,Spain,€5.44bn,first_tier,5440000000.0,10.7
club,/fc-sevilla/startseite/verein/368,"{'type': 'competition', 'country_id': '157', 'country_name': 'Spain', 'country_code': 'ES1', 'total_clubs': '20', 'total_players': '522', 'average_age': '27.5', 'foreigner_percentage': '43.7 %', 'average_market_value': None, 'total_value': '€5.44bn', 'competition_type': 'first_tier', 'competition_name': 'LaLiga', 'href': '/laliga/startseite/wettbewerb/ES1', 'seasoned_href': 'https://www.transfermarkt.co.uk/laliga/startseite/wettbewerb/ES1/plus/0?saison_id=2022'}",,28,28.1,17,60.7 %,8,Ramón Sánchez-Pizjuán,43883,54750000.0,Julen Lopetegui,/julen-lopetegui/profil/trainer/6615,https://tmssl.akamaized.net//images/wappen/head/368.png?lm=1730896593,,fc-sevilla,Sevilla FC,2022-laliga,2022,laliga,LaLiga,Spain,€5.44bn,first_tier,5440000000.0,60.7
club,/fc-barcelona/startseite/verein/131,"{'type': 'competition', 'country_id': '157', 'country_name': 'Spain', 'country_code': 'ES1', 'total_clubs': '20', 'total_players': '522', 'average_age': '27.5', 'foreigner_percentage': '43.7 %', 'average_market_value': None, 'total_value': '€5.44bn', 'competition_type': 'first_tier', 'competition_name': 'LaLiga', 'href': '/laliga/startseite/wettbewerb/ES1', 'seasoned_href': 'https://www.transfermarkt.co.uk/laliga/startseite/wettbewerb/ES1/plus/0?saison_id=2022'}",,25,25.6,11,44.0 %,19,Spotify Camp Nou,62657,3700000.0,Xavi,/xavi/profil/trainer/59876,https://tmssl.akamaized.net//images/wappen/head/131.png?lm=1406739548,,fc-barcelona,FC Barcelona,2022-laliga,2022,laliga,LaLiga,Spain,€5.44bn,first_tier,5440000000.0,44.0
club,/real-sociedad-san-sebastian/startseite/verein/681,"{'type': 'competition', 'country_id': '157', 'country_name': 'Spain', 'country_code': 'ES1', 'total_clubs': '20', 'total_players': '522', 'average_age': '27.5', 'foreigner_percentage': '43.7 %', 'average_market_value': None, 'total_value': '€5.44bn', 'competition_type': 'first_tier', 'competition_name': 'LaLiga', 'href': '/laliga/startseite/wettbewerb/ES1', 'seasoned_href': 'https://www.transfermarkt.co.uk/laliga/startseite/wettbewerb/ES1/plus/0?saison_id=2022'}",,25,26.3,9,36.0 %,14,Anoeta,40000,63500000.0,Imanol Alguacil,/imanol-alguacil/profil/trainer/33333,https://tmssl.akamaized.net//images/wappen/head/681.png?lm=1614795530,,real-sociedad-san-sebastian,Real Sociedad,2022-laliga,2022,laliga,LaLiga,Spain,€5.44bn,first_tier,5440000000.0,36.0
club,/ca-osasuna/startseite/verein/331,"{'type': 'competition', 'country_id': '157', 'country_name': 'Spain', 'country_code': 'ES1', 'total_clubs': '20', 'total_players': '522', 'average_age': '27.5', 'foreigner_percentage': '43.7 %', 'average_market_value': None, 'total_value': '€5.44bn', 'competition_type': 'first_tier', 'competition_name': 'LaLiga', 'href': '/laliga/startseite/wettbewerb/ES1', 'seasoned_href': 'https://www.transfermarkt.co.uk/laliga/startseite/wettbewerb/ES1/plus/0?saison_id=2022'}",,23,28.2,3,13.0 %,3,El Sadar,23576,1500000.0,Jagoba Arrasate,/jagoba-arrasate/profil/trainer/29192,https://tmssl.akamaized.net//images/wappen/head/331.png?lm=1686070937,,ca-osasuna,CA Osasuna,2022-laliga,2022,laliga,LaLiga,Spain,€5.44bn,first_tier,5440000000.0,13.0
club,/fc-villarreal/startseite/verein/1050,"{'type': 'competition', 'country_id': '157', 'country_name': 'Spain', 'country_code': 'ES1', 'total_clubs': '20', 'total_players': '522', 'average_age': '27.5', 'foreigner_percentage': '43.7 %', 'average_market_value': None, 'total_value': '€5.44bn', 'competition_type': 'first_tier', 'competition_name': 'LaLiga', 'href': '/laliga/startseite/wettbewerb/ES1', 'seasoned_href': 'https://www.transfermarkt.co.uk/laliga/startseite/wettbewerb/ES1/plus/0?saison_id=2022'}",,27,26.6,13,48.1 %,11,La Cerámica,23500,2500000.0,Unai Emery,/unai-emery/profil/trainer/5075,https://tmssl.akamaized.net//images/wappen/head/1050.png?lm=1408655310,,fc-villarreal,Villarreal CF,2022-laliga,2022,laliga,LaLiga,Spain,€5.44bn,first_tier,5440000000.0,48.1
club,/atletico-madrid/startseite/verein/13,"{'type': 'competition', 'country_id': '157', 'country_name': 'Spain', 'country_code': 'ES1', 'total_clubs': '20', 'total_players': '522', 'average_age': '27.5', 'foreigner_percentage': '43.7 %', 'average_market_value': None, 'total_value': '€5.44bn', 'competition_type': 'first_tier', 'competition_name': 'LaLiga', 'href': '/laliga/startseite/wettbewerb/ES1', 'seasoned_href': 'https://www.transfermarkt.co.uk/laliga/startseite/wettbewerb/ES1/plus/0?saison_id=2022'}",,23,27.8,16,69.6 %,18,Riyadh Air Metropolitano,70460,-85450000.0,Diego Simeone,/diego-simeone/profil/trainer/2868,https://tmssl.akamaized.net//images/wappen/head/13.png?lm=1719915566,,atletico-madrid,Atlético de Madrid,2022-laliga,2022,laliga,LaLiga,Spain,€5.44bn,first_tier,5440000000.0,69.6
club,/celta-vigo/startseite/verein/940,"{'type': 'competition', 'country_id': '157', 'country_name': 'Spain', 'country_code': 'ES1', 'total_clubs': '20', 'total_players': '522', 'average_age': '27.5', 'foreigner_percentage': '43.7 %', 'average_market_value': None, 'total_value': '€5.44bn', 'competition_type': 'first_tier', 'competition_name': 'LaLiga', 'href': '/laliga/startseite/wettbewerb/ES1', 'seasoned_href': 'https://www.transfermarkt.co.uk/laliga/startseite/wettbewerb/ES1/plus/0?saison_id=2022'}",,28,27.2,9,32.1 %,6,Abanca Balaídos,22803,41700000.0,Eduardo Coudet,/eduardo-coudet/profil/trainer/38808,https://tmssl.akamaized.net//images/wappen/head/940.png?lm=1406966406,,celta-vigo,Celta de Vigo,2022-laliga,2022,laliga,LaLiga,Spain,€5.44bn,first_tier,5440000000.0,32.1
club,/real-valladolid/startseite/verein/366,"{'type': 'competition', 'country_id': '157', 'country_name': 'Spain', 'country_code': 'ES1', 'total_clubs': '20', 'total_players': '522', 'average_age': '27.5', 'foreigner_percentage': '43.7 %', 'average_market_value': None, 'total_value': '€5.44bn', 'competition_type': 'first_tier', 'competition_name': 'LaLiga', 'href': '/laliga/startseite/wettbewerb/ES1', 'seasoned_href': 'https://www.transfermarkt.co.uk/laliga/startseite/wettbewerb/ES1/plus/0?saison_id=2022'}",,28,25.6,14,50.0 %,1,José Zorrilla,27618,11300000.0,Pacheta,/pacheta/profil/trainer/19446,https://tmssl.akamaized.net//images/wappen/head/366.png?lm=1720163563,,real-valladolid,Real Valladolid CF,2022-laliga,2022,laliga,LaLiga,Spain,€5.44bn,first_tier,5440000000.0,50.0
club,/fc-girona/startseite/verein/12321,"{'type': 'competition', 'country_id': '157', 'country_name': 'Spain', 'country_code': 'ES1', 'total_clubs': '20', 'total_players': '522', 'average_age': '27.5', 'foreigner_percentage': '43.7 %', 'average_market_value': None, 'total_value': '€5.44bn', 'competition_type': 'first_tier', 'competition_name': 'LaLiga', 'href': '/laliga/startseite/wettbewerb/ES1', 'seasoned_href': 'https://www.transfermarkt.co.uk/laliga/startseite/wettbewerb/ES1/plus/0?saison_id=2022'}",,27,28.8,14,51.9 %,5,Montilivi,14624,29150000.0,Míchel,/michel/profil/trainer/33636,https://tmssl.akamaized.net//images/wappen/head/12321.png?lm=1730455718,,fc-girona,Girona FC,2022-laliga,2022,laliga,LaLiga,Spain,€5.44bn,first_tier,5440000000.0,51.9
club,/rayo-vallecano/startseite/verein/367,"{'type': 'competition', 'country_id': '157', 'country_name': 'Spain', 'country_code': 'ES1', 'total_clubs': '20', 'total_players': '522', 'average_age': '27.5', 'foreigner_percentage': '43.7 %', 'average_market_value': None, 'total_value': '€5.44bn', 'competition_type': 'first_tier', 'competition_name': 'LaLiga', 'href': '/laliga/startseite/wettbewerb/ES1', 'seasoned_href': 'https://www.transfermarkt.co.uk/laliga/startseite/wettbewerb/ES1/plus/0?saison_id=2022'}",,27,28.9,14,51.9 %,8,Estadio de Vallecas,14708,-7100000.0,Andoni Iraola,/andoni-iraola/profil/trainer/60677,https://tmssl.akamaized.net//images/wappen/head/367.png?lm=1653488445,,rayo-vallecano,Rayo Vallecano,2022-laliga,2022,laliga,LaLiga,Spain,€5.44bn,first_tier,5440000000.0,51.9
club,/ud-almeria/startseite/verein/3302,"{'type': 'competition', 'country_id': '157', 'country_name': 'Spain', 'country_code': 'ES1', 'total_clubs': '20', 'total_players': '522', 'average_age': '27.5', 'foreigner_percentage': '43.7 %', 'average_market_value': None, 'total_value': '€5.44bn', 'competition_type': 'first_tier', 'competition_name': 'LaLiga', 'href': '/laliga/startseite/wettbewerb/ES1', 'seasoned_href': 'https://www.transfermarkt.co.uk/laliga/startseite/wettbewerb/ES1/plus/0?saison_id=2022'}",,27,27.5,13,48.1 %,1,UD Almería Stadium,18331,47950000.0,Rubi,/rubi/profil/trainer/24307,https://tmssl.akamaized.net//images/wappen/head/3302.png?lm=1736335439,,ud-almeria,UD Almería,2022-laliga,2022,laliga,LaLiga,Spain,€5.44bn,first_tier,5440000000.0,48.1
club,/fc-getafe/startseite/verein/3709,"{'type': 'competition', 'country_id': '157', 'country_name': 'Spain', 'country_code': 'ES1', 'total_clubs': '20', 'total_players': '522', 'average_age': '27.5', 'foreigner_percentage': '43.7 %', 'average_market_value': None, 'total_value': '€5.44bn', 'competition_type': 'first_tier', 'competition_name': 'LaLiga', 'href': '/laliga/startseite/wettbewerb/ES1', 'seasoned_href': 'https://www.transfermarkt.co.uk/laliga/startseite/wettbewerb/ES1/plus/0?saison_id=2022'}",,25,28.4,13,52.0 %,2,Coliseum,16800,10800000.0,Quique Sánchez Flores,/quique-sanchez-flores/profil/trainer/1553,https://tmssl.akamaized.net//images/wappen/head/3709.png?lm=1408655116,,fc-getafe,Getafe CF,2022-laliga,2022,laliga,LaLiga,Spain,€5.44bn,first_tier,5440000000.0,52.0
club,/fc-elche/startseite/verein/1531,"{'type': 'competition', 'country_id': '157', 'country_name': 'Spain', 'country_code': 'ES1', 'total_clubs': '20', 'total_players': '522', 'average_age': '27.5', 'foreigner_percentage': '43.7 %', 'average_market_value': None, 'total_value': '€5.44bn', 'competition_type': 'first_tier', 'competition_name': 'LaLiga', 'href': '/laliga/startseite/wettbewerb/ES1', 'seasoned_href': 'https://www.transfermarkt.co.uk/laliga/startseite/wettbewerb/ES1/plus/0?saison_id=2022'}",,26,26.9,10,38.5 %,2,Manuel Martínez Valero,31388,22900000.0,Francisco Rodríguez,/francisco-rodriguez/profil/trainer/28876,https://tmssl.akamaized.net//images/wappen/head/1531.png?lm=1421955260,,fc-elche,Elche CF,2022-laliga,2022,laliga,LaLiga,Spain,€5.44bn,first_tier,5440000000.0,38.5
club,/espanyol-barcelona/startseite/verein/714,"{'type': 'competition', 'country_id': '157', 'country_name': 'Spain', 'country_code': 'ES1', 'total_clubs': '20', 'total_players': '522', 'average_age': '27.5', 'foreigner_percentage': '43.7 %', 'average_market_value': None, 'total_value': '€5.44bn', 'competition_type': 'first_tier', 'competition_name': 'LaLiga', 'href': '/laliga/startseite/wettbewerb/ES1', 'seasoned_href': 'https://www.transfermarkt.co.uk/laliga/startseite/wettbewerb/ES1/plus/0?saison_id=2022'}",,24,27.4,7,29.2 %,2,RCDE Stadium,37776,9800000.0,Diego Martínez,/diego-martinez/profil/trainer/25435,https://tmssl.akamaized.net//images/wappen/head/714.png?lm=1406966369,,espanyol-barcelona,RCD Espanyol Barcelona,2022-laliga,2022,laliga,LaLiga,Spain,€5.44bn,first_tier,5440000000.0,29.2
club,/fc-cadiz/startseite/verein/2687,"{'type': 'competition', 'country_id': '157', 'country_name': 'Spain', 'country_code': 'ES1', 'total_clubs': '20', 'total_players': '522', 'average_age': '27.5', 'foreigner_percentage': '43.7 %', 'average_market_value': None, 'total_value': '€5.44bn', 'competition_type': 'first_tier', 'competition_name': 'LaLiga', 'href': '/laliga/startseite/wettbewerb/ES1', 'seasoned_href': 'https://www.transfermarkt.co.uk/laliga/startseite/wettbewerb/ES1/plus/0?saison_id=2022'}",,29,26.2,10,34.5 %,2,JP Financial,21094,-2400000.0,Sergio González,/sergio-gonzalez/profil/trainer/33241,https://tmssl.akamaized.net//images/wappen/head/2687.png?lm=1683542431,,fc-cadiz,Cádiz CF,2022-laliga,2022,laliga,LaLiga,Spain,€5.44bn,first_tier,5440000000.0,34.5
club,/rcd-mallorca/startseite/verein/237,"{'type': 'competition', 'country_id': '157', 'country_name': 'Spain', 'country_code': 'ES1', 'total_clubs': '20', 'total_players': '522', 'average_age': '27.5', 'foreigner_percentage': '43.7 %', 'average_market_value': None, 'total_value': '€5.44bn', 'competition_type': 'first_tier', 'competition_name': 'LaLiga', 'href': '/laliga/startseite/wettbewerb/ES1', 'seasoned_href': 'https://www.transfermarkt.co.uk/laliga/startseite/wettbewerb/ES1/plus/0?saison_id=2022'}",,26,27.9,11,42.3 %,9,Mallorca Son Moix,25736,800000.0,Javier Aguirre,/javier-aguirre/profil/trainer/1548,https://tmssl.akamaized.net//images/wappen/head/237.png?lm=1407484750,,rcd-mallorca,RCD Mallorca,2022-laliga,2022,laliga,LaLiga,Spain,€5.44bn,first_tier,5440000000.0,42.3
club,/real-betis-sevilla/startseite/verein/150,"{'type': 'competition', 'country_id': '157', 'country_name': 'Spain', 'country_code': 'ES1', 'total_clubs': '20', 'total_players': '522', 'average_age': '27.5', 'foreigner_percentage': '43.7 %', 'average_market_value': None, 'total_value': '€5.44bn', 'competition_type': 'first_tier', 'competition_name': 'LaLiga', 'href': '/laliga/startseite/wettbewerb/ES1', 'seasoned_href': 'https://www.transfermarkt.co.uk/laliga/startseite/wettbewerb/ES1/plus/0?saison_id=2022'}",,27,29.3,13,48.1 %,9,La Cartuja,71374,-875000.0,Manuel Pellegrini,/manuel-pellegrini/profil/trainer/1558,https://tmssl.akamaized.net//images/wappen/head/150.png?lm=1663358526,,real-betis-sevilla,Real Betis Balompié,2022-laliga,2022,laliga,LaLiga,Spain,€5.44bn,first_tier,5440000000.0,48.1
club,/real-madrid/startseite/verein/418,"{'type': 'competition', 'country_id': '157', 'country_name': 'Spain', 'country_code': 'ES1', 'total_clubs': '20', 'total_players': '522', 'average_age': '27.5', 'foreigner_percentage': '43.7 %', 'average_market_value': None, 'total_value': '€5.44bn', 'competition_type': 'first_tier', 'competition_name': 'LaLiga', 'href': '/laliga/startseite/wettbewerb/ES1', 'seasoned_href': 'https://www.transfermarkt.co.uk/laliga/startseite/wettbewerb/ES1/plus/0?saison_id=2022'}",,29,25.8,17,58.6 %,17,Santiago Bernabéu,83186,-165500000.0,Carlo Ancelotti,/carlo-ancelotti/profil/trainer/523,https://tmssl.akamaized.net//images/wappen/head/418.png?lm=1729684474,,real-madrid,Real Madrid,2022-laliga,2022,laliga,LaLiga,Spain,€5.44bn,first_tier,5440000000.0,58.6
club,/boavista-porto-fc/startseite/verein/2503,"{'type': 'competition', 'country_id': '136', 'country_name': 'Portugal', 'country_code': 'PO1', 'total_clubs': '18', 'total_players': '491', 'average_age': '25.7', 'foreigner_percentage': '70.1 %', 'average_market_value': None, 'total_value': '€2.03bn', 'competition_type': 'first_tier', 'competition_name': 'Liga Portugal', 'href': '/liga-portugal/startseite/wettbewerb/PO1', 'seasoned_href': 'https://www.transfermarkt.co.uk/liga-portugal/startseite/wettbewerb/PO1/plus/0?saison_id=2022'}",,3,20.4,0,%,0,Estádio do Bessa Século XXI,28263,100000.0,Petit,/petit/profil/trainer/31291,https://tmssl.akamaized.net//images/wappen/head/2503.png?lm=1480959207,,boavista-porto-fc,Boavista FC,2022-liga-portugal,2022,liga-portugal,Liga Portugal,Portugal,€2.03bn,first_tier,2029999999.9999998,0.0
club,/fc-porto/startseite/verein/720,"{'type': 'competition', 'country_id': '136', 'country_name': 'Portugal', 'country_code': 'PO1', 'total_clubs': '18', 'total_players': '491', 'average_age': '25.7', 'foreigner_percentage': '70.1 %', 'average_market_value': None, 'total_value': '€2.03bn', 'competition_type': 'first_tier', 'competition_name': 'Liga Portugal', 'href': '/liga-portugal/startseite/wettbewerb/PO1', 'seasoned_href': 'https://www.transfermarkt.co.uk/liga-portugal/startseite/wettbewerb/PO1/plus/0?saison_id=2022'}",,27,26.5,20,74.1 %,12,Estádio do Dragão,50033,-24490000.0,Sérgio Conceição,/sergio-conceicao/profil/trainer/22532,https://tmssl.akamaized.net//images/wappen/head/720.png?lm=1486310161,,fc-porto,FC Porto,2022-liga-portugal,2022,liga-portugal,Liga Portugal,Portugal,€2.03bn,first_tier,2029999999.9999998,74.1
club,/sporting-lissabon/startseite/verein/336,"{'type': 'competition', 'country_id': '136', 'country_name': 'Portugal', 'country_code': 'PO1', 'total_clubs': '18', 'total_players': '491', 'average_age': '25.7', 'foreigner_percentage': '70.1 %', 'average_market_value': None, 'total_value': '€2.03bn', 'competition_type': 'first_tier', 'competition_name': 'Liga Portugal', 'href': '/liga-portugal/startseite/wettbewerb/PO1', 'seasoned_href': 'https://www.transfermarkt.co.uk/liga-portugal/startseite/wettbewerb/PO1/plus/0?saison_id=2022'}",,26,25.2,13,50.0 %,13,Estádio José Alvalade,52095,43500000.0,Rúben Amorim,/ruben-amorim/profil/trainer/65202,https://tmssl.akamaized.net//images/wappen/head/336.png?lm=1621513752,,sporting-lissabon,Sporting CP,2022-liga-portugal,2022,liga-portugal,Liga Portugal,Portugal,€2.03bn,first_tier,2029999999.9999998,50.0
club,/portimonense-sc/startseite/verein/7378,"{'type': 'competition', 'country_id': '136', 'country_name': 'Portugal', 'country_code': 'PO1', 'total_clubs': '18', 'total_players': '491', 'average_age': '25.7', 'foreigner_percentage': '70.1 %', 'average_market_value': None, 'total_value': '€2.03bn', 'competition_type': 'first_tier', 'competition_name': 'Liga Portugal', 'href': '/liga-portugal/startseite/wettbewerb/PO1', 'seasoned_href': 'https://www.transfermarkt.co.uk/liga-portugal/startseite/wettbewerb/PO1/plus/0?saison_id=2022'}",,26,25.5,19,73.1 %,2,Estádio Municipal de Portimão,4961,2730000.0,Paulo Sérgio,/paulo-sergio/profil/trainer/5628,https://tmssl.akamaized.net//images/wappen/head/7378.png?lm=1665922885,,portimonense-sc,Portimonense SAD,2022-liga-portugal,2022,liga-portugal,Liga Portugal,Portugal,€2.03bn,first_tier,2029999999.9999998,73.1
club,/gil-vicente-fc/startseite/verein/2424,"{'type': 'competition', 'country_id': '136', 'country_name': 'Portugal', 'country_code': 'PO1', 'total_clubs': '18', 'total_players': '491', 'average_age': '25.7', 'foreigner_percentage': '70.1 %', 'average_market_value': None, 'total_value': '€2.03bn', 'competition_type': 'first_tier', 'competition_name': 'Liga Portugal', 'href': '/liga-portugal/startseite/wettbewerb/PO1', 'seasoned_href': 'https://www.transfermarkt.co.uk/liga-portugal/startseite/wettbewerb/PO1/plus/0?saison_id=2022'}",,28,25.0,19,67.9 %,2,Estádio Cidade de Barcelos,12046,31400000.0,Ivo Vieira,/ivo-vieira/profil/trainer/2819,https://tmssl.akamaized.net//images/wappen/head/2424.png?lm=1624283300,,gil-vicente-fc,Gil Vicente FC,2022-liga-portugal,2022,liga-portugal,Liga Portugal,Portugal,€2.03bn,first_tier,2029999999.9999998,67.9
club,/sc-braga/startseite/verein/1075,"{'type': 'competition', 'country_id': '136', 'country_name': 'Portugal', 'country_code': 'PO1', 'total_clubs': '18', 'total_players': '491', 'average_age': '25.7', 'foreigner_percentage': '70.1 %', 'average_market_value': None, 'total_value': '€2.03bn', 'competition_type': 'first_tier', 'competition_name': 'Liga Portugal', 'href': '/liga-portugal/startseite/wettbewerb/PO1', 'seasoned_href': 'https://www.transfermarkt.co.uk/liga-portugal/startseite/wettbewerb/PO1/plus/0?saison_id=2022'}",,29,25.4,18,62.1 %,9,Estádio Municipal de Braga,30286,15240000.0,Artur Jorge,/artur-jorge/profil/trainer/24055,https://tmssl.akamaized.net//images/wappen/head/1075.png?lm=1432893871,,sc-braga,SC Braga,2022-liga-portugal,2022,liga-portugal,Liga Portugal,Portugal,€2.03bn,first_tier,2029999999.9999998,62.1
club,/fc-famalicao/startseite/verein/3329,"{'type': 'competition', 'country_id': '136', 'country_name': 'Portugal', 'country_code': 'PO1', 'total_clubs': '18', 'total_players': '491', 'average_age': '25.7', 'foreigner_percentage': '70.1 %', 'average_market_value': None, 'total_value': '€2.03bn', 'competition_type': 'first_tier', 'competition_name': 'Liga Portugal', 'href': '/liga-portugal/startseite/wettbewerb/PO1', 'seasoned_href': 'https://www.transfermarkt.co.uk/liga-portugal/startseite/wettbewerb/PO1/plus/0?saison_id=2022'}",,25,24.5,18,72.0 %,2,Estádio Municipal de Famalicão,5186,450000.0,Rui Pedro Silva,/rui-pedro-silva/profil/trainer/14301,https://tmssl.akamaized.net//images/wappen/head/3329.png?lm=1737563329,,fc-famalicao,FC Famalicão,2022-liga-portugal,2022,liga-portugal,Liga Portugal,Portugal,€2.03bn,first_tier,2029999999.9999998,72.0
club,/vitoria-guimaraes-sc/startseite/verein/2420,"{'type': 'competition', 'country_id': '136', 'country_name': 'Portugal', 'country_code': 'PO1', 'total_clubs': '18', 'total_players': '491', 'average_age': '25.7', 'foreigner_percentage': '70.1 %', 'average_market_value': None, 'total_value': '€2.03bn', 'competition_type': 'first_tier', 'competition_name': 'Liga Portugal', 'href': '/liga-portugal/startseite/wettbewerb/PO1', 'seasoned_href': 'https://www.transfermarkt.co.uk/liga-portugal/startseite/wettbewerb/PO1/plus/0?saison_id=2022'}",,26,24.8,14,53.8 %,3,Estádio D. Afonso Henriques,30029,4750000.0,Pepa,/pepa/profil/trainer/17520,https://tmssl.akamaized.net//images/wappen/head/2420.png?lm=1432894021,,vitoria-guimaraes-sc,Vitória Guimarães SC,2022-liga-portugal,2022,liga-portugal,Liga Portugal,Portugal,€2.03bn,first_tier,2029999999.9999998,53.8
club,/gd-estoril-praia/startseite/verein/1465,"{'type': 'competition', 'country_id': '136', 'country_name': 'Portugal', 'country_code': 'PO1', 'total_clubs': '18', 'total_players': '491', 'average_age': '25.7', 'foreigner_percentage': '70.1 %', 'average_market_value': None, 'total_value': '€2.03bn', 'competition_type': 'first_tier', 'competition_name': 'Liga Portugal', 'href': '/liga-portugal/startseite/wettbewerb/PO1', 'seasoned_href': 'https://www.transfermarkt.co.uk/liga-portugal/startseite/wettbewerb/PO1/plus/0?saison_id=2022'}",,24,26.4,14,58.3 %,6,Estádio António Coimbra da Mota,5094,2300000.0,Nélson Veríssimo,/nelson-verissimo/profil/trainer/25143,https://tmssl.akamaized.net//images/wappen/head/1465.png?lm=1534340702,,gd-estoril-praia,GD Estoril Praia,2022-liga-portugal,2022,liga-portugal,Liga Portugal,Portugal,€2.03bn,first_tier,2029999999.9999998,58.3
club,/benfica-lissabon/startseite/verein/294,"{'type': 'competition', 'country_id': '136', 'country_name': 'Portugal', 'country_code': 'PO1', 'total_clubs': '18', 'total_players': '491', 'average_age': '25.7', 'foreigner_percentage': '70.1 %', 'average_market_value': None, 'total_value': '€2.03bn', 'competition_type': 'first_tier', 'competition_name': 'Liga Portugal', 'href': '/liga-portugal/startseite/wettbewerb/PO1', 'seasoned_href': 'https://www.transfermarkt.co.uk/liga-portugal/startseite/wettbewerb/PO1/plus/0?saison_id=2022'}",,28,24.9,16,57.1 %,17,Estádio da Luz,68100,-15200000.0,Roger Schmidt,/roger-schmidt/profil/trainer/3865,https://tmssl.akamaized.net//images/wappen/head/294.png?lm=1535908439,,benfica-lissabon,SL Benfica,2022-liga-portugal,2022,liga-portugal,Liga Portugal,Portugal,€2.03bn,first_tier,2029999999.9999998,57.1
club,/fc-vizela/startseite/verein/6912,"{'type': 'competition', 'country_id': '136', 'country_name': 'Portugal', 'country_code': 'PO1', 'total_clubs': '18', 'total_players': '491', 'average_age': '25.7', 'foreigner_percentage': '70.1 %', 'average_market_value': None, 'total_value': '€2.03bn', 'competition_type': 'first_tier', 'competition_name': 'Liga Portugal', 'href': '/liga-portugal/startseite/wettbewerb/PO1', 'seasoned_href': 'https://www.transfermarkt.co.uk/liga-portugal/startseite/wettbewerb/PO1/plus/0?saison_id=2022'}",,29,26.4,22,75.9 %,7,Estádio do Futebol Clube de Vizela,6000,4700000.0,Álvaro Pacheco,/alvaro-pacheco/profil/trainer/38406,https://tmssl.akamaized.net//images/wappen/head/6912.png?lm=1700587516,,fc-vizela,FC Vizela,2022-liga-portugal,2022,liga-portugal,Liga Portugal,Portugal,€2.03bn,first_tier,2029999999.9999998,75.9
club,/rio-ave-fc/startseite/verein/2425,"{'type': 'competition', 'country_id': '136', 'country_name': 'Portugal', 'country_code': 'PO1', 'total_clubs': '18', 'total_players': '491', 'average_age': '25.7', 'foreigner_percentage': '70.1 %', 'average_market_value': None, 'total_value': '€2.03bn', 'competition_type': 'first_tier', 'competition_name': 'Liga Portugal', 'href': '/liga-portugal/startseite/wettbewerb/PO1', 'seasoned_href': 'https://www.transfermarkt.co.uk/liga-portugal/startseite/wettbewerb/PO1/plus/0?saison_id=2022'}",,28,24.9,25,89.3 %,4,Estádio do Rio Ave FC,5300,-1400000.0,Luís Freire,/luis-freire/profil/trainer/53596,https://tmssl.akamaized.net//images/wappen/head/2425.png?lm=1516613968,,rio-ave-fc,Rio Ave FC,2022-liga-portugal,2022,liga-portugal,Liga Portugal,Portugal,€2.03bn,first_tier,2029999999.9999998,89.3
club,/fc-pacos-de-ferreira/startseite/verein/2995,"{'type': 'competition', 'country_id': '136', 'country_name': 'Portugal', 'country_code': 'PO1', 'total_clubs': '18', 'total_players': '491', 'average_age': '25.7', 'foreigner_percentage': '70.1 %', 'average_market_value': None, 'total_value': '€2.03bn', 'competition_type': 'first_tier', 'competition_name': 'Liga Portugal', 'href': '/liga-portugal/startseite/wettbewerb/PO1', 'seasoned_href': 'https://www.transfermarkt.co.uk/liga-portugal/startseite/wettbewerb/PO1/plus/0?saison_id=2022'}",,27,25.0,9,33.3 %,2,Estádio Capital do Móvel,9076,250000.0,César Peixoto,/cesar-peixoto/profil/trainer/63523,https://tmssl.akamaized.net//images/wappen/head/2995.png?lm=1578477741,,fc-pacos-de-ferreira,FC Paços de Ferreira,2022-liga-portugal,2022,liga-portugal,Liga Portugal,Portugal,€2.03bn,first_tier,2029999999.9999998,33.3
club,/casa-pia-ac/startseite/verein/3268,"{'type': 'competition', 'country_id': '136', 'country_name': 'Portugal', 'country_code': 'PO1', 'total_clubs': '18', 'total_players': '491', 'average_age': '25.7', 'foreigner_percentage': '70.1 %', 'average_market_value': None, 'total_value': '€2.03bn', 'competition_type': 'first_tier', 'competition_name': 'Liga Portugal', 'href': '/liga-portugal/startseite/wettbewerb/PO1', 'seasoned_href': 'https://www.transfermarkt.co.uk/liga-portugal/startseite/wettbewerb/PO1/plus/0?saison_id=2022'}",,28,27.8,19,67.9 %,3,Estádio Municipal de Rio Maior,7000,11080000.0,Filipe Martins,/filipe-martins/profil/trainer/55398,https://tmssl.akamaized.net//images/wappen/head/3268.png?lm=1742856850,,casa-pia-ac,Casa Pia AC,2022-liga-portugal,2022,liga-portugal,Liga Portugal,Portugal,€2.03bn,first_tier,2029999999.9999998,67.9
club,/fc-arouca/startseite/verein/8024,"{'type': 'competition', 'country_id': '136', 'country_name': 'Portugal', 'country_code': 'PO1', 'total_clubs': '18', 'total_players': '491', 'average_age': '25.7', 'foreigner_percentage': '70.1 %', 'average_market_value': None, 'total_value': '€2.03bn', 'competition_type': 'first_tier', 'competition_name': 'Liga Portugal', 'href': '/liga-portugal/startseite/wettbewerb/PO1', 'seasoned_href': 'https://www.transfermarkt.co.uk/liga-portugal/startseite/wettbewerb/PO1/plus/0?saison_id=2022'}",,27,25.2,22,81.5 %,1,Estádio Municipal de Arouca,5000,1830000.0,Armando Evangelista,/armando-evangelista/profil/trainer/28508,https://tmssl.akamaized.net//images/wappen/head/8024.png?lm=1530096604,,fc-arouca,FC Arouca,2022-liga-portugal,2022,liga-portugal,Liga Portugal,Portugal,€2.03bn,first_tier,2029999999.9999998,81.5
club,/gd-chaves/startseite/verein/3325,"{'type': 'competition', 'country_id': '136', 'country_name': 'Portugal', 'country_code': 'PO1', 'total_clubs': '18', 'total_players': '491', 'average_age': '25.7', 'foreigner_percentage': '70.1 %', 'average_market_value': None, 'total_value': '€2.03bn', 'competition_type': 'first_tier', 'competition_name': 'Liga Portugal', 'href': '/liga-portugal/startseite/wettbewerb/PO1', 'seasoned_href': 'https://www.transfermarkt.co.uk/liga-portugal/startseite/wettbewerb/PO1/plus/0?saison_id=2022'}",,26,27.9,13,50.0 %,3,Estádio Municipal Eng.º Manuel Branco Teixeira,8400,-50000.0,Vítor Campelos,/vitor-campelos/profil/trainer/38447,https://tmssl.akamaized.net//images/wappen/head/3325.png?lm=1416392512,,gd-chaves,GD Chaves,2022-liga-portugal,2022,liga-portugal,Liga Portugal,Portugal,€2.03bn,first_tier,2029999999.9999998,50.0
club,/cs-maritimo/startseite/verein/1301,"{'type': 'competition', 'country_id': '136', 'country_name': 'Portugal', 'country_code': 'PO1', 'total_clubs': '18', 'total_players': '491', 'average_age': '25.7', 'foreigner_percentage': '70.1 %', 'average_market_value': None, 'total_value': '€2.03bn', 'competition_type': 'first_tier', 'competition_name': 'Liga Portugal', 'href': '/liga-portugal/startseite/wettbewerb/PO1', 'seasoned_href': 'https://www.transfermarkt.co.uk/liga-portugal/startseite/wettbewerb/PO1/plus/0?saison_id=2022'}",,26,26.3,13,50.0 %,1,Estádio do Marítimo,10600,900000.0,Vasco Seabra,/vasco-seabra/profil/trainer/50474,https://tmssl.akamaized.net//images/wappen/head/1301.png?lm=1656600130,,cs-maritimo,CS Marítimo,2022-liga-portugal,2022,liga-portugal,Liga Portugal,Portugal,€2.03bn,first_tier,2029999999.9999998,50.0
club,/cd-santa-clara/startseite/verein/2423,"{'type': 'competition', 'country_id': '136', 'country_name': 'Portugal', 'country_code': 'PO1', 'total_clubs': '18', 'total_players': '491', 'average_age': '25.7', 'foreigner_percentage': '70.1 %', 'average_market_value': None, 'total_value': '€2.03bn', 'competition_type': 'first_tier', 'competition_name': 'Liga Portugal', 'href': '/liga-portugal/startseite/wettbewerb/PO1', 'seasoned_href': 'https://www.transfermarkt.co.uk/liga-portugal/startseite/wettbewerb/PO1/plus/0?saison_id=2022'}",,28,26.1,21,75.0 %,1,Estádio de São Miguel,12500,1570000.0,Mário Silva,/mario-silva/profil/trainer/54437,https://tmssl.akamaized.net//images/wappen/head/2423.png?lm=1718909294,,cd-santa-clara,CD Santa Clara,2022-liga-portugal,2022,liga-portugal,Liga Portugal,Portugal,€2.03bn,first_tier,2029999999.9999998,75.0
club,/losc-lille/startseite/verein/1082,"{'type': 'competition', 'country_id': '50', 'country_name': 'France', 'country_code': 'FR1', 'total_clubs': '18', 'total_players': '481', 'average_age': '25.8', 'foreigner_percentage': '63.2 %', 'average_market_value': None, 'total_value': '€4.70bn', 'competition_type': 'first_tier', 'competition_name': 'Ligue 1', 'href': '/ligue-1/startseite/wettbewerb/FR1', 'seasoned_href': 'https://www.transfermarkt.co.uk/ligue-1/startseite/wettbewerb/FR1/plus/0?saison_id=2022'}",,28,26.5,19,67.9 %,12,Decathlon Arena-Stade Pierre-Mauroy,50186,61600000.0,Paulo Fonseca,/paulo-fonseca/profil/trainer/19944,https://tmssl.akamaized.net//images/wappen/head/1082.png?lm=1529521041,,losc-lille,LOSC Lille,2022-ligue-1,2022,ligue-1,Ligue 1,France,€4.70bn,first_tier,4700000000.0,67.9
club,/stade-reims/startseite/verein/1421,"{'type': 'competition', 'country_id': '50', 'country_name': 'France', 'country_code': 'FR1', 'total_clubs': '18', 'total_players': '481', 'average_age': '25.8', 'foreigner_percentage': '63.2 %', 'average_market_value': None, 'total_value': '€4.70bn', 'competition_type': 'first_tier', 'competition_name': 'Ligue 1', 'href': '/ligue-1/startseite/wettbewerb/FR1', 'seasoned_href': 'https://www.transfermarkt.co.uk/ligue-1/startseite/wettbewerb/FR1/plus/0?saison_id=2022'}",,24,24.2,19,79.2 %,5,Stade Auguste-Delaune,20519,81980000.0,Óscar García,/oscar-garcia/profil/trainer/16362,https://tmssl.akamaized.net//images/wappen/head/1421.png?lm=1592601839,,stade-reims,Stade Reims,2022-ligue-1,2022,ligue-1,Ligue 1,France,€4.70bn,first_tier,4700000000.0,79.2
club,/fc-stade-rennes/startseite/verein/273,"{'type': 'competition', 'country_id': '50', 'country_name': 'France', 'country_code': 'FR1', 'total_clubs': '18', 'total_players': '481', 'average_age': '25.8', 'foreigner_percentage': '63.2 %', 'average_market_value': None, 'total_value': '€4.70bn', 'competition_type': 'first_tier', 'competition_name': 'Ligue 1', 'href': '/ligue-1/startseite/wettbewerb/FR1', 'seasoned_href': 'https://www.transfermarkt.co.uk/ligue-1/startseite/wettbewerb/FR1/plus/0?saison_id=2022'}",,23,25.6,10,43.5 %,11,Roazhon Park,29778,50150000.0,Bruno Genesio,/bruno-genesio/profil/trainer/5036,https://tmssl.akamaized.net//images/wappen/head/273.png?lm=1691503972,,fc-stade-rennes,Stade Rennais FC,2022-ligue-1,2022,ligue-1,Ligue 1,France,€4.70bn,first_tier,4700000000.0,43.5
club,/olympique-lyon/startseite/verein/1041,"{'type': 'competition', 'country_id': '50', 'country_name': 'France', 'country_code': 'FR1', 'total_clubs': '18', 'total_players': '481', 'average_age': '25.8', 'foreigner_percentage': '63.2 %', 'average_market_value': None, 'total_value': '€4.70bn', 'competition_type': 'first_tier', 'competition_name': 'Ligue 1', 'href': '/ligue-1/startseite/wettbewerb/FR1', 'seasoned_href': 'https://www.transfermarkt.co.uk/ligue-1/startseite/wettbewerb/FR1/plus/0?saison_id=2022'}",,29,25.6,23,79.3 %,12,Groupama Stadium,59186,62110000.0,Peter Bosz,/peter-bosz/profil/trainer/1269,https://tmssl.akamaized.net//images/wappen/head/1041.png?lm=1656668172,,olympique-lyon,Olympique Lyon,2022-ligue-1,2022,ligue-1,Ligue 1,France,€4.70bn,first_tier,4700000000.0,79.3
club,/rc-lens/startseite/verein/826,"{'type': 'competition', 'country_id': '50', 'country_name': 'France', 'country_code': 'FR1', 'total_clubs': '18', 'total_players': '481', 'average_age': '25.8', 'foreigner_percentage': '63.2 %', 'average_market_value': None, 'total_value': '€4.70bn', 'competition_type': 'first_tier', 'competition_name': 'Ligue 1', 'href': '/ligue-1/startseite/wettbewerb/FR1', 'seasoned_href': 'https://www.transfermarkt.co.uk/ligue-1/startseite/wettbewerb/FR1/plus/0?saison_id=2022'}",,29,26.6,9,31.0 %,9,Stade Bollaert-Delelis,38223,45550000.0,Franck Haise,/franck-haise/profil/trainer/27176,https://tmssl.akamaized.net//images/wappen/head/826.png?lm=1595457059,,rc-lens,RC Lens,2022-ligue-1,2022,ligue-1,Ligue 1,France,€4.70bn,first_tier,4700000000.0,31.0
club,/olympique-marseille/startseite/verein/244,"{'type': 'competition', 'country_id': '50', 'country_name': 'France', 'country_code': 'FR1', 'total_clubs': '18', 'total_players': '481', 'average_age': '25.8', 'foreigner_percentage': '63.2 %', 'average_market_value': None, 'total_value': '€4.70bn', 'competition_type': 'first_tier', 'competition_name': 'Ligue 1', 'href': '/ligue-1/startseite/wettbewerb/FR1', 'seasoned_href': 'https://www.transfermarkt.co.uk/ligue-1/startseite/wettbewerb/FR1/plus/0?saison_id=2022'}",,25,27.0,24,96.0 %,14,Orange Vélodrome,67394,20350000.0,Jorge Sampaoli,/jorge-sampaoli/profil/trainer/10819,https://tmssl.akamaized.net//images/wappen/head/244.png?lm=1775675175,,olympique-marseille,Olympique Marseille,2022-ligue-1,2022,ligue-1,Ligue 1,France,€4.70bn,first_tier,4700000000.0,96.0
club,/as-monaco/startseite/verein/162,"{'type': 'competition', 'country_id': '50', 'country_name': 'France', 'country_code': 'FR1', 'total_clubs': '18', 'total_players': '481', 'average_age': '25.8', 'foreigner_percentage': '63.2 %', 'average_market_value': None, 'total_value': '€4.70bn', 'competition_type': 'first_tier', 'competition_name': 'Ligue 1', 'href': '/ligue-1/startseite/wettbewerb/FR1', 'seasoned_href': 'https://www.transfermarkt.co.uk/ligue-1/startseite/wettbewerb/FR1/plus/0?saison_id=2022'}",,28,26.0,28,100.0 %,12,Stade Louis-II,18525,135570000.0,Philippe Clement,/philippe-clement/profil/trainer/26691,https://tmssl.akamaized.net//images/wappen/head/162.png?lm=1654781919,,as-monaco,AS Monaco,2022-ligue-1,2022,ligue-1,Ligue 1,France,€4.70bn,first_tier,4700000000.0,100.0
club,/montpellier-hsc/startseite/verein/969,"{'type': 'competition', 'country_id': '50', 'country_name': 'France', 'country_code': 'FR1', 'total_clubs': '18', 'total_players': '481', 'average_age': '25.8', 'foreigner_percentage': '63.2 %', 'average_market_value': None, 'total_value': '€4.70bn', 'competition_type': 'first_tier', 'competition_name': 'Ligue 1', 'href': '/ligue-1/startseite/wettbewerb/FR1', 'seasoned_href': 'https://www.transfermarkt.co.uk/ligue-1/startseite/wettbewerb/FR1/plus/0?saison_id=2022'}",,23,24.5,10,43.5 %,2,Stade de la Mosson,22000,6550000.0,Olivier Dall'Oglio,/olivier-dalloglio/profil/trainer/14547,https://tmssl.akamaized.net//images/wappen/head/969.png?lm=1748640687,,montpellier-hsc,Montpellier HSC,2022-ligue-1,2022,ligue-1,Ligue 1,France,€4.70bn,first_tier,4700000000.0,43.5
club,/ogc-nizza/startseite/verein/417,"{'type': 'competition', 'country_id': '50', 'country_name': 'France', 'country_code': 'FR1', 'total_clubs': '18', 'total_players': '481', 'average_age': '25.8', 'foreigner_percentage': '63.2 %', 'average_market_value': None, 'total_value': '€4.70bn', 'competition_type': 'first_tier', 'competition_name': 'Ligue 1', 'href': '/ligue-1/startseite/wettbewerb/FR1', 'seasoned_href': 'https://www.transfermarkt.co.uk/ligue-1/startseite/wettbewerb/FR1/plus/0?saison_id=2022'}",,29,25.9,19,65.5 %,13,Allianz Riviera,36178,72820000.0,Lucien Favre,/lucien-favre/profil/trainer/535,https://tmssl.akamaized.net//images/wappen/head/417.png?lm=1408779490,,ogc-nizza,OGC Nice,2022-ligue-1,2022,ligue-1,Ligue 1,France,€4.70bn,first_tier,4700000000.0,65.5
club,/fc-paris-saint-germain/startseite/verein/583,"{'type': 'competition', 'country_id': '50', 'country_name': 'France', 'country_code': 'FR1', 'total_clubs': '18', 'total_players': '481', 'average_age': '25.8', 'foreigner_percentage': '63.2 %', 'average_market_value': None, 'total_value': '€4.70bn', 'competition_type': 'first_tier', 'competition_name': 'Ligue 1', 'href': '/ligue-1/startseite/wettbewerb/FR1', 'seasoned_href': 'https://www.transfermarkt.co.uk/ligue-1/startseite/wettbewerb/FR1/plus/0?saison_id=2022'}",,24,24.2,16,66.7 %,20,Parc des Princes,48583,-47200000.0,Mauricio Pochettino,/mauricio-pochettino/profil/trainer/9044,https://tmssl.akamaized.net//images/wappen/head/583.png?lm=1728026461,,fc-paris-saint-germain,Paris Saint-Germain,2022-ligue-1,2022,ligue-1,Ligue 1,France,€4.70bn,first_tier,4700000000.0,66.7
club,/fc-nantes/startseite/verein/995,"{'type': 'competition', 'country_id': '50', 'country_name': 'France', 'country_code': 'FR1', 'total_clubs': '18', 'total_players': '481', 'average_age': '25.8', 'foreigner_percentage': '63.2 %', 'average_market_value': None, 'total_value': '€4.70bn', 'competition_type': 'first_tier', 'competition_name': 'Ligue 1', 'href': '/ligue-1/startseite/wettbewerb/FR1', 'seasoned_href': 'https://www.transfermarkt.co.uk/ligue-1/startseite/wettbewerb/FR1/plus/0?saison_id=2022'}",,29,27.0,16,55.2 %,8,Stade de la Beaujoire,35322,32000000.0,Antoine Kombouaré,/antoine-kombouare/profil/trainer/1224,https://tmssl.akamaized.net//images/wappen/head/995.png?lm=1581355747,,fc-nantes,FC Nantes,2022-ligue-1,2022,ligue-1,Ligue 1,France,€4.70bn,first_tier,4700000000.0,55.2
club,/rc-strassburg-alsace/startseite/verein/667,"{'type': 'competition', 'country_id': '50', 'country_name': 'France', 'country_code': 'FR1', 'total_clubs': '18', 'total_players': '481', 'average_age': '25.8', 'foreigner_percentage': '63.2 %', 'average_market_value': None, 'total_value': '€4.70bn', 'competition_type': 'first_tier', 'competition_name': 'Ligue 1', 'href': '/ligue-1/startseite/wettbewerb/FR1', 'seasoned_href': 'https://www.transfermarkt.co.uk/ligue-1/startseite/wettbewerb/FR1/plus/0?saison_id=2022'}",,26,22.9,22,84.6 %,12,Stade de la Meinau,32000,-26300000.0,Julien Stéphan,/julien-stephan/profil/trainer/61003,https://tmssl.akamaized.net//images/wappen/head/667.png?lm=1664991833,,rc-strassburg-alsace,RC Strasbourg Alsace,2022-ligue-1,2022,ligue-1,Ligue 1,France,€4.70bn,first_tier,4700000000.0,84.6
club,/fc-toulouse/startseite/verein/415,"{'type': 'competition', 'country_id': '50', 'country_name': 'France', 'country_code': 'FR1', 'total_clubs': '18', 'total_players': '481', 'average_age': '25.8', 'foreigner_percentage': '63.2 %', 'average_market_value': None, 'total_value': '€4.70bn', 'competition_type': 'first_tier', 'competition_name': 'Ligue 1', 'href': '/ligue-1/startseite/wettbewerb/FR1', 'seasoned_href': 'https://www.transfermarkt.co.uk/ligue-1/startseite/wettbewerb/FR1/plus/0?saison_id=2022'}",,24,24.2,17,70.8 %,7,Stadium Municipal,33150,31350000.0,Philippe Montanier,/philippe-montanier/profil/trainer/5065,https://tmssl.akamaized.net//images/wappen/head/415.png?lm=1740065124,,fc-toulouse,FC Toulouse,2022-ligue-1,2022,ligue-1,Ligue 1,France,€4.70bn,first_tier,4700000000.0,70.8
club,/es-troyes-ac/startseite/verein/1095,"{'type': 'competition', 'country_id': '50', 'country_name': 'France', 'country_code': 'FR1', 'total_clubs': '18', 'total_players': '481', 'average_age': '25.8', 'foreigner_percentage': '63.2 %', 'average_market_value': None, 'total_value': '€4.70bn', 'competition_type': 'first_tier', 'competition_name': 'Ligue 1', 'href': '/ligue-1/startseite/wettbewerb/FR1', 'seasoned_href': 'https://www.transfermarkt.co.uk/ligue-1/startseite/wettbewerb/FR1/plus/0?saison_id=2022'}",,29,25.4,9,31.0 %,4,Stade de l'Aube,20460,21900000.0,Bruno Irles,/bruno-irles/profil/trainer/23732,https://tmssl.akamaized.net//images/wappen/head/1095.png?lm=1599945497,,es-troyes-ac,ESTAC Troyes,2022-ligue-1,2022,ligue-1,Ligue 1,France,€4.70bn,first_tier,4700000000.0,31.0
club,/stade-brest-29/startseite/verein/3911,"{'type': 'competition', 'country_id': '50', 'country_name': 'France', 'country_code': 'FR1', 'total_clubs': '18', 'total_players': '481', 'average_age': '25.8', 'foreigner_percentage': '63.2 %', 'average_market_value': None, 'total_value': '€4.70bn', 'competition_type': 'first_tier', 'competition_name': 'Ligue 1', 'href': '/ligue-1/startseite/wettbewerb/FR1', 'seasoned_href': 'https://www.transfermarkt.co.uk/ligue-1/startseite/wettbewerb/FR1/plus/0?saison_id=2022'}",,23,25.6,11,47.8 %,6,Stade Francis-Le Blé,15220,23700000.0,Michel Der Zakarian,/michel-der-zakarian/profil/trainer/4002,https://tmssl.akamaized.net//images/wappen/head/3911.png?lm=1768836091,,stade-brest-29,Stade Brestois 29,2022-ligue-1,2022,ligue-1,Ligue 1,France,€4.70bn,first_tier,4700000000.0,47.8
club,/fc-lorient/startseite/verein/1158,"{'type': 'competition', 'country_id': '50', 'country_name': 'France', 'country_code': 'FR1', 'total_clubs': '18', 'total_players': '481', 'average_age': '25.8', 'foreigner_percentage': '63.2 %', 'average_market_value': None, 'total_value': '€4.70bn', 'competition_type': 'first_tier', 'competition_name': 'Ligue 1', 'href': '/ligue-1/startseite/wettbewerb/FR1', 'seasoned_href': 'https://www.transfermarkt.co.uk/ligue-1/startseite/wettbewerb/FR1/plus/0?saison_id=2022'}",,25,26.1,18,72.0 %,10,Stade du Moustoir,16787,600000.0,Régis Le Bris,/regis-le-bris/profil/trainer/40910,https://tmssl.akamaized.net//images/wappen/head/1158.png?lm=1406642498,,fc-lorient,FC Lorient,2022-ligue-1,2022,ligue-1,Ligue 1,France,€4.70bn,first_tier,4700000000.0,72.0
club,/sco-angers/startseite/verein/1420,"{'type': 'competition', 'country_id': '50', 'country_name': 'France', 'country_code': 'FR1', 'total_clubs': '18', 'total_players': '481', 'average_age': '25.8', 'foreigner_percentage': '63.2 %', 'average_market_value': None, 'total_value': '€4.70bn', 'competition_type': 'first_tier', 'competition_name': 'Ligue 1', 'href': '/ligue-1/startseite/wettbewerb/FR1', 'seasoned_href': 'https://www.transfermarkt.co.uk/ligue-1/startseite/wettbewerb/FR1/plus/0?saison_id=2022'}",,24,26.0,14,58.3 %,7,Stade Raymond-Kopa,19350,20250000.0,Gérald Baticle,/gerald-baticle/profil/trainer/8183,https://tmssl.akamaized.net//images/wappen/head/1420.png?lm=1687525425,,sco-angers,Angers SCO,2022-ligue-1,2022,ligue-1,Ligue 1,France,€4.70bn,first_tier,4700000000.0,58.3
club,/clermont-foot-63/startseite/verein/3524,"{'type': 'competition', 'country_id': '50', 'country_name': 'France', 'country_code': 'FR1', 'total_clubs': '18', 'total_players': '481', 'average_age': '25.8', 'foreigner_percentage': '63.2 %', 'average_market_value': None, 'total_value': '€4.70bn', 'competition_type': 'first_tier', 'competition_name': 'Ligue 1', 'href': '/ligue-1/startseite/wettbewerb/FR1', 'seasoned_href': 'https://www.transfermarkt.co.uk/ligue-1/startseite/wettbewerb/FR1/plus/0?saison_id=2022'}",,28,26.0,17,60.7 %,1,Stade Gabriel-Montpied,10800,-0.0,Pascal Gastien,/pascal-gastien/profil/trainer/13916,https://tmssl.akamaized.net//images/wappen/head/3524.png?lm=1625739356,,clermont-foot-63,Clermont Foot 63,2022-ligue-1,2022,ligue-1,Ligue 1,France,€4.70bn,first_tier,4700000000.0,60.7
club,/ac-ajaccio/startseite/verein/1147,"{'type': 'competition', 'country_id': '50', 'country_name': 'France', 'country_code': 'FR1', 'total_clubs': '18', 'total_players': '481', 'average_age': '25.8', 'foreigner_percentage': '63.2 %', 'average_market_value': None, 'total_value': '€4.70bn', 'competition_type': 'first_tier', 'competition_name': 'Ligue 1', 'href': '/ligue-1/startseite/wettbewerb/FR1', 'seasoned_href': 'https://www.transfermarkt.co.uk/ligue-1/startseite/wettbewerb/FR1/plus/0?saison_id=2022'}",,18,27.2,4,22.2 %,0,Stade Michel-Moretti,10446,1650000.0,Olivier Pantaloni,/olivier-pantaloni/profil/trainer/5769,https://tmssl.akamaized.net//images/wappen/head/1147.png?lm=1408538965,,ac-ajaccio,AC Ajaccio,2022-ligue-1,2022,ligue-1,Ligue 1,France,€4.70bn,first_tier,4700000000.0,22.2
club,/aj-auxerre/startseite/verein/290,"{'type': 'competition', 'country_id': '50', 'country_name': 'France', 'country_code': 'FR1', 'total_clubs': '18', 'total_players': '481', 'average_age': '25.8', 'foreigner_percentage': '63.2 %', 'average_market_value': None, 'total_value': '€4.70bn', 'competition_type': 'first_tier', 'competition_name': 'Ligue 1', 'href': '/ligue-1/startseite/wettbewerb/FR1', 'seasoned_href': 'https://www.transfermarkt.co.uk/ligue-1/startseite/wettbewerb/FR1/plus/0?saison_id=2022'}",,29,24.4,15,51.7 %,8,Stade de l'Abbé-Deschamps,18541,14650000.0,Jean-Marc Furlan,/jean-marc-furlan/profil/trainer/2680,https://tmssl.akamaized.net//images/wappen/head/290.png?lm=1635851977,,aj-auxerre,AJ Auxerre,2022-ligue-1,2022,ligue-1,Ligue 1,France,€4.70bn,first_tier,4700000000.0,51.7
club,/brighton-amp-hove-albion/startseite/verein/1237,"{'type': 'competition', 'country_id': '189', 'country_name': 'England', 'country_code': 'GB1', 'total_clubs': '20', 'total_players': '555', 'average_age': '26.5', 'foreigner_percentage': '70.6 %', 'average_market_value': None, 'total_value': '€12.47bn', 'competition_type': 'first_tier', 'competition_name': 'Premier League', 'href': '/premier-league/startseite/wettbewerb/GB1', 'seasoned_href': 'https://www.transfermarkt.co.uk/premier-league/startseite/wettbewerb/GB1/plus/0?saison_id=2022'}",,33,26.6,22,66.7 %,17,AMEX Stadium,31876,63150000.0,Graham Potter,/graham-potter/profil/trainer/23954,https://tmssl.akamaized.net//images/wappen/head/1237.png?lm=1492718902,,brighton-amp-hove-albion,Brighton & Hove Albion,2022-premier-league,2022,premier-league,Premier League,England,€12.47bn,first_tier,12470000000.0,66.7
club,/manchester-city/startseite/verein/281,"{'type': 'competition', 'country_id': '189', 'country_name': 'England', 'country_code': 'GB1', 'total_clubs': '20', 'total_players': '555', 'average_age': '26.5', 'foreigner_percentage': '70.6 %', 'average_market_value': None, 'total_value': '€12.47bn', 'competition_type': 'first_tier', 'competition_name': 'Premier League', 'href': '/premier-league/startseite/wettbewerb/GB1', 'seasoned_href': 'https://www.transfermarkt.co.uk/premier-league/startseite/wettbewerb/GB1/plus/0?saison_id=2022'}",,28,26.4,19,67.9 %,22,Etihad Stadium,61000,-194520000.0,Pep Guardiola,/pep-guardiola/profil/trainer/5672,https://tmssl.akamaized.net//images/wappen/head/281.png?lm=1467356331,,manchester-city,Manchester City,2022-premier-league,2022,premier-league,Premier League,England,€12.47bn,first_tier,12470000000.0,67.9
club,/fc-chelsea/startseite/verein/631,"{'type': 'competition', 'country_id': '189', 'country_name': 'England', 'country_code': 'GB1', 'total_clubs': '20', 'total_players': '555', 'average_age': '26.5', 'foreigner_percentage': '70.6 %', 'average_market_value': None, 'total_value': '€12.47bn', 'competition_type': 'first_tier', 'competition_name': 'Premier League', 'href': '/premier-league/startseite/wettbewerb/GB1', 'seasoned_href': 'https://www.transfermarkt.co.uk/premier-league/startseite/wettbewerb/GB1/plus/0?saison_id=2022'}",,30,23.7,21,70.0 %,14,Stamford Bridge,41631,98000.0,Thomas Tuchel,/thomas-tuchel/profil/trainer/7471,https://tmssl.akamaized.net//images/wappen/head/631.png?lm=1682435911,,fc-chelsea,Chelsea FC,2022-premier-league,2022,premier-league,Premier League,England,€12.47bn,first_tier,12470000000.0,70.0
club,/wolverhampton-wanderers/startseite/verein/543,"{'type': 'competition', 'country_id': '189', 'country_name': 'England', 'country_code': 'GB1', 'total_clubs': '20', 'total_players': '555', 'average_age': '26.5', 'foreigner_percentage': '70.6 %', 'average_market_value': None, 'total_value': '€12.47bn', 'competition_type': 'first_tier', 'competition_name': 'Premier League', 'href': '/premier-league/startseite/wettbewerb/GB1', 'seasoned_href': 'https://www.transfermarkt.co.uk/premier-league/startseite/wettbewerb/GB1/plus/0?saison_id=2022'}",,27,26.1,22,81.5 %,14,Molineux Stadium,31750,81100000.0,Bruno Lage,/bruno-lage/profil/trainer/61477,https://tmssl.akamaized.net//images/wappen/head/543.png?lm=1467496784,,wolverhampton-wanderers,Wolverhampton Wanderers,2022-premier-league,2022,premier-league,Premier League,England,€12.47bn,first_tier,12470000000.0,81.5
club,/manchester-united/startseite/verein/985,"{'type': 'competition', 'country_id': '189', 'country_name': 'England', 'country_code': 'GB1', 'total_clubs': '20', 'total_players': '555', 'average_age': '26.5', 'foreigner_percentage': '70.6 %', 'average_market_value': None, 'total_value': '€12.47bn', 'competition_type': 'first_tier', 'competition_name': 'Premier League', 'href': '/premier-league/startseite/wettbewerb/GB1', 'seasoned_href': 'https://www.transfermarkt.co.uk/premier-league/startseite/wettbewerb/GB1/plus/0?saison_id=2022'}",,25,26.5,18,72.0 %,16,Old Trafford,74879,-172500000.0,Erik ten Hag,/erik-ten-hag/profil/trainer/3816,https://tmssl.akamaized.net//images/wappen/head/985.png?lm=1457975903,,manchester-united,Manchester United,2022-premier-league,2022,premier-league,Premier League,England,€12.47bn,first_tier,12470000000.0,72.0
club,/newcastle-united/startseite/verein/762,"{'type': 'competition', 'country_id': '189', 'country_name': 'England', 'country_code': 'GB1', 'total_clubs': '20', 'total_players': '555', 'average_age': '26.5', 'foreigner_percentage': '70.6 %', 'average_market_value': None, 'total_value': '€12.47bn', 'competition_type': 'first_tier', 'competition_name': 'Premier League', 'href': '/premier-league/startseite/wettbewerb/GB1', 'seasoned_href': 'https://www.transfermarkt.co.uk/premier-league/startseite/wettbewerb/GB1/plus/0?saison_id=2022'}",,29,28.1,13,44.8 %,16,St James' Park,52258,-102850000.0,Eddie Howe,/eddie-howe/profil/trainer/10976,https://tmssl.akamaized.net//images/wappen/head/762.png?lm=1472921161,,newcastle-united,Newcastle United,2022-premier-league,2022,premier-league,Premier League,England,€12.47bn,first_tier,12470000000.0,44.8
club,/aston-villa/startseite/verein/405,"{'type': 'competition', 'country_id': '189', 'country_name': 'England', 'country_code': 'GB1', 'total_clubs': '20', 'total_players': '555', 'average_age': '26.5', 'foreigner_percentage': '70.6 %', 'average_market_value': None, 'total_value': '€12.47bn', 'competition_type': 'first_tier', 'competition_name': 'Premier League', 'href': '/premier-league/startseite/wettbewerb/GB1', 'seasoned_href': 'https://www.transfermarkt.co.uk/premier-league/startseite/wettbewerb/GB1/plus/0?saison_id=2022'}",,26,28.2,17,65.4 %,13,Villa Park,43205,-12650000.0,Steven Gerrard,/steven-gerrard/profil/trainer/51276,https://tmssl.akamaized.net//images/wappen/head/405.png?lm=1717155982,,aston-villa,Aston Villa,2022-premier-league,2022,premier-league,Premier League,England,€12.47bn,first_tier,12470000000.0,65.4
club,/fc-arsenal/startseite/verein/11,"{'type': 'competition', 'country_id': '189', 'country_name': 'England', 'country_code': 'GB1', 'total_clubs': '20', 'total_players': '555', 'average_age': '26.5', 'foreigner_percentage': '70.6 %', 'average_market_value': None, 'total_value': '€12.47bn', 'competition_type': 'first_tier', 'competition_name': 'Premier League', 'href': '/premier-league/startseite/wettbewerb/GB1', 'seasoned_href': 'https://www.transfermarkt.co.uk/premier-league/startseite/wettbewerb/GB1/plus/0?saison_id=2022'}",,24,26.6,17,70.8 %,20,Emirates Stadium,60704,-280730000.0,Mikel Arteta,/mikel-arteta/profil/trainer/47620,https://tmssl.akamaized.net//images/wappen/head/11.png?lm=1489787850,,fc-arsenal,Arsenal FC,2022-premier-league,2022,premier-league,Premier League,England,€12.47bn,first_tier,12470000000.0,70.8
club,/tottenham-hotspur/startseite/verein/148,"{'type': 'competition', 'country_id': '189', 'country_name': 'England', 'country_code': 'GB1', 'total_clubs': '20', 'total_players': '555', 'average_age': '26.5', 'foreigner_percentage': '70.6 %', 'average_market_value': None, 'total_value': '€12.47bn', 'competition_type': 'first_tier', 'competition_name': 'Premier League', 'href': '/premier-league/startseite/wettbewerb/GB1', 'seasoned_href': 'https://www.transfermarkt.co.uk/premier-league/startseite/wettbewerb/GB1/plus/0?saison_id=2022'}",,30,25.7,22,73.3 %,19,Tottenham Hotspur Stadium,62850,-182900000.0,Antonio Conte,/antonio-conte/profil/trainer/3517,https://tmssl.akamaized.net//images/wappen/head/148.png?lm=1732011953,,tottenham-hotspur,Tottenham Hotspur,2022-premier-league,2022,premier-league,Premier League,England,€12.47bn,first_tier,12470000000.0,73.3
club,/fc-liverpool/startseite/verein/31,"{'type': 'competition', 'country_id': '189', 'country_name': 'England', 'country_code': 'GB1', 'total_clubs': '20', 'total_players': '555', 'average_age': '26.5', 'foreigner_percentage': '70.6 %', 'average_market_value': None, 'total_value': '€12.47bn', 'competition_type': 'first_tier', 'competition_name': 'Premier League', 'href': '/premier-league/startseite/wettbewerb/GB1', 'seasoned_href': 'https://www.transfermarkt.co.uk/premier-league/startseite/wettbewerb/GB1/plus/0?saison_id=2022'}",,28,26.2,21,75.0 %,17,Anfield,61276,-261850000.0,Jürgen Klopp,/jurgen-klopp/profil/trainer/118,https://tmssl.akamaized.net//images/wappen/head/31.png?lm=1727873452,,fc-liverpool,Liverpool FC,2022-premier-league,2022,premier-league,Premier League,England,€12.47bn,first_tier,12470000000.0,75.0
club,/leicester-city/startseite/verein/1003,"{'type': 'competition', 'country_id': '189', 'country_name': 'England', 'country_code': 'GB1', 'total_clubs': '20', 'total_players': '555', 'average_age': '26.5', 'foreigner_percentage': '70.6 %', 'average_market_value': None, 'total_value': '€12.47bn', 'competition_type': 'first_tier', 'competition_name': 'Premier League', 'href': '/premier-league/startseite/wettbewerb/GB1', 'seasoned_href': 'https://www.transfermarkt.co.uk/premier-league/startseite/wettbewerb/GB1/plus/0?saison_id=2022'}",,27,26.3,15,55.6 %,7,King Power Stadium,32259,57300000.0,Brendan Rodgers,/brendan-rodgers/profil/trainer/1366,https://tmssl.akamaized.net//images/wappen/head/1003.png?lm=1472229265,,leicester-city,Leicester City,2022-premier-league,2022,premier-league,Premier League,England,€12.47bn,first_tier,12470000000.0,55.6
club,/fc-southampton/startseite/verein/180,"{'type': 'competition', 'country_id': '189', 'country_name': 'England', 'country_code': 'GB1', 'total_clubs': '20', 'total_players': '555', 'average_age': '26.5', 'foreigner_percentage': '70.6 %', 'average_market_value': None, 'total_value': '€12.47bn', 'competition_type': 'first_tier', 'competition_name': 'Premier League', 'href': '/premier-league/startseite/wettbewerb/GB1', 'seasoned_href': 'https://www.transfermarkt.co.uk/premier-league/startseite/wettbewerb/GB1/plus/0?saison_id=2022'}",,31,26.7,19,61.3 %,9,St Mary's Stadium,32384,87060000.0,Ralph Hasenhüttl,/ralph-hasenhuttl/profil/trainer/2300,https://tmssl.akamaized.net//images/wappen/head/180.png?lm=1444560086,,fc-southampton,Southampton FC,2022-premier-league,2022,premier-league,Premier League,England,€12.47bn,first_tier,12470000000.0,61.3
club,/fc-brentford/startseite/verein/1148,"{'type': 'competition', 'country_id': '189', 'country_name': 'England', 'country_code': 'GB1', 'total_clubs': '20', 'total_players': '555', 'average_age': '26.5', 'foreigner_percentage': '70.6 %', 'average_market_value': None, 'total_value': '€12.47bn', 'competition_type': 'first_tier', 'competition_name': 'Premier League', 'href': '/premier-league/startseite/wettbewerb/GB1', 'seasoned_href': 'https://www.transfermarkt.co.uk/premier-league/startseite/wettbewerb/GB1/plus/0?saison_id=2022'}",,31,25.2,22,71.0 %,15,Gtech Community Stadium,17250,50910000.0,Thomas Frank,/thomas-frank/profil/trainer/9002,https://tmssl.akamaized.net//images/wappen/head/1148.png?lm=1625150543,,fc-brentford,Brentford FC,2022-premier-league,2022,premier-league,Premier League,England,€12.47bn,first_tier,12470000000.0,71.0
club,/west-ham-united/startseite/verein/379,"{'type': 'competition', 'country_id': '189', 'country_name': 'England', 'country_code': 'GB1', 'total_clubs': '20', 'total_players': '555', 'average_age': '26.5', 'foreigner_percentage': '70.6 %', 'average_market_value': None, 'total_value': '€12.47bn', 'competition_type': 'first_tier', 'competition_name': 'Premier League', 'href': '/premier-league/startseite/wettbewerb/GB1', 'seasoned_href': 'https://www.transfermarkt.co.uk/premier-league/startseite/wettbewerb/GB1/plus/0?saison_id=2022'}",,23,27.1,17,73.9 %,9,London Stadium,62500,-53100000.0,David Moyes,/david-moyes/profil/trainer/450,https://tmssl.akamaized.net//images/wappen/head/379.png?lm=1464675260,,west-ham-united,West Ham United,2022-premier-league,2022,premier-league,Premier League,England,€12.47bn,first_tier,12470000000.0,73.9
club,/leeds-united/startseite/verein/399,"{'type': 'competition', 'country_id': '189', 'country_name': 'England', 'country_code': 'GB1', 'total_clubs': '20', 'total_players': '555', 'average_age': '26.5', 'foreigner_percentage': '70.6 %', 'average_market_value': None, 'total_value': '€12.47bn', 'competition_type': 'first_tier', 'competition_name': 'Premier League', 'href': '/premier-league/startseite/wettbewerb/GB1', 'seasoned_href': 'https://www.transfermarkt.co.uk/premier-league/startseite/wettbewerb/GB1/plus/0?saison_id=2022'}",,26,27.4,20,76.9 %,14,Elland Road,37890,-106700000.0,Jesse Marsch,/jesse-marsch/profil/trainer/17275,https://tmssl.akamaized.net//images/wappen/head/399.png?lm=1645652224,,leeds-united,Leeds United,2022-premier-league,2022,premier-league,Premier League,England,€12.47bn,first_tier,12470000000.0,76.9
club,/nottingham-forest/startseite/verein/703,"{'type': 'competition', 'country_id': '189', 'country_name': 'England', 'country_code': 'GB1', 'total_clubs': '20', 'total_players': '555', 'average_age': '26.5', 'foreigner_percentage': '70.6 %', 'average_market_value': None, 'total_value': '€12.47bn', 'competition_type': 'first_tier', 'competition_name': 'Premier League', 'href': '/premier-league/startseite/wettbewerb/GB1', 'seasoned_href': 'https://www.transfermarkt.co.uk/premier-league/startseite/wettbewerb/GB1/plus/0?saison_id=2022'}",,29,26.8,22,75.9 %,13,The City Ground,30404,-111430000.0,Steve Cooper,/steve-cooper/profil/trainer/37574,https://tmssl.akamaized.net//images/wappen/head/703.png?lm=1598890289,,nottingham-forest,Nottingham Forest,2022-premier-league,2022,premier-league,Premier League,England,€12.47bn,first_tier,12470000000.0,75.9
club,/crystal-palace/startseite/verein/873,"{'type': 'competition', 'country_id': '189', 'country_name': 'England', 'country_code': 'GB1', 'total_clubs': '20', 'total_players': '555', 'average_age': '26.5', 'foreigner_percentage': '70.6 %', 'average_market_value': None, 'total_value': '€12.47bn', 'competition_type': 'first_tier', 'competition_name': 'Premier League', 'href': '/premier-league/startseite/wettbewerb/GB1', 'seasoned_href': 'https://www.transfermarkt.co.uk/premier-league/startseite/wettbewerb/GB1/plus/0?saison_id=2022'}",,30,26.3,20,66.7 %,20,Selhurst Park,25486,-47850000.0,Patrick Vieira,/patrick-vieira/profil/trainer/20029,https://tmssl.akamaized.net//images/wappen/head/873.png?lm=1457723287,,crystal-palace,Crystal Palace,2022-premier-league,2022,premier-league,Premier League,England,€12.47bn,first_tier,12470000000.0,66.7
club,/fc-everton/startseite/verein/29,"{'type': 'competition', 'country_id': '189', 'country_name': 'England', 'country_code': 'GB1', 'total_clubs': '20', 'total_players': '555', 'average_age': '26.5', 'foreigner_percentage': '70.6 %', 'average_market_value': None, 'total_value': '€12.47bn', 'competition_type': 'first_tier', 'competition_name': 'Premier League', 'href': '/premier-league/startseite/wettbewerb/GB1', 'seasoned_href': 'https://www.transfermarkt.co.uk/premier-league/startseite/wettbewerb/GB1/plus/0?saison_id=2022'}",,26,26.8,13,50.0 %,11,Hill Dickinson Stadium,52769,-117150000.0,Frank Lampard,/frank-lampard/profil/trainer/60805,https://tmssl.akamaized.net//images/wappen/head/29.png?lm=1445949846,,fc-everton,Everton FC,2022-premier-league,2022,premier-league,Premier League,England,€12.47bn,first_tier,12470000000.0,50.0
club,/afc-bournemouth/startseite/verein/989,"{'type': 'competition', 'country_id': '189', 'country_name': 'England', 'country_code': 'GB1', 'total_clubs': '20', 'total_players': '555', 'average_age': '26.5', 'foreigner_percentage': '70.6 %', 'average_market_value': None, 'total_value': '€12.47bn', 'competition_type': 'first_tier', 'competition_name': 'Premier League', 'href': '/premier-league/startseite/wettbewerb/GB1', 'seasoned_href': 'https://www.transfermarkt.co.uk/premier-league/startseite/wettbewerb/GB1/plus/0?saison_id=2022'}",,26,25.7,20,76.9 %,13,Vitality Stadium,11307,129310000.0,Scott Parker,/scott-parker/profil/trainer/54455,https://tmssl.akamaized.net//images/wappen/head/989.png?lm=1457991811,,afc-bournemouth,AFC Bournemouth,2022-premier-league,2022,premier-league,Premier League,England,€12.47bn,first_tier,12470000000.0,76.9
club,/fc-fulham/startseite/verein/931,"{'type': 'competition', 'country_id': '189', 'country_name': 'England', 'country_code': 'GB1', 'total_clubs': '20', 'total_players': '555', 'average_age': '26.5', 'foreigner_percentage': '70.6 %', 'average_market_value': None, 'total_value': '€12.47bn', 'competition_type': 'first_tier', 'competition_name': 'Premier League', 'href': '/premier-league/startseite/wettbewerb/GB1', 'seasoned_href': 'https://www.transfermarkt.co.uk/premier-league/startseite/wettbewerb/GB1/plus/0?saison_id=2022'}",,25,28.1,21,84.0 %,13,Craven Cottage,29589,-56400000.0,Marco Silva,/marco-silva/profil/trainer/19631,https://tmssl.akamaized.net//images/wappen/head/931.png?lm=1556831687,,fc-fulham,Fulham FC,2022-premier-league,2022,premier-league,Premier League,England,€12.47bn,first_tier,12470000000.0,84.0
club,/juventus-turin/startseite/verein/506,"{'type': 'competition', 'country_id': '75', 'country_name': 'Italy', 'country_code': 'IT1', 'total_clubs': '20', 'total_players': '536', 'average_age': '26.9', 'foreigner_percentage': '68.7 %', 'average_market_value': None, 'total_value': '€5.28bn', 'competition_type': 'first_tier', 'competition_name': 'Serie A', 'href': '/serie-a/startseite/wettbewerb/IT1', 'seasoned_href': 'https://www.transfermarkt.co.uk/serie-a/startseite/wettbewerb/IT1/plus/0?saison_id=2022'}",,25,27.5,18,72.0 %,18,Allianz Stadium,41507,-48750000.0,Massimiliano Allegri,/massimiliano-allegri/profil/trainer/7671,https://tmssl.akamaized.net//images/wappen/head/506.png?lm=1626441487,,juventus-turin,Juventus FC,2022-serie-a,2022,serie-a,Serie A,Italy,€5.28bn,first_tier,5280000000.0,72.0
club,/us-sassuolo/startseite/verein/6574,"{'type': 'competition', 'country_id': '75', 'country_name': 'Italy', 'country_code': 'IT1', 'total_clubs': '20', 'total_players': '536', 'average_age': '26.9', 'foreigner_percentage': '68.7 %', 'average_market_value': None, 'total_value': '€5.28bn', 'competition_type': 'first_tier', 'competition_name': 'Serie A', 'href': '/serie-a/startseite/wettbewerb/IT1', 'seasoned_href': 'https://www.transfermarkt.co.uk/serie-a/startseite/wettbewerb/IT1/plus/0?saison_id=2022'}",,29,26.1,18,62.1 %,12,Mapei Stadium - Città del Tricolore,21584,-34630000.0,Alessio Dionisi,/alessio-dionisi/profil/trainer/36126,https://tmssl.akamaized.net//images/wappen/head/6574.png?lm=1755894334,,us-sassuolo,US Sassuolo,2022-serie-a,2022,serie-a,Serie A,Italy,€5.28bn,first_tier,5280000000.0,62.1
club,/ac-mailand/startseite/verein/5,"{'type': 'competition', 'country_id': '75', 'country_name': 'Italy', 'country_code': 'IT1', 'total_clubs': '20', 'total_players': '536', 'average_age': '26.9', 'foreigner_percentage': '68.7 %', 'average_market_value': None, 'total_value': '€5.28bn', 'competition_type': 'first_tier', 'competition_name': 'Serie A', 'href': '/serie-a/startseite/wettbewerb/IT1', 'seasoned_href': 'https://www.transfermarkt.co.uk/serie-a/startseite/wettbewerb/IT1/plus/0?saison_id=2022'}",,23,27.4,18,78.3 %,19,Giuseppe Meazza,75923,6000000.0,Stefano Pioli,/stefano-pioli/profil/trainer/2135,https://tmssl.akamaized.net//images/wappen/head/5.png?lm=1605166627,,ac-mailand,AC Milan,2022-serie-a,2022,serie-a,Serie A,Italy,€5.28bn,first_tier,5280000000.0,78.3
club,/ssc-neapel/startseite/verein/6195,"{'type': 'competition', 'country_id': '75', 'country_name': 'Italy', 'country_code': 'IT1', 'total_clubs': '20', 'total_players': '536', 'average_age': '26.9', 'foreigner_percentage': '68.7 %', 'average_market_value': None, 'total_value': '€5.28bn', 'competition_type': 'first_tier', 'competition_name': 'Serie A', 'href': '/serie-a/startseite/wettbewerb/IT1', 'seasoned_href': 'https://www.transfermarkt.co.uk/serie-a/startseite/wettbewerb/IT1/plus/0?saison_id=2022'}",,26,28.8,17,65.4 %,16,Diego Armando Maradona,54726,-15350000.0,Luciano Spalletti,/luciano-spalletti/profil/trainer/517,https://tmssl.akamaized.net//images/wappen/head/6195.png?lm=1753167643,,ssc-neapel,SSC Napoli,2022-serie-a,2022,serie-a,Serie A,Italy,€5.28bn,first_tier,5280000000.0,65.4
club,/as-rom/startseite/verein/12,"{'type': 'competition', 'country_id': '75', 'country_name': 'Italy', 'country_code': 'IT1', 'total_clubs': '20', 'total_players': '536', 'average_age': '26.9', 'foreigner_percentage': '68.7 %', 'average_market_value': None, 'total_value': '€5.28bn', 'competition_type': 'first_tier', 'competition_name': 'Serie A', 'href': '/serie-a/startseite/wettbewerb/IT1', 'seasoned_href': 'https://www.transfermarkt.co.uk/serie-a/startseite/wettbewerb/IT1/plus/0?saison_id=2022'}",,27,26.3,19,70.4 %,13,Olimpico di Roma,70634,-24450000.0,José Mourinho,/jose-mourinho/profil/trainer/781,https://tmssl.akamaized.net//images/wappen/head/12.png?lm=1751979202,,as-rom,AS Roma,2022-serie-a,2022,serie-a,Serie A,Italy,€5.28bn,first_tier,5280000000.0,70.4
club,/lazio-rom/startseite/verein/398,"{'type': 'competition', 'country_id': '75', 'country_name': 'Italy', 'country_code': 'IT1', 'total_clubs': '20', 'total_players': '536', 'average_age': '26.9', 'foreigner_percentage': '68.7 %', 'average_market_value': None, 'total_value': '€5.28bn', 'competition_type': 'first_tier', 'competition_name': 'Serie A', 'href': '/serie-a/startseite/wettbewerb/IT1', 'seasoned_href': 'https://www.transfermarkt.co.uk/serie-a/startseite/wettbewerb/IT1/plus/0?saison_id=2022'}",,28,27.8,17,60.7 %,11,Olimpico di Roma,70634,13550000.0,Maurizio Sarri,/maurizio-sarri/profil/trainer/10073,https://tmssl.akamaized.net//images/wappen/head/398.png?lm=1601537785,,lazio-rom,SS Lazio,2022-serie-a,2022,serie-a,Serie A,Italy,€5.28bn,first_tier,5280000000.0,60.7
club,/inter-mailand/startseite/verein/46,"{'type': 'competition', 'country_id': '75', 'country_name': 'Italy', 'country_code': 'IT1', 'total_clubs': '20', 'total_players': '536', 'average_age': '26.9', 'foreigner_percentage': '68.7 %', 'average_market_value': None, 'total_value': '€5.28bn', 'competition_type': 'first_tier', 'competition_name': 'Serie A', 'href': '/serie-a/startseite/wettbewerb/IT1', 'seasoned_href': 'https://www.transfermarkt.co.uk/serie-a/startseite/wettbewerb/IT1/plus/0?saison_id=2022'}",,24,29.5,16,66.7 %,15,Giuseppe Meazza,75923,-48350000.0,Simone Inzaghi,/simone-inzaghi/profil/trainer/21624,https://tmssl.akamaized.net//images/wappen/head/46.png?lm=1618900989,,inter-mailand,Inter Milan,2022-serie-a,2022,serie-a,Serie A,Italy,€5.28bn,first_tier,5280000000.0,66.7
club,/atalanta-bergamo/startseite/verein/800,"{'type': 'competition', 'country_id': '75', 'country_name': 'Italy', 'country_code': 'IT1', 'total_clubs': '20', 'total_players': '536', 'average_age': '26.9', 'foreigner_percentage': '68.7 %', 'average_market_value': None, 'total_value': '€5.28bn', 'competition_type': 'first_tier', 'competition_name': 'Serie A', 'href': '/serie-a/startseite/wettbewerb/IT1', 'seasoned_href': 'https://www.transfermarkt.co.uk/serie-a/startseite/wettbewerb/IT1/plus/0?saison_id=2022'}",,24,27.5,14,58.3 %,18,New Balance Arena - Bergamo,24950,-8280000.0,Gian Piero Gasperini,/gian-piero-gasperini/profil/trainer/3436,https://tmssl.akamaized.net//images/wappen/head/800.png?lm=1780904763,,atalanta-bergamo,Atalanta BC,2022-serie-a,2022,serie-a,Serie A,Italy,€5.28bn,first_tier,5280000000.0,58.3
club,/fc-turin/startseite/verein/416,"{'type': 'competition', 'country_id': '75', 'country_name': 'Italy', 'country_code': 'IT1', 'total_clubs': '20', 'total_players': '536', 'average_age': '26.9', 'foreigner_percentage': '68.7 %', 'average_market_value': None, 'total_value': '€5.28bn', 'competition_type': 'first_tier', 'competition_name': 'Serie A', 'href': '/serie-a/startseite/wettbewerb/IT1', 'seasoned_href': 'https://www.transfermarkt.co.uk/serie-a/startseite/wettbewerb/IT1/plus/0?saison_id=2022'}",,30,26.4,24,80.0 %,10,Olimpico Grande Torino,28177,21840000.0,Ivan Juric,/ivan-juric/profil/trainer/16508,https://tmssl.akamaized.net//images/wappen/head/416.png?lm=1438548174,,fc-turin,Torino FC,2022-serie-a,2022,serie-a,Serie A,Italy,€5.28bn,first_tier,5280000000.0,80.0
club,/ac-florenz/startseite/verein/430,"{'type': 'competition', 'country_id': '75', 'country_name': 'Italy', 'country_code': 'IT1', 'total_clubs': '20', 'total_players': '536', 'average_age': '26.9', 'foreigner_percentage': '68.7 %', 'average_market_value': None, 'total_value': '€5.28bn', 'competition_type': 'first_tier', 'competition_name': 'Serie A', 'href': '/serie-a/startseite/wettbewerb/IT1', 'seasoned_href': 'https://www.transfermarkt.co.uk/serie-a/startseite/wettbewerb/IT1/plus/0?saison_id=2022'}",,27,26.1,11,40.7 %,9,Artemio Franchi,43147,-29210000.0,Vincenzo Italiano,/vincenzo-italiano/profil/trainer/47288,https://tmssl.akamaized.net//images/wappen/head/430.png?lm=1722844765,,ac-florenz,ACF Fiorentina,2022-serie-a,2022,serie-a,Serie A,Italy,€5.28bn,first_tier,5280000000.0,40.7
club,/fc-bologna/startseite/verein/1025,"{'type': 'competition', 'country_id': '75', 'country_name': 'Italy', 'country_code': 'IT1', 'total_clubs': '20', 'total_players': '536', 'average_age': '26.9', 'foreigner_percentage': '68.7 %', 'average_market_value': None, 'total_value': '€5.28bn', 'competition_type': 'first_tier', 'competition_name': 'Serie A', 'href': '/serie-a/startseite/wettbewerb/IT1', 'seasoned_href': 'https://www.transfermarkt.co.uk/serie-a/startseite/wettbewerb/IT1/plus/0?saison_id=2022'}",,27,27.4,17,63.0 %,11,Stadio Renato Dall’Ara,36462,27700000.0,Sinisa Mihajlovic,/sinisa-mihajlovic/profil/trainer/3896,https://tmssl.akamaized.net//images/wappen/head/1025.png?lm=1626441324,,fc-bologna,Bologna FC 1909,2022-serie-a,2022,serie-a,Serie A,Italy,€5.28bn,first_tier,5280000000.0,63.0
club,/udinese-calcio/startseite/verein/410,"{'type': 'competition', 'country_id': '75', 'country_name': 'Italy', 'country_code': 'IT1', 'total_clubs': '20', 'total_players': '536', 'average_age': '26.9', 'foreigner_percentage': '68.7 %', 'average_market_value': None, 'total_value': '€5.28bn', 'competition_type': 'first_tier', 'competition_name': 'Serie A', 'href': '/serie-a/startseite/wettbewerb/IT1', 'seasoned_href': 'https://www.transfermarkt.co.uk/serie-a/startseite/wettbewerb/IT1/plus/0?saison_id=2022'}",,26,26.3,21,80.8 %,8,Bluenergy Stadium,25144,47650000.0,Andrea Sottil,/andrea-sottil/profil/trainer/19718,https://tmssl.akamaized.net//images/wappen/head/410.png?lm=1688982584,,udinese-calcio,Udinese Calcio,2022-serie-a,2022,serie-a,Serie A,Italy,€5.28bn,first_tier,5280000000.0,80.8
club,/fc-empoli/startseite/verein/749,"{'type': 'competition', 'country_id': '75', 'country_name': 'Italy', 'country_code': 'IT1', 'total_clubs': '20', 'total_players': '536', 'average_age': '26.9', 'foreigner_percentage': '68.7 %', 'average_market_value': None, 'total_value': '€5.28bn', 'competition_type': 'first_tier', 'competition_name': 'Serie A', 'href': '/serie-a/startseite/wettbewerb/IT1', 'seasoned_href': 'https://www.transfermarkt.co.uk/serie-a/startseite/wettbewerb/IT1/plus/0?saison_id=2022'}",,33,24.7,9,27.3 %,1,Carlo Castellani,19847,23330000.0,Paolo Zanetti,/paolo-zanetti/profil/trainer/52249,https://tmssl.akamaized.net//images/wappen/head/749.png?lm=1626441481,,fc-empoli,FC Empoli,2022-serie-a,2022,serie-a,Serie A,Italy,€5.28bn,first_tier,5280000000.0,27.3
club,/us-lecce/startseite/verein/1005,"{'type': 'competition', 'country_id': '75', 'country_name': 'Italy', 'country_code': 'IT1', 'total_clubs': '20', 'total_players': '536', 'average_age': '26.9', 'foreigner_percentage': '68.7 %', 'average_market_value': None, 'total_value': '€5.28bn', 'competition_type': 'first_tier', 'competition_name': 'Serie A', 'href': '/serie-a/startseite/wettbewerb/IT1', 'seasoned_href': 'https://www.transfermarkt.co.uk/serie-a/startseite/wettbewerb/IT1/plus/0?saison_id=2022'}",,27,25.3,23,85.2 %,13,Ettore Giardiniero,31559,8620000.0,Marco Baroni,/marco-baroni/profil/trainer/12015,https://tmssl.akamaized.net//images/wappen/head/1005.png?lm=1689169528,,us-lecce,US Lecce,2022-serie-a,2022,serie-a,Serie A,Italy,€5.28bn,first_tier,5280000000.0,85.2
club,/spezia-calcio/startseite/verein/3522,"{'type': 'competition', 'country_id': '75', 'country_name': 'Italy', 'country_code': 'IT1', 'total_clubs': '20', 'total_players': '536', 'average_age': '26.9', 'foreigner_percentage': '68.7 %', 'average_market_value': None, 'total_value': '€5.28bn', 'competition_type': 'first_tier', 'competition_name': 'Serie A', 'href': '/serie-a/startseite/wettbewerb/IT1', 'seasoned_href': 'https://www.transfermarkt.co.uk/serie-a/startseite/wettbewerb/IT1/plus/0?saison_id=2022'}",,28,26.8,11,39.3 %,1,Alberto Picco,12273,5630000.0,Luca Gotti,/luca-gotti/profil/trainer/7521,https://tmssl.akamaized.net//images/wappen/head/3522.png?lm=1751366796,,spezia-calcio,Spezia Calcio,2022-serie-a,2022,serie-a,Serie A,Italy,€5.28bn,first_tier,5280000000.0,39.3
club,/hellas-verona/startseite/verein/276,"{'type': 'competition', 'country_id': '75', 'country_name': 'Italy', 'country_code': 'IT1', 'total_clubs': '20', 'total_players': '536', 'average_age': '26.9', 'foreigner_percentage': '68.7 %', 'average_market_value': None, 'total_value': '€5.28bn', 'competition_type': 'first_tier', 'competition_name': 'Serie A', 'href': '/serie-a/startseite/wettbewerb/IT1', 'seasoned_href': 'https://www.transfermarkt.co.uk/serie-a/startseite/wettbewerb/IT1/plus/0?saison_id=2022'}",,30,26.0,26,86.7 %,9,Marcantonio Bentegodi,39211,7300000.0,Gabriele Cioffi,/gabriele-cioffi/profil/trainer/31903,https://tmssl.akamaized.net//images/wappen/head/276.png?lm=1617228746,,hellas-verona,Hellas Verona,2022-serie-a,2022,serie-a,Serie A,Italy,€5.28bn,first_tier,5280000000.0,86.7
club,/ac-monza/startseite/verein/2919,"{'type': 'competition', 'country_id': '75', 'country_name': 'Italy', 'country_code': 'IT1', 'total_clubs': '20', 'total_players': '536', 'average_age': '26.9', 'foreigner_percentage': '68.7 %', 'average_market_value': None, 'total_value': '€5.28bn', 'competition_type': 'first_tier', 'competition_name': 'Serie A', 'href': '/serie-a/startseite/wettbewerb/IT1', 'seasoned_href': 'https://www.transfermarkt.co.uk/serie-a/startseite/wettbewerb/IT1/plus/0?saison_id=2022'}",,28,27.0,12,42.9 %,2,Brianteo,17102,9900000.0,Giovanni Stroppa,/giovanni-stroppa/profil/trainer/16452,https://tmssl.akamaized.net//images/wappen/head/2919.png?lm=1562072734,,ac-monza,AC Monza,2022-serie-a,2022,serie-a,Serie A,Italy,€5.28bn,first_tier,5280000000.0,42.9
club,/us-cremonese/startseite/verein/2239,"{'type': 'competition', 'country_id': '75', 'country_name': 'Italy', 'country_code': 'IT1', 'total_clubs': '20', 'total_players': '536', 'average_age': '26.9', 'foreigner_percentage': '68.7 %', 'average_market_value': None, 'total_value': '€5.28bn', 'competition_type': 'first_tier', 'competition_name': 'Serie A', 'href': '/serie-a/startseite/wettbewerb/IT1', 'seasoned_href': 'https://www.transfermarkt.co.uk/serie-a/startseite/wettbewerb/IT1/plus/0?saison_id=2022'}",,27,28.7,12,44.4 %,3,Giovanni Zini,16003,-17750000.0,Giovanni Persico,/giovanni-persico/profil/trainer/154994,https://tmssl.akamaized.net//images/wappen/head/2239.png?lm=1501770762,,us-cremonese,US Cremonese,2022-serie-a,2022,serie-a,Serie A,Italy,€5.28bn,first_tier,5280000000.0,44.4
club,/us-salernitana-1919/startseite/verein/380,"{'type': 'competition', 'country_id': '75', 'country_name': 'Italy', 'country_code': 'IT1', 'total_clubs': '20', 'total_players': '536', 'average_age': '26.9', 'foreigner_percentage': '68.7 %', 'average_market_value': None, 'total_value': '€5.28bn', 'competition_type': 'first_tier', 'competition_name': 'Serie A', 'href': '/serie-a/startseite/wettbewerb/IT1', 'seasoned_href': 'https://www.transfermarkt.co.uk/serie-a/startseite/wettbewerb/IT1/plus/0?saison_id=2022'}",,26,27.1,7,26.9 %,0,Arechi,29739,2140000.0,Davide Nicola,/davide-nicola/profil/trainer/14892,https://tmssl.akamaized.net//images/wappen/head/380.png?lm=1601390035,,us-salernitana-1919,US Salernitana 1919,2022-serie-a,2022,serie-a,Serie A,Italy,€5.28bn,first_tier,5280000000.0,26.9
club,/sampdoria-genua/startseite/verein/1038,"{'type': 'competition', 'country_id': '75', 'country_name': 'Italy', 'country_code': 'IT1', 'total_clubs': '20', 'total_players': '536', 'average_age': '26.9', 'foreigner_percentage': '68.7 %', 'average_market_value': None, 'total_value': '€5.28bn', 'competition_type': 'first_tier', 'competition_name': 'Serie A', 'href': '/serie-a/startseite/wettbewerb/IT1', 'seasoned_href': 'https://www.transfermarkt.co.uk/serie-a/startseite/wettbewerb/IT1/plus/0?saison_id=2022'}",,30,27.2,8,26.7 %,3,Luigi Ferraris,33205,-11730000.0,Marco Giampaolo,/marco-giampaolo/profil/trainer/3257,https://tmssl.akamaized.net//images/wappen/head/1038.png?lm=1520934353,,sampdoria-genua,UC Sampdoria,2022-serie-a,2022,serie-a,Serie A,Italy,€5.28bn,first_tier,5280000000.0,26.7
